,,,,,,,,,,1,2,3,4,5,6,7,8,9,10,11,12,13,14,15,16,17,18,19,20,1,2,,
,,,,,,,,,,1,,5,,2,3,4,6,7,8,9,10,11,12,13,14,15,16,17,18,1,2,,
,,,,,,,,,,,,,,,,,,,,,,,,,,,,,,,,,
,,,,,,,,,,Ａ　人口・世帯    A. Population and Households,,,,,,,,,,,,,,,,,,,,,,,
,,,,,,,,,,1,2,3,4,5,6,7,8,9,10,11,12,13,14,15,16,17,18,19,20,21,22,,
,,,,,,,,市区町村,Municipalities,総人口,日本人人口,外国人人口,住民基本台帳人口（総数）,"15歳未満人口","15～64歳人口","65歳以上人口","人口集中地区人口",出生数,死亡数,"転入者数","転出数",昼間人口,総世帯数,一般世帯数,"核家族世帯数",単独世帯数,"65歳以上の世帯員のいる核家族世帯",夫65歳以上、妻60歳以上の夫婦のみの世帯数,65歳以上世帯員の単独世帯数,婚姻件数,離婚件数,"市区町村ｺｰﾄﾞ",
,,,,,,,,,,Total population (Both sexes),Japanese population (Both sexes),Foreigners (Total),Basic resident register population (Total),Total population (under 15),Total population (15-64),Total population (65 and over),Densely inhabited districts population,Number of live births,Number of deaths,Number of in-migrants from other municipalities,Number of out-migrants to other municipalities,Daytime population,Number of households (Total),Number of private households,Nuclear families,One-person households,Number of nuclear families with household members 65 years of age and over,Number of households consisting only of married couples with a husband 65 years old and over and a wife 60 years old and over,Number of single-person households with members aged 65 years old and over,Marriages,Divorces,,
,,,,,,,,,,A1101,A1102,A1700,A2301,A1301,A1302,A1303,A1801,A4101,A4200,A5103,A5104,A6107,A7101,A710101,A810102,A810105,A811102,A8201,A8301,A9101,A9201,,
,,,,,,,,,,人:person,人:person,人:person,人:person,人:person,人:person,人:person,人:person,人:person,人:person,人:person,人:person,人:person,世帯:households,世帯:households,世帯:households,世帯:households,世帯:households,世帯:households,世帯:households,組:pairs,組:pairs,,
,,,,,,,,,,2020,2020,2020,2023,2020,2020,2020,2020,2022,2022,2023,2023,2020,2020,2020,2020,2020,2020,2020,2020,2022,2022,,
301  ,01000       ,A           ,  ,,1,,01   ,北海道　　　,Hokkaido,"5,224,614","5,151,366","34,321","5,093,983","555,804","2,945,727","1,664,023","3,973,007","26,407","74,437","230,989","236,227","5,223,042","2,476,846","2,469,063","1,324,406","999,825","588,521","345,741","361,735","18,665","8,398",01   ,
301  ,01100       ,A           ,  ,,2,,01100,札幌市　　　　,Sapporo-shi,"1,973,395","1,933,094","12,634","1,956,928","215,366","1,185,724","541,242","1,916,037","11,172","23,561","115,070","106,137","1,974,164","969,161","967,372","496,691","422,160","195,527","110,890","121,789","8,292","3,455",01100,
301  ,01101       ,A           ,  ,,3,,01101,  中央区　　　　,  Chuo-ku,"248,680","238,156","2,413","245,023","23,868","157,719","57,544","246,573","1,447","2,622","20,291","18,290","396,646","141,429","141,223","54,941","80,425","18,739","11,059","16,447","1,388",454,01101,
301  ,01102       ,A           ,  ,,4,,01102,  北区　　　　　,  Kita-ku,"289,323","282,182","2,770","284,605","33,524","174,146","77,275","280,178","1,555","3,300","14,524","14,154","275,317","139,675","139,449","71,323","60,279","28,117","15,765","16,690",996,464,01102,
301  ,01103       ,A           ,  ,,5,,01103,  東区　　　　　,  Higashi-ku,"265,379","257,346","1,655","260,377","29,912","160,813","68,282","255,174","1,573","3,038","14,167","13,619","251,666","131,188","130,904","65,521","59,006","24,631","13,364","16,049","1,168",473,01103,
301  ,01104       ,A           ,  ,,6,,01104,  白石区　　　　,  Shiroishi-ku,"211,835","210,298","1,094","213,286","22,500","135,635","53,160","208,075","1,405","2,463","13,985","12,529","205,691","108,233","108,077","51,127","50,965","18,266","9,749","13,696","1,188",447,01104,
301  ,01105       ,A           ,  ,,7,,01105,  豊平区　　　　,  Toyohira-ku,"225,298","222,023","1,435","226,589","23,432","142,582","57,056","224,027","1,459","2,592","17,091","14,747","194,625","118,650","118,472","55,002","58,441","20,120","11,223","14,735","1,303",449,01105,
301  ,01106       ,A           ,  ,,8,,01106,  南区　　　　　,  Minami-ku,"135,777","133,106",580,"134,070","13,291","72,469","47,992","116,193",605,"2,014","7,344","6,656","121,482","62,134","61,919","36,367","22,322","17,713","10,457","9,644",339,204,01106,
301  ,01107       ,A           ,  ,,9,,01107,  西区　　　　　,  Nishi-ku,"217,040","213,606",975,"218,448","24,626","129,043","59,960","214,749","1,366","2,678","11,975","10,858","192,358","103,849","103,655","56,876","41,307","21,965","12,441","13,435",977,376,01107,
301  ,01108       ,A           ,  ,,10,,01108,  厚別区　　　　,  Atsubetsu-ku,"125,083","124,408",670,"123,851","12,724","71,427","40,922","123,339",554,"1,594","6,055","5,768","115,443","57,289","57,190","35,395","19,111","15,662","9,271","8,480",381,190,01108,
301  ,01109       ,A           ,  ,,11,,01109,  手稲区　　　　,  Teine-ku,"142,625","140,885",467,"140,432","17,217","78,885","44,986","138,048",707,"1,963","5,580","5,261","123,558","61,080","60,959","38,892","18,678","17,100","9,728","7,424",350,210,01109,
301  ,01110       ,A           ,  ,,12,,01110,  清田区　　　　,  Kiyota-ku,"112,355","111,084",575,"110,247","14,272","63,005","34,065","109,681",501,"1,297","4,058","4,255","97,378","45,634","45,524","31,247","11,626","13,214","7,833","5,189",202,188,01110,
301  ,01202       ,A           ,  ,,13,,01202,函館市　　　　,Hakodate-shi,"251,084","248,208",989,"240,218","23,560","134,953","89,257","216,044","1,080","4,335","7,588","8,420","257,568","121,793","121,455","62,606","50,901","30,158","16,719","22,337",823,378,01202,
301  ,01203       ,A           ,  ,,14,,01203,小樽市　　　　,Otaru-shi,"111,299","109,971",552,"106,507","9,169","55,643","45,426","92,939",384,"2,044","2,902","3,274","114,479","52,817","52,615","28,930","20,657","15,757","8,822","11,095",263,135,01203,
301  ,01204       ,A           ,  ,,15,,01204,旭川市　　　　,Asahikawa-shi,"329,306","325,287","1,082","320,436","34,691","178,060","112,411","306,545","1,612","5,071","9,584","9,835","331,123","156,195","155,625","86,206","61,540","39,798","24,072","24,821","1,203",532,01204,
301  ,01205       ,A           ,  ,,16,,01205,室蘭市　　　　,Muroran-shi,"82,383","81,658",380,"76,519","7,769","43,398","30,330","68,514",388,"1,453","2,655","3,296","90,235","41,766","41,660","20,845","18,890","10,730","6,481","7,410",278,122,01205,
301  ,01206       ,A           ,  ,,17,,01206,釧路市　　　　,Kushiro-shi,"165,077","163,026",815,"157,519","16,634","90,595","56,355","148,153",705,"2,520","5,051","6,368","166,088","80,349","80,095","42,053","33,385","19,578","11,513","13,290",588,302,01206,
301  ,01207       ,A           ,  ,,18,,01207,帯広市　　　　,Obihiro-shi,"166,536","165,759",717,"162,460","19,073","96,804","49,000","151,326",984,"2,251","6,997","7,432","173,640","80,175","79,933","42,007","33,848","17,351","10,492","11,065",759,289,01207,
301  ,01208       ,A           ,  ,,19,,01208,北見市　　　　,Kitami-shi,"115,480","114,601",402,"111,740","12,014","63,217","38,841","77,537",546,"1,733","3,741","3,865","115,363","55,188","55,024","29,872","21,801","13,824","8,404","7,846",348,209,01208,
301  ,01209       ,A           ,  ,,20,,01209,夕張市　　　　,Yubari-shi,"7,334","7,247",87,"6,411",411,"3,093","3,828",...,14,175,171,320,"7,684","3,807","3,790","1,811","1,766","1,216",735,"1,095",13,8,01209,
301  ,01210       ,A           ,  ,,21,,01210,岩見沢市　　　,Iwamizawa-shi,"79,306","79,031",196,"75,522","7,859","42,391","28,880","47,022",285,"1,261","2,380","2,613","77,508","35,584","35,476","20,315","12,581","10,037","5,774","6,056",212,94,01210,
301  ,01211       ,A           ,  ,,22,,01211,網走市　　　　,Abashiri-shi,"35,759","35,429",321,"32,846","3,731","20,405","11,259","23,129",181,500,"1,511","1,864","36,370","17,253","17,193","8,505","7,618","3,977","2,386","2,383",126,53,01211,
301  ,01212       ,A           ,  ,,23,,01212,留萌市　　　　,Rumoi-shi,"20,114","19,940",134,"18,695","1,711","9,981","7,425","14,870",76,339,841,"1,115","20,502","9,816","9,784","4,915","4,121","2,540","1,559","1,708",82,18,01212,
301  ,01213       ,A           ,  ,,24,,01213,苫小牧市　　　,Tomakomai-shi,"170,113","168,873",722,"166,846","20,426","96,847","50,022","142,122",946,"2,147","5,562","6,031","170,056","80,130","79,962","44,385","31,627","18,268","11,128","11,075",738,315,01213,
301  ,01214       ,A           ,  ,,25,,01214,稚内市　　　　,Wakkanai-shi,"33,563","33,083",435,"30,946","3,484","18,920","11,025","26,159",156,476,"1,212","1,616","33,638","16,060","15,944","8,397","6,492","4,004","2,303","2,454",118,57,01214,
301  ,01215       ,A           ,  ,,26,,01215,美唄市　　　　,Bibai-shi,"20,413","20,343",44,"18,976","1,539","10,169","8,642","9,671",60,419,501,664,"20,168","9,434","9,359","5,004","3,617","2,842","1,665","2,122",51,30,01215,
301  ,01216       ,A           ,  ,,27,,01216,芦別市　　　　,Ashibetsu-shi,"12,555","12,536",17,"11,571",845,"5,705","5,995","5,364",34,338,301,426,"12,296","6,055","6,021","3,377","2,241","2,047","1,258","1,439",32,10,01216,
301  ,01217       ,A           ,  ,,28,,01217,江別市　　　　,Ebetsu-shi,"121,056","119,589",635,"118,686","13,400","69,555","36,783","110,103",616,"1,504","4,569","4,258","109,357","53,977","53,869","32,535","18,549","14,241","8,373","6,686",268,174,01217,
301  ,01218       ,A           ,  ,,29,,01218,赤平市　　　　,Akabira-shi,"9,698","9,631",67,"8,741",603,"4,280","4,669",...,27,296,231,290,"10,132","4,494","4,463","2,307","1,831","1,420",860,"1,131",21,7,01218,
301  ,01219       ,A           ,  ,,30,,01219,紋別市　　　　,Mombetsu-shi,"21,215","20,674",529,"20,260","1,971","11,515","7,697","14,294",82,298,724,"1,078","21,344","11,214","11,192","5,502","5,326","2,657","1,722","2,209",73,22,01219,
301  ,01220       ,A           ,  ,,31,,01220,士別市　　　　,Shibetsu-shi,"17,858","17,756",76,"16,869","1,652","8,803","7,350","10,468",57,301,400,734,"17,838","8,184","8,157","4,660","2,849","2,510","1,638","1,467",38,24,01220,
301  ,01221       ,A           ,  ,,32,,01221,名寄市　　　　,Nayoro-shi,"27,282","27,014",50,"25,376","3,018","15,232","8,747","17,889",161,372,"1,094","1,566","27,317","12,810","12,725","6,650","5,303","3,076","1,917","1,822",131,45,01221,
301  ,01222       ,A           ,  ,,33,,01222,三笠市　　　　,Mikasa-shi,"8,040","8,025",15,"7,465",655,"3,566","3,819",...,31,199,226,328,"8,173","3,816","3,799","1,994","1,583","1,185",648,"1,037",18,10,01222,
301  ,01223       ,A           ,  ,,34,,01223,根室市　　　　,Nemuro-shi,"24,636","24,249",306,"23,006","2,396","13,370","8,648","14,007",109,443,697,"1,062","24,759","11,153","11,133","5,841","4,201","2,969","1,634","1,757",73,35,01223,
301  ,01224       ,A           ,  ,,35,,01224,千歳市　　　　,Chitose-shi,"97,950","97,223",704,"97,999","13,012","62,066","22,690","84,325",678,952,"6,049","5,755","101,842","43,809","43,635","24,584","17,068","8,652","4,970","4,583",469,189,01224,
301  ,01225       ,A           ,  ,,36,,01225,滝川市　　　　,Takikawa-shi,"39,490","39,013",109,"37,309","3,995","21,161","13,821","28,615",172,683,"1,596","1,915","38,626","18,688","18,636","10,324","7,369","4,799","2,961","3,114",152,66,01225,
301  ,01226       ,A           ,  ,,37,,01226,砂川市　　　　,Sunagawa-shi,"16,486","16,450",29,"15,520","1,388","8,138","6,404","5,033",82,286,545,657,"17,083","7,599","7,572","4,268","2,705","2,249","1,359","1,311",51,18,01226,
301  ,01227       ,A           ,  ,,38,,01227,歌志内市　　　,Utashinai-shi,"2,989","2,979",10,"2,668",142,"1,252","1,592",...,4,91,80,152,"2,666","1,424","1,417",727,608,485,282,376,6,5,01227,
301  ,01228       ,A           ,  ,,39,,01228,深川市　　　　,Fukagawa-shi,"20,039","19,927",110,"18,764","1,634","9,802","8,544","9,591",69,359,595,697,"20,252","9,198","9,161","5,028","3,438","2,817","1,814","1,574",40,25,01228,
301  ,01229       ,A           ,  ,,40,,01229,富良野市　　　,Furano-shi,"21,131","20,825",224,"19,949","2,211","11,512","7,255","13,246",102,302,795,"1,027","21,813","9,538","9,502","5,109","3,630","2,388","1,480","1,306",75,33,01229,
301  ,01230       ,A           ,  ,,41,,01230,登別市　　　　,Noboribetsu-shi,"46,391","46,118",167,"44,451","4,775","24,170","17,287","34,190",191,734,"1,478","1,740","39,948","20,928","20,885","12,520","7,123","6,319","3,906","3,433",131,75,01230,
301  ,01231       ,A           ,  ,,42,,01231,恵庭市　　　　,Eniwa-shi,"70,331","69,840",438,"70,354","8,701","41,413","19,673","64,284",424,787,"3,449","2,900","65,391","30,276","30,172","18,394","9,980","7,456","4,260","3,359",226,93,01231,
301  ,01233       ,A           ,  ,,43,,01233,伊達市　　　　,Date-shi,"32,826","32,644",180,"31,822","3,355","16,832","12,601","20,922",133,566,"1,016","1,186","31,165","14,844","14,746","8,567","5,327","4,369","2,731","2,569",101,54,01233,
301  ,01234       ,A           ,  ,,44,,01234,北広島市　　　,Kitahiroshima-shi,"58,171","57,695",369,"56,903","6,395","32,140","19,380","50,263",235,758,"2,229","2,164","59,352","24,640","24,548","16,375","6,964","7,560","4,608","3,198",120,84,01234,
301  ,01235       ,A           ,  ,,45,,01235,石狩市　　　　,Ishikari-shi,"56,869","56,418",451,"57,645","6,821","30,645","19,402","44,733",282,783,"2,045","1,850","61,820","23,102","23,038","15,376","5,868","7,379","4,217","3,010",118,103,01235,
301  ,01236       ,A           ,  ,,46,,01236,北斗市　　　　,Hokuto-shi,"44,302","44,002",300,"43,660","5,444","25,434","13,332","28,056",190,665,"1,341","1,642","39,973","18,337","18,261","11,338","5,276","4,726","2,534","2,499",135,92,01236,
301  ,01303       ,A           ,  ,,47,,01303,当別町　　　　,Tobetsu-cho,"15,916","15,739",119,"15,286","1,178","8,983","5,553","5,436",58,259,761,655,"16,052","7,281","7,268","4,138","2,601","2,113","1,230",898,33,17,01303,
301  ,01304       ,A           ,  ,,48,,01304,新篠津村　　　,Shinshinotsu-mura,"3,044","3,035",8,"2,808",300,"1,591","1,142",...,15,67,104,93,"3,385","1,051","1,038",566,286,320,193,139,8,0,01304,
301  ,01331       ,A           ,  ,,49,,01331,松前町　　　　,Matsumae-cho,"6,260","6,218",42,"6,030",377,"2,611","3,266",...,15,153,175,227,"6,089","3,196","3,186","1,590","1,351","1,083",691,848,8,4,01331,
301  ,01332       ,A           ,  ,,50,,01332,福島町　　　　,Fukushima-cho,"3,794","3,758",36,"3,467",228,"1,711","1,851",...,12,102,95,124,"3,643","1,861","1,858",984,705,655,385,427,8,1,01332,
301  ,01333       ,A           ,  ,,51,,01333,知内町　　　　,Shiriuchi-cho,"4,167","4,104",63,"3,898",357,"2,160","1,649",...,16,86,123,145,"4,190","1,868","1,859",984,686,579,338,316,9,3,01333,
301  ,01334       ,A           ,  ,,52,,01334,木古内町　　　,Kikonai-cho,"3,832","3,807",24,"3,644",232,"1,678","1,908",...,10,82,131,121,"3,777","1,871","1,865",967,734,637,381,465,8,3,01334,
301  ,01337       ,A           ,  ,,53,,01337,七飯町　　　　,Nanae-cho,"27,686","27,574",112,"27,544","3,215","14,743","9,719","12,644",145,464,890,"1,022","24,489","11,568","11,518","7,243","3,337","3,403","1,924","1,731",70,47,01337,
301  ,01343       ,A           ,  ,,54,,01343,鹿部町　　　　,Shikabe-cho,"3,760","3,646",114,"3,570",342,"1,901","1,517",...,17,84,99,156,"3,713","1,619","1,613",887,537,528,342,248,9,7,01343,
301  ,01345       ,A           ,  ,,55,,01345,森町　　　　　,Mori-machi,"14,338","14,000",313,"13,865","1,364","7,403","5,532",...,39,260,378,533,"14,351","6,330","6,310","3,293","2,278","1,790",974,"1,115",30,11,01345,
301  ,01346       ,A           ,  ,,56,,01346,八雲町　　　　,Yakumo-cho,"15,826","15,526",225,"14,779","1,591","8,504","5,534","6,799",83,259,665,802,"16,060","7,519","7,380","3,680","3,084","1,856","1,030","1,215",43,28,01346,
301  ,01347       ,A           ,  ,,57,,01347,長万部町　　　,Oshamambe-cho,"5,109","4,932",177,"4,817",415,"2,507","2,088",...,20,100,195,202,"5,260","2,717","2,543","1,228","1,176",725,435,535,23,5,01347,
301  ,01361       ,A           ,  ,,58,,01361,江差町　　　　,Esashi-cho,"7,428","7,406",19,"6,820",589,"3,950","2,846",...,22,112,357,403,"7,955","3,542","3,502","1,732","1,568",932,578,653,18,10,01361,
301  ,01362       ,A           ,  ,,59,,01362,上ノ国町　　　,Kaminokuni-cho,"4,306","4,255",50,"4,254",388,"2,047","1,868",...,10,92,113,133,"3,954","2,053","2,050","1,081",782,617,373,479,7,10,01362,
301  ,01363       ,A           ,  ,,60,,01363,厚沢部町　　　,Assabu-cho,"3,592","3,562",30,"3,405",339,"1,713","1,540",...,12,77,117,143,"3,709","1,654","1,646",947,560,551,329,277,5,7,01363,
301  ,01364       ,A           ,  ,,61,,01364,乙部町　　　　,Otobe-cho,"3,403","3,386",17,"3,249",284,"1,567","1,552",...,14,77,94,111,"3,018","1,597","1,593",902,561,544,358,381,7,5,01364,
301  ,01367       ,A           ,  ,,62,,01367,奥尻町　　　　,Okushiri-cho,"2,410","2,402",8,"2,269",163,"1,250",997,...,4,37,138,193,"2,430","1,215","1,203",559,566,332,222,263,4,5,01367,
301  ,01370       ,A           ,  ,,63,,01370,今金町　　　　,Imakane-cho,"5,072","5,068",4,"4,623",468,"2,515","2,089",...,20,99,119,193,"5,092","2,192","2,179","1,187",771,657,414,400,12,8,01370,
301  ,01371       ,A           ,  ,,64,,01371,せたな町　　　,Setana-cho,"7,398","7,368",30,"6,948",587,"3,323","3,482",...,22,169,209,266,"7,362","3,534","3,517","1,893","1,361","1,128",727,772,10,6,01371,
301  ,01391       ,A           ,  ,,65,,01391,島牧村　　　　,Shimamaki-mura,"1,356","1,354",2,"1,286",112,680,564,...,4,27,27,42,"1,288",617,612,310,253,175,100,146,5,3,01391,
301  ,01392       ,A           ,  ,,66,,01392,寿都町　　　　,Suttsu-cho,"2,838","2,784",54,"2,694",258,"1,411","1,167",...,13,44,107,125,"2,930","1,340","1,333",637,622,348,217,297,8,1,01392,
301  ,01393       ,A           ,  ,,67,,01393,黒松内町　　　,Kuromatsunai-cho,"2,791","2,775",16,"2,573",304,"1,385","1,102",...,8,62,127,122,"2,842","1,298","1,287",582,645,304,202,268,8,1,01393,
301  ,01394       ,A           ,  ,,68,,01394,蘭越町　　　　,Rankoshi-cho,"4,568","4,530",38,"4,496",453,"2,285","1,828",...,18,89,235,189,"4,372","2,081","2,074","1,192",748,652,411,334,13,6,01394,
301  ,01395       ,A           ,  ,,69,,01395,ニセコ町　　　,Niseko-cho,"5,074","4,799",246,"5,481",619,"2,797","1,307",...,31,61,387,411,"5,198","2,515","2,511","1,176","1,146",466,266,281,28,9,01395,
301  ,01396       ,A           ,  ,,70,,01396,真狩村　　　　,Makkari-mura,"2,045","2,008",37,"1,952",242,"1,098",705,...,11,29,108,116,"2,098",903,900,462,347,230,142,130,6,3,01396,
301  ,01397       ,A           ,  ,,71,,01397,留寿都村　　　,Rusutsu-mura,"1,911","1,798",113,"2,036",234,"1,184",493,...,7,24,142,160,"2,262",959,956,398,496,161,98,87,9,0,01397,
301  ,01398       ,A           ,  ,,72,,01398,喜茂別町　　　,Kimobetsu-cho,"2,156","2,093",63,"1,957",177,"1,044",805,...,9,49,108,127,"2,120","1,130","1,118",474,580,271,168,160,5,3,01398,
301  ,01399       ,A           ,  ,,73,,01399,京極町　　　　,Kyogoku-cho,"2,941","2,887",53,"2,800",297,"1,446","1,114",...,17,50,139,204,"2,960","1,269","1,265",710,440,352,208,169,3,2,01399,
301  ,01400       ,A           ,  ,,74,,01400,倶知安町　　　,Kutchan-cho,"15,129","14,257",589,"16,505","1,941","9,096","3,731","10,117",96,158,"1,311","1,511","16,164","7,631","7,602","3,549","3,667","1,359",805,813,55,32,01400,
301  ,01401       ,A           ,  ,,75,,01401,共和町　　　　,Kyowa-cho,"5,772","5,763",9,"5,430",650,"3,273","1,826",...,42,97,257,296,"5,401","2,728","2,723","1,382","1,128",654,386,357,24,7,01401,
301  ,01402       ,A           ,  ,,76,,01402,岩内町　　　　,Iwanai-cho,"11,648","11,599",47,"11,094","1,106","6,157","4,364","8,753",54,200,431,507,"10,870","5,750","5,736","3,014","2,366","1,479",883,"1,239",29,13,01402,
301  ,01403       ,A           ,  ,,77,,01403,泊村　　　　　,Tomari-mura,"1,569","1,566",3,"1,464",147,797,625,...,8,36,58,71,"2,507",813,808,339,431,172,94,184,6,2,01403,
301  ,01404       ,A           ,  ,,78,,01404,神恵内村　　　,Kamoenai-mura,870,869,1,757,65,357,448,...,4,19,21,26,839,401,396,181,181,109,68,108,2,0,01404,
301  ,01405       ,A           ,  ,,79,,01405,積丹町　　　　,Shakotan-cho,"1,831","1,827",4,"1,770",148,823,859,...,7,39,56,58,"1,745",883,881,462,340,303,156,221,4,0,01405,
301  ,01406       ,A           ,  ,,80,,01406,古平町　　　　,Furubira-cho,"2,745","2,692",53,"2,656",207,"1,297","1,154",...,3,73,49,60,"2,731","1,282","1,246",636,498,401,209,299,4,1,01406,
301  ,01407       ,A           ,  ,,81,,01407,仁木町　　　　,Niki-cho,"3,180","3,113",67,"3,040",344,"1,554","1,282",...,8,74,151,237,"3,444","1,332","1,310",725,470,415,235,237,1,10,01407,
301  ,01408       ,A           ,  ,,82,,01408,余市町　　　　,Yoichi-cho,"18,000","17,863",125,"17,222","1,667","9,020","7,260","8,100",70,339,679,751,"17,256","8,283","8,235","4,552","3,121","2,458","1,467","1,647",49,19,01408,
301  ,01409       ,A           ,  ,,83,,01409,赤井川村　　　,Akaigawa-mura,"1,165","1,105",60,"1,353",131,673,361,...,2,17,124,126,"1,336",621,614,269,324,126,80,79,6,4,01409,
301  ,01423       ,A           ,  ,,84,,01423,南幌町　　　　,Nanporo-cho,"7,319","7,273",46,"7,785",693,"4,057","2,555",...,34,100,582,289,"6,658","2,980","2,966","1,962",701,942,535,368,12,10,01423,
301  ,01424       ,A           ,  ,,85,,01424,奈井江町　　　,Naie-cho,"5,120","5,091",28,"4,819",439,"2,490","2,189",...,15,123,119,187,"5,406","2,312","2,297","1,292",825,701,452,475,12,7,01424,
301  ,01425       ,A           ,  ,,86,,01425,上砂川町　　　,Kamisunagawa-cho,"2,841","2,824",17,"2,459",182,"1,201","1,458",...,13,84,68,109,"2,615","1,479","1,475",693,691,430,230,477,9,2,01425,
301  ,01427       ,A           ,  ,,87,,01427,由仁町　　　　,Yuni-cho,"4,822","4,798",24,"4,662",401,"2,324","2,044",...,18,105,130,171,"4,897","2,063","2,056","1,140",669,683,385,395,11,2,01427,
301  ,01428       ,A           ,  ,,88,,01428,長沼町　　　　,Naganuma-cho,"10,289","10,239",26,"10,057","1,010","5,280","3,969",...,48,182,367,313,"10,492","4,091","4,070","2,466","1,134","1,297",742,603,27,7,01428,
301  ,01429       ,A           ,  ,,89,,01429,栗山町　　　　,Kuriyama-cho,"11,272","11,233",35,"10,905","1,083","5,528","4,636","6,408",37,187,425,456,"11,125","4,964","4,935","2,806","1,710","1,527",928,921,25,11,01429,
301  ,01430       ,A           ,  ,,90,,01430,月形町　　　　,Tsukigata-cho,"3,691","3,678",13,"2,821",214,"2,064","1,376",...,10,69,179,170,"4,053","1,320","1,293",662,521,386,214,233,7,3,01430,
301  ,01431       ,A           ,  ,,91,,01431,浦臼町　　　　,Urausu-cho,"1,732","1,724",8,"1,605",173,781,777,...,8,31,38,51,"1,784",777,773,433,271,273,174,126,3,1,01431,
301  ,01432       ,A           ,  ,,92,,01432,新十津川町　　,Shintotsukawa-cho,"6,484","6,465",19,"6,312",719,"3,099","2,666",...,24,114,212,189,"6,050","2,543","2,529","1,635",620,869,530,392,8,7,01432,
301  ,01433       ,A           ,  ,,93,,01433,妹背牛町　　　,Moseushi-cho,"2,693","2,650",43,"2,635",217,"1,207","1,269",...,5,50,62,62,"2,750","1,201","1,198",678,381,432,280,224,4,5,01433,
301  ,01434       ,A           ,  ,,94,,01434,秩父別町　　　,Chippubetsu-cho,"2,329","2,326",3,"2,229",229,"1,093",985,...,15,45,45,78,"2,251",982,977,583,300,320,200,173,6,1,01434,
301  ,01436       ,A           ,  ,,95,,01436,雨竜町　　　　,Uryu-cho,"2,389","2,380",9,"2,109",194,"1,186","1,009",...,7,44,53,65,"2,488",926,920,567,263,319,213,158,8,1,01436,
301  ,01437       ,A           ,  ,,96,,01437,北竜町　　　　,Hokuryu-cho,"1,724","1,718",6,"1,637",162,787,775,...,8,31,39,50,"1,782",737,733,420,223,245,162,123,4,3,01437,
301  ,01438       ,A           ,  ,,97,,01438,沼田町　　　　,Numata-cho,"2,909","2,903",6,"2,840",257,"1,412","1,240",...,6,61,91,109,"2,907","1,244","1,239",738,386,420,250,174,3,2,01438,
301  ,01452       ,A           ,  ,,98,,01452,鷹栖町　　　　,Takasu-cho,"6,567","6,564",3,"6,585",804,"3,491","2,272",...,39,90,204,215,"5,799","2,658","2,649","1,824",623,864,528,376,11,9,01452,
301  ,01453       ,A           ,  ,,99,,01453,東神楽町　　　,Higashikagura-cho,"10,127","10,084",43,"9,862","1,545","5,638","2,929",...,49,131,342,319,"8,483","3,840","3,830","2,776",798,"1,002",611,434,23,9,01453,
301  ,01454       ,A           ,  ,,100,,01454,当麻町　　　　,Tohma-cho,"6,319","6,309",10,"6,136",649,"3,011","2,659",...,27,126,220,181,"5,800","2,773","2,756","1,686",910,891,576,542,7,8,01454,
301  ,01455       ,A           ,  ,,101,,01455,比布町　　　　,Pippu-cho,"3,520","3,517",3,"3,471",353,"1,706","1,461",...,19,65,87,77,"3,088","1,570","1,563",937,517,505,311,299,8,4,01455,
301  ,01456       ,A           ,  ,,102,,01456,愛別町　　　　,Aibetsu-cho,"2,605","2,565",40,"2,480",221,"1,178","1,206",...,9,48,51,326,"2,653","1,189","1,185",648,434,400,248,262,4,1,01456,
301  ,01457       ,A           ,  ,,103,,01457,上川町　　　　,Kamikawa-cho,"3,500","3,452",48,"3,150",263,"1,687","1,550",...,5,78,173,193,"3,717","1,913","1,901",838,978,508,344,462,7,2,01457,
301  ,01458       ,A           ,  ,,104,,01458,東川町　　　　,Higashikawa-cho,"8,314","8,048",266,"8,576","1,085","4,469","2,759",...,34,105,374,433,"8,277","3,405","3,391","2,125","1,037",936,596,490,15,12,01458,
301  ,01459       ,A           ,  ,,105,,01459,美瑛町　　　　,Biei-cho,"9,668","9,582",86,"9,432",927,"4,992","3,749",...,34,157,329,342,"9,779","4,213","4,205","2,408","1,370","1,262",743,714,23,9,01459,
301  ,01460       ,A           ,  ,,106,,01460,上富良野町　　,Kamifurano-cho,"10,348","10,266",60,"10,004","1,195","5,741","3,314","5,542",45,126,529,604,"10,106","4,287","4,238","2,583","1,330","1,218",779,565,49,13,01460,
301  ,01461       ,A           ,  ,,107,,01461,中富良野町　　,Nakafurano-cho,"4,733","4,699",34,"4,579",594,"2,406","1,731",...,20,77,129,197,"4,499","1,977","1,972","1,147",606,569,351,305,8,4,01461,
301  ,01462       ,A           ,  ,,108,,01462,南富良野町　　,Minamifurano-cho,"2,376","2,358",18,"2,288",250,"1,355",766,...,12,42,111,144,"2,459","1,075","1,061",547,458,230,166,155,10,1,01462,
301  ,01463       ,A           ,  ,,109,,01463,占冠村　　　　,Shimukappu-mura,"1,306","1,161",145,"1,591",100,847,305,...,4,13,225,251,"1,501",849,849,261,563,113,79,73,3,2,01463,
301  ,01464       ,A           ,  ,,110,,01464,和寒町　　　　,Wassamu-cho,"3,192","3,170",22,"2,903",308,"1,470","1,414",...,13,56,39,81,"3,130","1,429","1,424",817,484,484,321,267,9,1,01464,
301  ,01465       ,A           ,  ,,111,,01465,剣淵町　　　　,Kembuchi-cho,"2,926","2,925",1,"2,811",279,"1,451","1,196",...,12,57,69,110,"2,846","1,227","1,215",714,384,409,257,207,8,5,01465,
301  ,01468       ,A           ,  ,,112,,01468,下川町　　　　,Shimokawa-cho,"3,126","3,100",26,"2,935",316,"1,514","1,257",...,7,67,129,166,"3,231","1,473","1,463",809,566,423,266,268,8,4,01468,
301  ,01469       ,A           ,  ,,113,,01469,美深町　　　　,Bifuka-cho,"4,145","4,110",35,"3,789",369,"2,075","1,699",...,16,72,165,223,"4,248","1,912","1,890","1,027",754,590,370,334,12,2,01469,
301  ,01470       ,A           ,  ,,114,,01470,音威子府村　　,Otoineppu-mura,706,705,1,636,44,432,208,...,3,11,83,102,756,347,344,133,189,73,55,43,3,1,01470,
301  ,01471       ,A           ,  ,,115,,01471,中川町　　　　,Nakagawa-cho,"1,528","1,495",8,"1,304",140,770,593,...,4,28,80,90,"1,583",822,819,378,405,208,151,134,2,5,01471,
301  ,01472       ,A           ,  ,,116,,01472,幌加内町　　　,Horokanai-cho,"1,370","1,368",2,"1,261",120,691,559,...,5,18,50,81,"1,452",667,663,353,279,191,128,126,4,3,01472,
301  ,01481       ,A           ,  ,,117,,01481,増毛町　　　　,Mashike-cho,"3,908","3,828",80,"3,725",323,"1,857","1,728",...,14,85,76,141,"3,653","1,878","1,870","1,003",714,576,331,412,8,12,01481,
301  ,01482       ,A           ,  ,,118,,01482,小平町　　　　,Obira-cho,"2,994","2,927",67,"2,781",265,"1,527","1,201",...,13,64,66,103,"2,912","1,366","1,354",671,553,381,224,252,5,2,01482,
301  ,01483       ,A           ,  ,,119,,01483,苫前町　　　　,Tomamae-cho,"2,936","2,910",26,"2,747",285,"1,463","1,186",...,13,62,89,138,"2,965","1,347","1,336",706,498,380,253,259,8,2,01483,
301  ,01484       ,A           ,  ,,120,,01484,羽幌町　　　　,Haboro-cho,"6,548","6,526",22,"6,135",619,"3,096","2,832",...,26,121,179,306,"6,510","3,143","3,137","1,672","1,239",925,621,671,18,7,01484,
301  ,01485       ,A           ,  ,,121,,01485,初山別村　　　,Shosambetsu-mura,"1,080","1,072",8,"1,046",90,569,421,...,4,15,40,56,"1,070",498,491,260,189,132,101,81,3,4,01485,
301  ,01486       ,A           ,  ,,122,,01486,遠別町　　　　,Embetsu-cho,"2,520","2,460",60,"2,335",248,"1,238","1,034",...,5,59,67,115,"2,509","1,200","1,196",647,472,360,248,220,11,2,01486,
301  ,01487       ,A           ,  ,,123,,01487,天塩町　　　　,Teshio-cho,"2,950","2,912",34,"2,732",300,"1,545","1,097",...,11,44,128,189,"3,052","1,425","1,421",751,573,381,249,220,8,8,01487,
301  ,01511       ,A           ,  ,,124,,01511,猿払村　　　　,Sarufutsu-mura,"2,611","2,450",161,"2,648",366,"1,622",615,...,15,33,103,147,"2,663","1,238","1,236",595,554,212,128,131,10,2,01511,
301  ,01512       ,A           ,  ,,125,,01512,浜頓別町　　　,Hamatombetsu-cho,"3,448","3,367",75,"3,299",312,"1,831","1,293",...,15,52,198,189,"3,557","1,716","1,711",858,748,437,294,265,17,4,01512,
301  ,01513       ,A           ,  ,,126,,01513,中頓別町　　　,Nakatombetsu-cho,"1,637","1,633",4,"1,504",160,822,655,...,9,33,67,110,"1,590",756,745,407,302,201,126,137,5,1,01513,
301  ,01514       ,A           ,  ,,127,,01514,枝幸町　　　　,Esashi-cho,"7,565","7,435",130,"7,300",790,"4,078","2,696",...,41,131,246,306,"7,516","3,515","3,510","1,896","1,314",944,588,591,13,15,01514,
301  ,01516       ,A           ,  ,,128,,01516,豊富町　　　　,Toyotomi-cho,"3,974","3,932",42,"3,583",388,"2,114","1,357",...,25,62,131,199,"3,994","1,951","1,938",931,848,468,284,261,12,5,01516,
301  ,01517       ,A           ,  ,,129,,01517,礼文町　　　　,Rebun-cho,"2,509","2,481",28,"2,253",259,"1,340",910,...,10,35,125,179,"2,564","1,246","1,240",625,537,319,210,231,4,1,01517,
301  ,01518       ,A           ,  ,,130,,01518,利尻町　　　　,Rishiri-cho,"2,004","2,003",1,"1,865",185,"1,010",809,...,8,35,110,107,"2,050","1,037","1,034",526,465,305,188,202,8,2,01518,
301  ,01519       ,A           ,  ,,131,,01519,利尻富士町　　,Rishirifuji-cho,"2,458","2,447",11,"2,194",252,"1,265",941,...,11,49,106,139,"2,438","1,199","1,193",625,505,308,191,250,13,2,01519,
301  ,01520       ,A           ,  ,,132,,01520,幌延町　　　　,Horonobe-cho,"2,371","2,343",28,"2,102",274,"1,416",681,...,15,37,102,184,"2,492","1,225","1,133",514,553,216,144,138,12,4,01520,
301  ,01543       ,A           ,  ,,133,,01543,美幌町　　　　,Bihoro-cho,"18,697","18,609",88,"17,813","1,928","10,043","6,713","12,493",69,308,658,774,"17,725","8,309","8,281","4,780","2,804","2,389","1,431","1,356",53,15,01543,
301  ,01544       ,A           ,  ,,134,,01544,津別町　　　　,Tsubetsu-cho,"4,373","4,363",9,"4,100",365,"1,940","1,978",...,18,83,127,165,"4,765","2,043","2,036","1,126",726,673,448,401,9,6,01544,
301  ,01545       ,A           ,  ,,135,,01545,斜里町　　　　,Shari-cho,"11,418","11,231",187,"10,694","1,337","6,221","3,839",...,68,181,434,545,"11,645","5,349","5,336","2,804","2,109","1,312",821,780,42,13,01545,
301  ,01546       ,A           ,  ,,136,,01546,清里町　　　　,Kiyosato-cho,"3,883","3,879",2,"3,715",453,"1,868","1,484",...,22,62,88,123,"3,771","1,591","1,587",881,490,452,295,246,11,6,01546,
301  ,01547       ,A           ,  ,,137,,01547,小清水町　　　,Koshimizu-cho,"4,623","4,600",23,"4,415",533,"2,312","1,772",...,24,79,147,175,"4,572","1,966","1,961","1,050",658,564,338,313,8,7,01547,
301  ,01549       ,A           ,  ,,138,,01549,訓子府町　　　,Kunneppu-cho,"4,677","4,649",28,"4,533",531,"2,314","1,828",...,20,84,110,164,"4,510","1,873","1,868","1,088",505,607,355,262,10,6,01549,
301  ,01550       ,A           ,  ,,139,,01550,置戸町　　　　,Oketo-cho,"2,775","2,770",5,"2,608",270,"1,261","1,244",...,9,74,80,100,"2,829","1,202","1,197",648,445,371,253,217,11,2,01550,
301  ,01552       ,A           ,  ,,140,,01552,佐呂間町　　　,Saroma-cho,"4,875","4,653",222,"4,688",492,"2,458","1,924",...,24,93,180,194,"4,984","2,266","2,260","1,193",861,642,447,328,9,6,01552,
301  ,01555       ,A           ,  ,,141,,01555,遠軽町　　　　,Engaru-cho,"19,241","19,172",69,"18,068","1,961","9,521","7,230","7,880",102,351,752,930,"19,024","8,813","8,739","4,929","3,196","2,554","1,662","1,496",68,31,01555,
301  ,01559       ,A           ,  ,,142,,01559,湧別町　　　　,Yubetsu-cho,"8,270","8,125",145,"7,983",781,"4,243","3,246",...,36,179,243,276,"8,412","3,692","3,678","1,934","1,337","1,012",641,655,21,13,01559,
301  ,01560       ,A           ,  ,,143,,01560,滝上町　　　　,Takinoue-cho,"2,421","2,396",25,"2,293",202,"1,135","1,084",...,15,56,76,105,"2,397","1,201","1,197",620,513,364,254,235,8,2,01560,
301  ,01561       ,A           ,  ,,144,,01561,興部町　　　　,Okoppe-cho,"3,628","3,543",85,"3,564",450,"1,969","1,209",...,19,64,163,224,"3,801","1,725","1,716",922,671,456,273,262,9,6,01561,
301  ,01562       ,A           ,  ,,145,,01562,西興部村　　　,Nishiokoppe-mura,"1,053","1,025",28,981,104,576,373,...,4,28,59,103,"1,039",499,491,218,251,87,57,78,5,1,01562,
301  ,01563       ,A           ,  ,,146,,01563,雄武町　　　　,Omu-cho,"4,199","3,971",228,"4,093",432,"2,347","1,420",...,17,64,138,202,"4,157","2,052","2,050",967,910,486,279,309,11,11,01563,
301  ,01564       ,A           ,  ,,147,,01564,大空町　　　　,Ozora-cho,"6,775","6,762",13,"6,626",798,"3,470","2,507",...,32,137,195,266,"6,957","2,750","2,738","1,533",834,751,451,429,21,6,01564,
301  ,01571       ,A           ,  ,,148,,01571,豊浦町　　　　,Toyoura-cho,"3,821","3,759",62,"3,558",386,"1,916","1,512",...,13,68,150,190,"3,697","1,774","1,754",866,781,433,268,345,7,2,01571,
301  ,01575       ,A           ,  ,,149,,01575,壮瞥町　　　　,Sobetsu-cho,"2,743","2,717",26,"2,391",227,"1,227","1,237",...,11,54,167,131,"3,105","1,170","1,160",549,524,294,195,203,5,2,01575,
301  ,01578       ,A           ,  ,,150,,01578,白老町　　　　,Shiraoi-cho,"16,212","16,014",189,"15,451","1,104","7,639","7,428",...,31,346,523,560,"16,914","7,688","7,640","4,280","2,912","2,670","1,709","1,643",25,22,01578,
301  ,01581       ,A           ,  ,,151,,01581,厚真町　　　　,Atsuma-cho,"4,432","4,386",46,"4,306",567,"2,236","1,613",...,25,62,149,172,"5,176","1,930","1,924","1,068",661,540,340,253,15,8,01581,
301  ,01584       ,A           ,  ,,152,,01584,洞爺湖町　　　,Toyako-cho,"8,442","8,352",88,"8,068",706,"4,031","3,679",...,29,167,374,370,"8,755","4,030","4,009","2,045","1,713","1,140",726,868,13,8,01584,
301  ,01585       ,A           ,  ,,153,,01585,安平町　　　　,Abira-cho,"7,340","7,267",73,"7,311",754,"3,873","2,712",...,27,120,428,356,"8,073","3,451","3,435","1,829","1,369",923,595,608,20,14,01585,
301  ,01586       ,A           ,  ,,154,,01586,むかわ町　　　,Mukawa-cho,"7,651","7,509",142,"7,323",707,"3,781","3,122",...,32,126,306,390,"7,868","3,647","3,635","1,869","1,486","1,061",659,702,19,10,01586,
301  ,01601       ,A           ,  ,,155,,01601,日高町　　　　,Hidaka-cho,"11,279","11,019",260,"11,107","1,209","6,008","4,062",...,36,174,556,739,"11,206","5,552","5,510","2,780","2,406","1,381",908,927,30,17,01601,
301  ,01602       ,A           ,  ,,156,,01602,平取町　　　　,Biratori-cho,"4,776","4,649",127,"4,539",553,"2,537","1,680",...,19,65,207,252,"4,909","2,288","2,167","1,133",881,543,356,383,15,10,01602,
301  ,01604       ,A           ,  ,,157,,01604,新冠町　　　　,Niikappu-cho,"5,309","5,163",146,"5,137",656,"2,894","1,747",...,20,87,292,291,"5,120","2,443","2,416","1,247",982,565,337,366,13,13,01604,
301  ,01607       ,A           ,  ,,158,,01607,浦河町　　　　,Urakawa-cho,"12,074","11,818",256,"11,453","1,242","6,735","4,097",...,60,188,694,888,"12,416","5,936","5,888","2,887","2,653","1,394",824,940,34,22,01607,
301  ,01608       ,A           ,  ,,159,,01608,様似町　　　　,Samani-cho,"4,043","4,017",26,"3,901",363,"1,970","1,710",...,21,89,127,156,"3,792","1,913","1,909","1,087",677,619,381,374,18,5,01608,
301  ,01609       ,A           ,  ,,160,,01609,えりも町　　　,Erimo-cho,"4,374","4,335",39,"4,178",537,"2,398","1,438",...,20,75,148,229,"4,364","1,822","1,815",969,613,476,264,277,13,7,01609,
301  ,01610       ,A           ,  ,,161,,01610,新ひだか町　　,Shinhidaka-cho,"21,517","21,385",103,"20,591","2,424","11,396","7,608","11,042",118,313,859,"1,119","21,656","10,176","10,119","5,395","4,088","2,591","1,634","1,813",78,37,01610,
301  ,01631       ,A           ,  ,,162,,01631,音更町　　　　,Otofuke-cho,"43,576","43,413",107,"42,971","5,656","24,865","12,907","35,028",223,551,"1,565","1,872","37,310","18,362","18,302","11,424","5,565","4,489","2,682","2,363",151,63,01631,
301  ,01632       ,A           ,  ,,163,,01632,士幌町　　　　,Shihoro-cho,"5,848","5,758",90,"5,829",734,"3,168","1,938",...,36,90,233,223,"6,509","2,524","2,519","1,252",989,594,372,318,24,9,01632,
301  ,01633       ,A           ,  ,,164,,01633,上士幌町　　　,Kamishihoro-cho,"4,778","4,642",136,"4,784",550,"2,537","1,690",...,40,79,279,323,"5,047","2,350","2,343","1,131","1,070",551,337,400,19,8,01633,
301  ,01634       ,A           ,  ,,165,,01634,鹿追町　　　　,Shikaoi-cho,"5,266","5,191",75,"5,061",714,"2,915","1,629",...,33,85,257,302,"5,316","2,255","2,245","1,259",820,544,363,271,12,5,01634,
301  ,01635       ,A           ,  ,,166,,01635,新得町　　　　,Shintoku-cho,"5,817","5,784",33,"5,531",591,"3,027","2,199",...,22,120,290,320,"5,922","2,883","2,867","1,484","1,258",740,483,489,13,9,01635,
301  ,01636       ,A           ,  ,,167,,01636,清水町　　　　,Shimizu-cho,"9,094","8,955",135,"8,907",909,"4,529","3,388",...,41,137,373,377,"9,416","4,166","4,145","2,203","1,609","1,176",763,618,21,12,01636,
301  ,01637       ,A           ,  ,,168,,01637,芽室町　　　　,Memuro-cho,"18,048","17,978",60,"17,955","2,462","10,010","5,535","11,919",100,243,675,591,"18,402","7,257","7,230","4,596","1,963","1,847","1,144",893,61,26,01637,
301  ,01638       ,A           ,  ,,169,,01638,中札内村　　　,Nakasatsunai-mura,"3,884","3,808",76,"3,886",491,"2,275","1,118",...,24,48,197,190,"4,207","1,684","1,674",924,630,362,219,217,11,4,01638,
301  ,01639       ,A           ,  ,,170,,01639,更別村　　　　,Sarabetsu-mura,"3,080","3,072",8,"3,129",405,"1,706",969,...,26,43,120,133,"3,135","1,311","1,306",700,456,284,188,187,10,1,01639,
301  ,01641       ,A           ,  ,,171,,01641,大樹町　　　　,Taiki-cho,"5,420","5,312",108,"5,337",612,"2,825","1,983",...,32,82,245,302,"5,683","2,593","2,587","1,328","1,077",684,445,350,24,7,01641,
301  ,01642       ,A           ,  ,,172,,01642,広尾町　　　　,Hiroo-cho,"6,387","6,336",51,"6,009",609,"3,247","2,517",...,21,118,211,321,"6,309","2,997","2,984","1,641","1,117",878,550,521,19,8,01642,
301  ,01643       ,A           ,  ,,173,,01643,幕別町　　　　,Makubetsu-cho,"25,766","25,623",108,"25,617","3,168","13,900","8,658","15,909",139,432,828,870,"22,033","11,029","10,994","7,086","3,147","3,181","1,984","1,511",61,36,01643,
301  ,01644       ,A           ,  ,,174,,01644,池田町　　　　,Ikeda-cho,"6,294","6,272",22,"6,012",520,"3,029","2,743",...,27,129,209,248,"6,137","2,974","2,958","1,654","1,068",964,595,567,16,5,01644,
301  ,01645       ,A           ,  ,,175,,01645,豊頃町　　　　,Toyokoro-cho,"3,022","2,972",50,"2,937",294,"1,536","1,192",...,19,60,192,213,"3,116","1,355","1,353",755,467,408,273,194,12,3,01645,
301  ,01646       ,A           ,  ,,176,,01646,本別町　　　　,Hombetsu-cho,"6,618","6,576",42,"6,190",579,"3,281","2,756",...,33,145,267,359,"6,771","3,108","3,090","1,674","1,178",947,599,581,11,5,01646,
301  ,01647       ,A           ,  ,,177,,01647,足寄町　　　　,Ashoro-cho,"6,563","6,536",26,"6,172",732,"3,199","2,618",...,28,120,193,290,"6,682","3,097","3,085","1,695","1,193",938,599,530,22,7,01647,
301  ,01648       ,A           ,  ,,178,,01648,陸別町　　　　,Rikubetsu-cho,"2,264","2,223",41,"2,159",224,"1,154",886,...,9,53,95,117,"2,314","1,058","1,045",514,459,279,180,199,8,2,01648,
301  ,01649       ,A           ,  ,,179,,01649,浦幌町　　　　,Urahoro-cho,"4,387","4,353",34,"4,195",425,"2,088","1,865",...,12,81,157,199,"4,482","1,991","1,985","1,089",701,642,421,322,8,5,01649,
301  ,01661       ,A           ,  ,,180,,01661,釧路町　　　　,Kushiro-cho,"19,105","18,911",72,"18,642","2,153","11,091","5,704","10,191",103,233,906,996,"17,772","8,268","8,241","5,055","2,527","2,115","1,210","1,031",62,40,01661,
301  ,01662       ,A           ,  ,,181,,01662,厚岸町　　　　,Akkeshi-cho,"8,892","8,736",156,"8,395",900,"4,809","3,182",...,35,143,249,362,"8,788","4,021","4,012","2,146","1,439","1,112",648,649,25,17,01662,
301  ,01663       ,A           ,  ,,182,,01663,浜中町　　　　,Hamanaka-cho,"5,507","5,423",84,"5,333",633,"3,109","1,759",...,25,73,202,264,"5,596","2,323","2,319","1,185",805,579,304,294,18,8,01663,
301  ,01664       ,A           ,  ,,183,,01664,標茶町　　　　,Shibecha-cho,"7,230","7,135",95,"6,999",861,"3,894","2,475",...,34,119,268,351,"7,299","3,248","3,236","1,755","1,179",851,481,493,15,12,01664,
301  ,01665       ,A           ,  ,,184,,01665,弟子屈町　　　,Teshikaga-cho,"6,955","6,884",48,"6,640",605,"3,405","2,854",...,36,141,343,332,"7,007","3,339","3,324","1,765","1,362",955,608,614,18,6,01665,
301  ,01667       ,A           ,  ,,185,,01667,鶴居村　　　　,Tsurui-mura,"2,558","2,523",35,"2,466",298,"1,339",910,...,14,34,112,103,"2,577","1,109","1,101",634,389,281,184,155,3,6,01667,
301  ,01668       ,A           ,  ,,186,,01668,白糠町　　　　,Shiranuka-cho,"7,289","7,199",90,"7,127",564,"3,660","3,063",...,30,137,203,259,"7,482","3,457","3,452","1,960","1,232","1,149",654,706,16,8,01668,
301  ,01691       ,A           ,  ,,187,,01691,別海町　　　　,Betsukai-cho,"14,380","13,972",395,"14,210","1,849","7,996","3,992",...,87,172,584,653,"15,091","6,092","6,068","3,020","2,233","1,320",760,615,45,31,01691,
301  ,01692       ,A           ,  ,,188,,01692,中標津町　　　,Nakashibetsu-cho,"23,010","22,883",107,"22,440","3,021","13,749","6,151","9,295",140,259,908,"1,084","22,256","10,577","10,560","5,885","3,995","2,245","1,353","1,215",80,47,01692,
301  ,01693       ,A           ,  ,,189,,01693,標津町　　　　,Shibetsu-cho,"5,023","4,946",77,"4,849",637,"2,796","1,571",...,26,77,145,203,"5,169","2,206","2,190","1,212",778,542,321,297,13,10,01693,
301  ,01694       ,A           ,  ,,190,,01694,羅臼町　　　　,Rausu-cho,"4,722","4,680",42,"4,367",516,"2,718","1,484",...,17,78,115,201,"4,750","1,958","1,954",981,629,453,231,203,9,6,01694,
301  ,02000       ,A           ,  ,,191,,02   ,青森県　　　,Aomori-ken,"1,237,984","1,224,334","5,409","1,205,578","129,112","676,167","412,943","587,023","5,985","20,117","30,683","36,339","1,236,753","511,526","509,649","268,760","168,917","130,985","60,995","71,752","3,656","1,664",02   ,
301  ,02201       ,A           ,  ,,192,,02201,青森市　　　　,Aomori-shi,"275,192","271,454",922,"267,520","28,040","150,122","84,787","219,275","1,354","4,112","6,468","7,657","278,910","118,483","118,067","63,211","41,179","28,834","13,609","15,757",908,361,02201,
301  ,02202       ,A           ,  ,,193,,02202,弘前市　　　　,Hirosaki-shi,"168,466","166,298",641,"161,958","17,417","95,115","53,922","115,326",857,"2,699","4,141","4,801","179,790","71,022","70,743","35,083","26,170","16,479","7,405","9,619",483,234,02202,
301  ,02203       ,A           ,  ,,194,,02203,八戸市　　　　,Hachinohe-shi,"223,415","220,832","1,096","218,182","25,636","126,567","69,328","157,255","1,231","3,162","5,722","6,886","233,149","95,671","95,422","53,067","32,229","23,837","11,528","13,085",778,311,02203,
301  ,02204       ,A           ,  ,,195,,02204,黒石市　　　　,Kuroishi-shi,"31,946","31,778",116,"31,003","3,214","17,723","10,943","15,037",142,502,696,865,"29,842","11,661","11,618","6,039","3,092","3,105","1,202","1,649",91,43,02204,
301  ,02205       ,A           ,  ,,196,,02205,五所川原市　　,Goshogawara-shi,"51,415","51,001",97,"50,624","4,852","27,798","18,363","14,552",209,889,"1,227","1,487","52,374","20,908","20,797","11,053","6,460","5,491","2,670","3,359",137,67,02205,
301  ,02206       ,A           ,  ,,197,,02206,十和田市　　　,Towada-shi,"60,378","59,560",310,"58,328","6,398","33,001","20,320","26,838",312,910,"1,597","1,651","60,654","25,540","25,462","13,071","9,009","6,283","3,089","3,324",153,78,02206,
301  ,02207       ,A           ,  ,,198,,02207,三沢市　　　　,Misawa-shi,"39,152","38,211",659,"37,899","4,994","23,094","10,385","21,981",255,485,"1,836","1,850","40,284","17,252","17,164","8,773","6,791","3,338","1,626","2,171",204,65,02207,
301  ,02208       ,A           ,  ,,199,,02208,むつ市　　　　,Mutsu-shi,"54,103","53,212",153,"52,744","5,714","29,283","18,249","16,759",222,900,"1,718","2,138","52,910","24,077","23,996","12,910","8,717","6,240","3,287","3,719",167,88,02208,
301  ,02209       ,A           ,  ,,200,,02209,つがる市　　　,Tsugaru-shi,"30,934","30,849",58,"29,472","2,903","16,001","12,002",...,105,597,569,776,"29,188","10,823","10,764","5,494","2,486","3,100","1,377","1,595",49,33,02209,
301  ,02210       ,A           ,  ,,201,,02210,平川市　　　　,Hirakawa-shi,"30,567","30,515",48,"29,713","3,282","16,504","10,777",...,152,495,563,634,"27,224","10,049","10,015","5,183","1,943","2,800","1,018","1,191",70,36,02210,
301  ,02301       ,A           ,  ,,202,,02301,平内町　　　　,Hiranai-machi,"10,126","10,079",47,"9,948",906,"5,050","4,164",...,39,213,172,224,"9,147","3,796","3,783","2,013","1,006","1,281",592,664,15,6,02301,
301  ,02303       ,A           ,  ,,203,,02303,今別町　　　　,Imabetsu-machi,"2,334","2,331",3,"2,193",105,939,"1,290",...,4,77,30,80,"2,311","1,127","1,124",595,416,452,264,272,4,4,02303,
301  ,02304       ,A           ,  ,,204,,02304,蓬田村　　　　,Yomogita-mura,"2,540","2,538",2,"2,495",247,"1,216","1,077",...,7,56,37,80,"2,278",899,893,491,197,331,143,138,3,3,02304,
301  ,02307       ,A           ,  ,,205,,02307,外ヶ浜町　　　,Sotogahama-machi,"5,401","5,365",36,"5,152",285,"2,362","2,750",...,8,135,97,157,"5,322","2,358","2,338","1,234",799,916,472,556,10,3,02307,
301  ,02321       ,A           ,  ,,206,,02321,鰺ヶ沢町　　　,Ajigasawa-machi,"9,044","9,022",14,"8,758",701,"4,299","4,034",...,28,226,186,215,"8,602","3,643","3,626","1,883","1,088","1,222",557,700,13,9,02321,
301  ,02323       ,A           ,  ,,207,,02323,深浦町　　　　,Fukaura-machi,"7,346","7,324",22,"7,038",481,"3,139","3,726",...,13,206,87,164,"7,094","3,047","3,030","1,549",960,"1,145",597,673,14,3,02323,
301  ,02343       ,A           ,  ,,208,,02343,西目屋村　　　,Nishimeya-mura,"1,265","1,265",0,"1,242",151,613,501,...,7,33,36,31,"1,076",437,435,232,96,142,56,53,3,4,02343,
301  ,02361       ,A           ,  ,,209,,02361,藤崎町　　　　,Fujisaki-machi,"14,573","14,544",27,"14,422","1,679","8,090","4,797",...,97,240,363,374,"11,922","4,965","4,938","2,743","1,014","1,343",494,593,42,16,02361,
301  ,02362       ,A           ,  ,,210,,02362,大鰐町　　　　,Owani-machi,"8,665","8,663",2,"8,470",631,"4,262","3,771",...,21,226,135,192,"7,199","3,228","3,211","1,579",840,"1,082",421,604,16,8,02362,
301  ,02367       ,A           ,  ,,211,,02367,田舎館村　　　,Inakadate-mura,"7,326","7,312",11,"7,352",836,"3,845","2,639",...,48,156,210,188,"6,257","2,401","2,393","1,184",461,662,246,285,20,13,02367,
301  ,02381       ,A           ,  ,,212,,02381,板柳町　　　　,Itayanagi-machi,"12,700","12,681",19,"12,445","1,205","6,672","4,822",...,51,258,218,294,"11,180","4,476","4,459","2,304","1,016","1,389",551,648,25,22,02381,
301  ,02384       ,A           ,  ,,213,,02384,鶴田町　　　　,Tsuruta-machi,"12,074","12,059",15,"11,756","1,263","6,236","4,575",...,43,220,207,265,"10,785","4,256","4,233","2,226",996,"1,260",519,674,18,15,02384,
301  ,02387       ,A           ,  ,,214,,02387,中泊町　　　　,Nakadomari-machi,"9,657","9,593",64,"9,645",756,"4,612","4,289",...,24,221,112,268,"9,029","3,870","3,855","2,021","1,074","1,320",684,748,13,8,02387,
301  ,02401       ,A           ,  ,,215,,02401,野辺地町　　　,Noheji-machi,"12,374","12,223",151,"12,027","1,102","6,556","4,713",...,40,239,266,344,"11,474","5,433","5,414","2,813","1,940","1,573",750,981,21,27,02401,
301  ,02402       ,A           ,  ,,216,,02402,七戸町　　　　,Shichinohe-machi,"14,556","14,502",54,"14,320","1,406","7,202","5,943",...,54,304,320,376,"13,991","5,447","5,424","2,832","1,465","1,720",776,887,36,19,02402,
301  ,02405       ,A           ,  ,,217,,02405,六戸町　　　　,Rokunohe-machi,"10,447","10,366",81,"10,714","1,394","5,522","3,531",...,57,172,338,363,"8,929","3,840","3,829","2,273",850,"1,071",511,488,20,14,02405,
301  ,02406       ,A           ,  ,,218,,02406,横浜町　　　　,Yokohama-machi,"4,229","4,153",76,"4,181",359,"2,179","1,691",...,17,82,78,137,"4,172","1,813","1,809",857,685,530,238,279,9,3,02406,
301  ,02408       ,A           ,  ,,219,,02408,東北町　　　　,Tohoku-machi,"16,428","16,325",103,"16,354","1,721","8,396","6,300",...,79,337,373,406,"14,699","5,871","5,833","3,017","1,505","1,711",752,871,40,24,02408,
301  ,02411       ,A           ,  ,,220,,02411,六ヶ所村　　　,Rokkasho-mura,"10,367","10,066",103,"9,736","1,065","6,470","2,618",...,62,156,427,501,"17,715","5,194","5,167","1,898","2,756",845,374,442,48,11,02411,
301  ,02412       ,A           ,  ,,221,,02412,おいらせ町　　,Oirase-cho,"24,273","23,942",228,"25,148","3,308","13,956","6,671",...,183,283,919,911,"20,373","9,258","9,243","5,424","2,347","2,168",975,961,76,37,02412,
301  ,02423       ,A           ,  ,,222,,02423,大間町　　　　,Oma-machi,"4,718","4,705",9,"4,771",501,"2,496","1,711",...,29,84,133,159,"5,027","2,090","2,086",996,816,534,251,379,19,7,02423,
301  ,02424       ,A           ,  ,,223,,02424,東通村　　　　,Higashidori-mura,"5,955","5,943",12,"5,738",633,"3,205","2,117",...,17,111,143,235,"5,809","2,559","2,546","1,166",998,691,301,359,22,10,02424,
301  ,02425       ,A           ,  ,,224,,02425,風間浦村　　　,Kazamaura-mura,"1,636","1,633",3,"1,618",125,751,757,...,3,47,31,62,"1,432",750,748,392,260,266,125,165,3,2,02425,
301  ,02426       ,A           ,  ,,225,,02426,佐井村　　　　,Sai-mura,"1,788","1,787",1,"1,711",124,802,858,...,8,46,48,38,"1,675",826,823,391,321,265,137,203,2,3,02426,
301  ,02441       ,A           ,  ,,226,,02441,三戸町　　　　,Sannohe-machi,"9,082","9,035",34,"9,022",826,"4,412","3,783",...,26,196,194,221,"8,957","3,566","3,559","1,817","1,013","1,115",520,628,12,13,02441,
301  ,02442       ,A           ,  ,,227,,02442,五戸町　　　　,Gonohe-machi,"16,042","15,970",72,"15,653","1,436","8,139","6,467",...,44,287,246,365,"14,262","6,059","6,040","3,306","1,492","2,032",912,876,33,17,02442,
301  ,02443       ,A           ,  ,,228,,02443,田子町　　　　,Takko-machi,"4,968","4,955",13,"4,817",417,"2,368","2,182",...,20,116,54,120,"4,816","1,918","1,909",950,527,624,271,359,4,4,02443,
301  ,02445       ,A           ,  ,,229,,02445,南部町　　　　,Nambu-cho,"16,809","16,776",33,"16,543","1,558","8,525","6,725",...,63,376,301,407,"14,329","6,263","6,232","3,380","1,555","2,033",864,"1,002",42,19,02445,
301  ,02446       ,A           ,  ,,230,,02446,階上町　　　　,Hashikami-cho,"13,496","13,278",66,"12,737","1,276","7,697","4,281",...,46,197,363,367,"10,500","5,862","5,836","2,964","2,158","1,487",709,653,28,22,02446,
301  ,02450       ,A           ,  ,,231,,02450,新郷村　　　　,Shingo-mura,"2,197","2,189",8,"2,129",165,948,"1,084",...,8,66,22,50,"2,066",788,785,346,190,268,122,142,5,2,02450,
301  ,03000       ,A           ,  ,,232,,03   ,岩手県　　　,Iwate-ken,"1,210,534","1,194,745","6,937","1,172,349","132,447","658,816","404,359","400,246","5,788","19,342","32,642","37,265","1,207,907","492,436","490,828","252,005","163,290","124,460","57,656","62,424","3,508","1,492",03   ,
301  ,03201       ,A           ,  ,,233,,03201,盛岡市　　　　,Morioka-shi,"289,731","282,387","1,321","280,286","33,602","167,894","80,035","235,450","1,710","3,670","10,065","10,816","302,356","131,110","130,755","66,677","52,767","27,157","13,510","14,458","1,094",364,03201,
301  ,03202       ,A           ,  ,,234,,03202,宮古市　　　　,Miyako-shi,"50,369","50,044",125,"46,866","5,003","25,994","19,042","10,781",204,934,"1,048","1,465","51,241","21,289","21,152","10,671","7,447","6,019","2,788","3,543",121,34,03202,
301  ,03203       ,A           ,  ,,235,,03203,大船渡市　　　,Ofunato-shi,"34,728","34,275",318,"32,845","3,379","17,943","13,055",...,135,590,727,"1,044","35,699","14,124","14,078","6,748","4,628","3,936","1,848","2,047",98,36,03203,
301  ,03205       ,A           ,  ,,236,,03205,花巻市　　　　,Hanamaki-shi,"93,193","92,424",373,"91,094","10,177","50,113","32,231","18,282",454,"1,609","2,169","2,421","89,651","34,724","34,604","17,817","9,646","9,128","4,014","4,272",277,124,03205,
301  ,03206       ,A           ,  ,,237,,03206,北上市　　　　,Kitakami-shi,"93,045","91,883",736,"91,547","11,420","54,390","25,238","32,129",500,"1,133","3,460","3,450","98,358","38,915","38,808","19,034","14,264","7,646","3,390","3,609",349,150,03206,
301  ,03207       ,A           ,  ,,238,,03207,久慈市　　　　,Kuji-shi,"33,043","32,588",324,"32,000","3,697","17,697","11,006","7,017",134,556,665,947,"33,951","14,122","14,083","7,471","4,887","3,706","1,821","2,022",85,48,03207,
301  ,03208       ,A           ,  ,,239,,03208,遠野市　　　　,Tono-shi,"25,366","25,201",155,"24,528","2,554","12,497","10,283",...,97,471,544,665,"24,672","9,622","9,593","4,593","2,831","2,885","1,229","1,575",52,23,03208,
301  ,03209       ,A           ,  ,,240,,03209,一関市　　　　,Ichinoseki-shi,"111,932","110,816",799,"107,555","11,563","58,370","41,306","19,247",440,"2,093","2,270","2,924","111,866","42,232","42,092","21,208","12,088","11,927","5,213","5,601",255,146,03209,
301  ,03210       ,A           ,  ,,241,,03210,陸前高田市　　,Rikuzentakata-shi,"18,262","18,072",173,"17,647","1,637","9,223","7,356",...,60,363,420,421,"17,023","7,142","7,117","3,342","2,230","2,097",922,"1,067",34,15,03210,
301  ,03211       ,A           ,  ,,242,,03211,釜石市　　　　,Kamaishi-shi,"32,078","31,720",219,"29,902","2,949","16,134","12,778","12,730",113,696,815,"1,188","34,529","14,725","14,684","7,409","5,786","4,167","2,104","2,837",81,26,03211,
301  ,03213       ,A           ,  ,,243,,03213,二戸市　　　　,Ninohe-shi,"25,513","25,261",192,"24,655","2,541","13,330","9,509",...,89,479,612,711,"25,986","10,555","10,519","5,368","3,476","2,957","1,377","1,582",64,36,03213,
301  ,03214       ,A           ,  ,,244,,03214,八幡平市　　　,Hachimantai-shi,"24,023","23,916",95,"23,541","2,117","11,926","9,944",...,93,482,419,550,"23,614","9,152","9,118","4,685","2,528","2,931","1,327","1,402",34,26,03214,
301  ,03215       ,A           ,  ,,245,,03215,奥州市　　　　,Oshu-shi,"112,937","111,896",589,"109,747","12,501","59,785","39,997","25,043",548,"1,903","2,293","2,739","109,296","42,371","42,241","21,945","11,825","11,254","4,969","5,412",291,148,03215,
301  ,03216       ,A           ,  ,,246,,03216,滝沢市　　　　,Takizawashi,"55,579","55,116",233,"54,933","7,614","33,476","14,164","26,837",345,518,"1,994","2,111","47,016","21,709","21,629","13,069","6,085","5,042","2,531","1,823",189,92,03216,
301  ,03301       ,A           ,  ,,247,,03301,雫石町　　　　,Shizukuishi-cho,"15,731","15,689",42,"15,301","1,584","8,066","6,078",...,48,279,312,345,"14,827","5,412","5,399","2,860","1,205","1,636",626,707,32,20,03301,
301  ,03302       ,A           ,  ,,248,,03302,葛巻町　　　　,Kuzumaki-machi,"5,634","5,611",23,"5,433",418,"2,498","2,716",...,22,143,108,143,"5,462","2,349","2,342","1,160",749,806,423,503,7,6,03302,
301  ,03303       ,A           ,  ,,249,,03303,岩手町　　　　,Iwate-machi,"12,285","12,120",165,"11,841","1,081","6,296","4,896",...,45,270,263,371,"11,278","4,773","4,761","2,421","1,376","1,508",646,739,22,13,03303,
301  ,03321       ,A           ,  ,,250,,03321,紫波町　　　　,Shiwa-cho,"32,147","32,039",86,"32,904","3,948","18,073","10,088",...,192,449,953,874,"26,191","11,368","11,352","6,728","2,254","3,042","1,368","1,159",103,36,03321,
301  ,03322       ,A           ,  ,,251,,03322,矢巾町　　　　,Yahaba-cho,"28,056","27,756",104,"26,341","3,469","16,894","7,370","12,730",141,308,"1,024","1,105","31,885","10,986","10,956","5,822","3,545","2,264","1,039",755,90,38,03322,
301  ,03366       ,A           ,  ,,252,,03366,西和賀町　　　,Nishiwaga-machi,"5,134","5,110",24,"4,840",360,"2,155","2,619",...,9,165,65,132,"5,070","1,989","1,977",906,588,702,363,391,6,1,03366,
301  ,03381       ,A           ,  ,,253,,03381,金ケ崎町　　　,Kanegasaki-cho,"15,535","15,342",145,"15,183","1,832","8,824","4,765",...,97,248,653,589,"17,981","5,923","5,895","2,857","1,928","1,329",531,529,48,17,03381,
301  ,03402       ,A           ,  ,,254,,03402,平泉町　　　　,Hiraizumi-cho,"7,252","7,213",39,"6,859",791,"3,602","2,859",...,26,162,142,191,"6,534","2,409","2,399","1,214",494,744,295,279,12,5,03402,
301  ,03441       ,A           ,  ,,255,,03441,住田町　　　　,Sumita-cho,"5,045","4,939",106,"4,817",376,"2,382","2,287",...,11,104,104,127,"4,773","1,981","1,979",961,562,682,283,318,4,7,03441,
301  ,03461       ,A           ,  ,,256,,03461,大槌町　　　　,Otsuchi-cho,"11,004","10,928",51,"10,709","1,129","5,641","4,199",...,51,209,203,271,"9,780","4,527","4,522","2,346","1,426","1,392",647,741,26,19,03461,
301  ,03482       ,A           ,  ,,257,,03482,山田町　　　　,Yamada-machi,"14,320","14,251",62,"14,240","1,374","7,192","5,745",...,62,262,294,339,"12,994","5,642","5,633","2,945","1,613","1,896",832,960,37,14,03482,
301  ,03483       ,A           ,  ,,258,,03483,岩泉町　　　　,Iwaizumi-cho,"8,726","8,665",61,"8,038",738,"4,103","3,863",...,19,223,170,250,"9,009","3,957","3,943","1,873","1,566","1,258",633,834,19,7,03483,
301  ,03484       ,A           ,  ,,259,,03484,田野畑村　　　,Tanohata-mura,"3,059","3,030",29,"2,977",317,"1,446","1,296",...,6,70,53,83,"3,065","1,233","1,229",627,393,420,189,187,7,3,03484,
301  ,03485       ,A           ,  ,,260,,03485,普代村　　　　,Fudai-mura,"2,487","2,466",21,"2,362",219,"1,200","1,067",...,8,51,33,65,"2,385","1,027",985,489,315,308,151,175,5,3,03485,
301  ,03501       ,A           ,  ,,261,,03501,軽米町　　　　,Karumai-machi,"8,421","8,332",89,"8,134",765,"4,134","3,521",...,24,209,133,175,"7,942","3,274","3,269","1,661",948,"1,060",463,557,12,6,03501,
301  ,03503       ,A           ,  ,,262,,03503,野田村　　　　,Noda-mura,"3,936","3,913",22,"3,975",429,"1,989","1,513",...,19,77,93,73,"3,536","1,503","1,499",798,410,467,220,220,7,4,03503,
301  ,03506       ,A           ,  ,,263,,03506,九戸村　　　　,Kunohe-mura,"5,378","5,362",16,"5,238",511,"2,489","2,378",...,18,99,67,103,"5,330","1,924","1,919",946,460,646,311,314,6,5,03506,
301  ,03507       ,A           ,  ,,264,,03507,洋野町　　　　,Hirono-cho,"15,091","15,040",51,"15,051","1,365","7,448","6,274",...,34,268,234,315,"13,131","5,793","5,775","3,067","1,538","1,961",882,967,27,11,03507,
301  ,03524       ,A           ,  ,,265,,03524,一戸町　　　　,Ichinohe-machi,"11,494","11,340",149,"10,960",987,"5,612","4,881",...,34,249,237,262,"11,476","4,574","4,521","2,287","1,432","1,487",711,839,14,9,03524,
301  ,04000       ,A           ,  ,,266,,04   ,宮城県　　　,Miyagi-ken,"2,301,996","2,242,701","19,453","2,242,389","268,428","1,346,845","638,984","1,508,978","12,852","28,040","97,701","99,153","2,303,479","982,523","980,549","507,063","362,255","213,578","102,638","97,239","8,431","3,046",04   ,
301  ,04100       ,A           ,  ,,267,,04100,仙台市　　　　,Sendai-shi,"1,096,704","1,052,030","11,507","1,066,362","128,665","673,081","257,223","1,004,465","7,026","10,830","61,796","60,137","1,152,192","525,455","524,651","255,851","236,238","94,106","48,502","47,615","4,834","1,477",04100,
301  ,04101       ,A           ,  ,,268,,04101,  青葉区　　　　,  Aoba-ku,"311,590","294,513","5,581","296,023","33,702","194,212","69,969","283,507","1,675","3,065","18,764","17,495","407,568","163,122","162,851","67,588","86,743","25,036","13,254","14,824","1,181",381,04101,
301  ,04102       ,A           ,  ,,269,,04102,  宮城野区　　　,  Miyagino-ku,"196,732","189,302","1,915","188,223","24,017","125,693","40,773","186,808","1,452","1,707","12,204","13,049","215,970","95,772","95,623","44,982","44,898","14,405","6,947","8,809","1,123",345,04102,
301  ,04103       ,A           ,  ,,270,,04103,  若林区　　　　,  Wakabayashi-ku,"141,475","136,184","1,258","138,414","16,895","89,414","30,767","136,294","1,022","1,321","9,306","8,584","140,555","68,527","68,437","32,154","31,624","11,042","5,285","5,996",842,193,04103,
301  ,04104       ,A           ,  ,,271,,04104,  太白区　　　　,  Taihaku-ku,"234,758","228,970","1,677","234,772","29,344","141,716","58,657","218,060","1,708","2,567","12,478","11,449","195,382","105,061","104,900","57,444","40,294","21,287","10,745","10,181",958,302,04104,
301  ,04105       ,A           ,  ,,272,,04105,  泉区　　　　　,  Izumi-ku,"212,149","203,061","1,076","208,930","24,707","122,046","57,057","179,796","1,169","2,170","9,044","9,560","192,717","92,973","92,840","53,683","32,679","22,336","12,271","7,805",730,256,04105,
301  ,04202       ,A           ,  ,,273,,04202,石巻市　　　　,Ishinomaki-shi,"140,151","137,686","1,071","134,711","14,579","76,979","46,507","79,830",672,"2,099","3,077","3,850","143,201","56,768","56,624","29,331","18,423","14,748","6,731","7,387",460,183,04202,
301  ,04203       ,A           ,  ,,274,,04203,塩竈市　　　　,Shiogama-shi,"52,203","51,434",503,"52,058","5,407","28,777","17,682","46,734",235,769,"1,701","1,611","47,588","21,193","21,151","12,494","6,041","6,320","2,901","2,913",136,64,04203,
301  ,04205       ,A           ,  ,,275,,04205,気仙沼市　　　,Kesennuma-shi,"61,147","60,187",582,"57,652","5,427","31,637","23,437","5,790",214,"1,055","1,112","1,577","61,887","24,520","24,435","11,698","7,810","7,137","3,248","3,429",138,80,04205,
301  ,04206       ,A           ,  ,,276,,04206,白石市　　　　,Shiroishi-shi,"32,758","32,380",214,"31,229","3,303","17,574","11,648","12,004",112,575,657,"1,021","32,783","12,518","12,472","6,888","3,425","3,750","1,669","1,596",68,43,04206,
301  ,04207       ,A           ,  ,,277,,04207,名取市　　　　,Natori-shi,"78,718","77,588",359,"79,720","11,872","47,869","17,878","55,181",507,756,"3,493","3,163","75,136","29,739","29,674","18,790","7,423","6,329","3,007","2,096",295,106,04207,
301  ,04208       ,A           ,  ,,278,,04208,角田市　　　　,Kakuda-shi,"27,976","27,717",206,"26,917","2,910","14,931","10,015","5,784",88,515,803,786,"29,154","10,276","10,251","5,607","2,612","3,058","1,407","1,198",64,37,04208,
301  ,04209       ,A           ,  ,,279,,04209,多賀城市　　　,Tagajo-shi,"62,827","61,287",364,"62,061","8,186","37,896","15,490","59,831",466,623,"3,794","3,723","57,382","26,347","26,309","14,906","8,934","5,674","2,669","2,410",313,112,04209,
301  ,04211       ,A           ,  ,,280,,04211,岩沼市　　　　,Iwanuma-shi,"44,068","43,553",375,"43,448","5,840","26,065","11,755","32,931",276,444,"1,805","1,879","44,643","17,251","17,223","10,178","4,945","4,103","1,916","1,531",158,56,04211,
301  ,04212       ,A           ,  ,,281,,04212,登米市　　　　,Tome-shi,"76,037","75,501",328,"73,338","8,332","40,399","26,956","9,968",350,"1,309","1,203","1,733","72,356","25,697","25,612","12,294","5,938","6,837","2,709","2,791",180,81,04212,
301  ,04213       ,A           ,  ,,282,,04213,栗原市　　　　,Kurihara-shi,"64,637","64,116",486,"61,910","6,262","31,948","26,204",...,193,"1,323","1,088","1,427","63,422","22,697","22,584","10,889","5,572","6,808","3,087","3,051",128,65,04213,
301  ,04214       ,A           ,  ,,283,,04214,東松島市　　　,Higashimatsushima-shi,"39,098","38,931",142,"38,343","4,820","22,690","11,587","20,248",226,530,"1,080","1,403","33,158","14,476","14,433","8,285","3,645","3,655","1,670","1,584",156,62,04214,
301  ,04215       ,A           ,  ,,284,,04215,大崎市　　　　,Osaki-shi,"127,330","126,036",726,"123,776","15,025","72,656","38,738","46,935",610,"1,789","3,305","3,761","123,969","48,893","48,775","25,459","14,570","11,457","4,926","5,165",417,186,04215,
301  ,04216       ,A           ,  ,,285,,04216,富谷市　　　　,Tomiya-shi,"51,651","51,273",219,"52,418","8,491","31,812","11,144","36,721",292,373,"1,996","1,882","40,880","18,401","18,376","13,313","3,338","4,277","2,240","1,083",116,70,04216,
301  ,04301       ,A           ,  ,,286,,04301,蔵王町　　　　,Zao-machi,"11,418","11,342",67,"11,074","1,169","5,864","4,367",...,37,228,325,336,"11,123","3,924","3,909","2,008",913,"1,219",553,505,24,12,04301,
301  ,04302       ,A           ,  ,,287,,04302,七ヶ宿町　　　,Shichikashuku-machi,"1,262","1,235",27,"1,225",90,589,583,...,2,30,57,60,"1,366",524,521,236,190,169,69,107,2,0,04302,
301  ,04321       ,A           ,  ,,288,,04321,大河原町　　　,Ogawara-machi,"23,571","23,293",125,"23,531","3,029","13,789","6,520","17,101",112,330,"1,042",935,"22,098","9,524","9,510","5,368","3,043","2,217","1,052","1,000",87,38,04321,
301  ,04322       ,A           ,  ,,289,,04322,村田町　　　　,Murata-machi,"10,666","10,568",54,"10,061","1,080","5,749","3,784",...,48,170,231,295,"10,275","3,770","3,764","1,969",915,"1,100",463,403,25,5,04322,
301  ,04323       ,A           ,  ,,290,,04323,柴田町　　　　,Shibata-machi,"38,271","37,726",140,"36,800","4,368","22,274","11,032","23,663",187,476,"1,507","1,413","34,072","15,546","15,504","8,599","5,014","4,041","1,937","1,398",119,45,04323,
301  ,04324       ,A           ,  ,,291,,04324,川崎町　　　　,Kawasaki-machi,"8,345","8,205",127,"8,116",731,"4,381","3,210",...,20,120,221,242,"7,649","2,967","2,958","1,564",682,972,418,336,15,9,04324,
301  ,04341       ,A           ,  ,,292,,04341,丸森町　　　　,Marumori-machi,"12,262","12,117",133,"11,911","1,061","5,889","5,293",...,33,268,243,302,"11,441","4,426","4,419","2,340","1,050","1,567",685,678,25,10,04341,
301  ,04361       ,A           ,  ,,293,,04361,亘理町　　　　,Watari-cho,"33,087","32,779",155,"33,077","3,790","18,734","10,389","5,267",175,456,"1,036",960,"27,194","12,181","12,166","7,424","2,701","3,568","1,667","1,222",95,52,04361,
301  ,04362       ,A           ,  ,,294,,04362,山元町　　　　,Yamamoto-cho,"12,046","11,977",58,"11,562","1,074","6,013","4,943",...,43,234,320,321,"11,410","4,541","4,533","2,428","1,201","1,541",741,716,26,14,04362,
301  ,04401       ,A           ,  ,,295,,04401,松島町　　　　,Matsushima-machi,"13,323","13,257",63,"13,085","1,221","6,881","5,215","6,592",44,233,328,363,"11,900","5,017","5,003","2,833","1,223","1,711",736,695,50,14,04401,
301  ,04404       ,A           ,  ,,296,,04404,七ヶ浜町　　　,Shichigahama-machi,"18,132","18,014",98,"17,795","1,948","10,511","5,644","7,307",76,214,500,539,"12,168","6,462","6,454","4,042","1,215","1,996",907,594,45,16,04404,
301  ,04406       ,A           ,  ,,297,,04406,利府町　　　　,Rifu-cho,"35,182","34,963",120,"35,888","5,045","21,264","8,649","11,721",235,273,"1,340","1,280","30,589","12,538","12,526","8,714","2,216","3,197","1,599",807,122,45,04406,
301  ,04421       ,A           ,  ,,298,,04421,大和町　　　　,Taiwa-cho,"28,786","28,062",374,"27,964","4,115","17,601","6,502","20,905",194,323,"1,290","1,427","33,858","11,441","11,398","5,689","4,148","1,815",803,676,133,51,04421,
301  ,04422       ,A           ,  ,,299,,04422,大郷町　　　　,Osato-cho,"7,813","7,731",79,"7,584",863,"3,926","3,017",...,33,140,192,284,"7,996","2,483","2,478","1,229",491,751,283,293,12,9,04422,
301  ,04424       ,A           ,  ,,300,,04424,大衡村　　　　,Ohira-mura,"5,849","5,790",58,"5,569",871,"3,263","1,709",...,26,94,177,207,"10,700","1,877","1,875","1,001",415,418,168,159,10,12,04424,
301  ,04444       ,A           ,  ,,301,,04444,色麻町　　　　,Shikama-cho,"6,698","6,660",34,"6,265",783,"3,560","2,343",...,33,114,125,174,"6,210","1,965","1,960",915,324,508,191,154,12,11,04444,
301  ,04445       ,A           ,  ,,302,,04445,加美町　　　　,Kami-machi,"21,943","21,767",162,"21,427","2,327","11,468","8,137",...,80,389,474,525,"20,516","7,641","7,631","3,702","1,778","2,209",962,942,36,21,04445,
301  ,04501       ,A           ,  ,,303,,04501,涌谷町　　　　,Wakuya-cho,"15,388","15,305",57,"14,628","1,471","8,091","5,796",...,43,225,322,400,"14,125","5,452","5,430","2,907","1,276","1,704",710,716,32,18,04501,
301  ,04505       ,A           ,  ,,304,,04505,美里町　　　　,Misato-machi,"23,994","23,912",64,"23,195","2,628","12,743","8,547",...,83,412,618,613,"20,756","8,565","8,532","4,814","1,942","2,578","1,141","1,000",51,26,04505,
301  ,04581       ,A           ,  ,,305,,04581,女川町　　　　,Onagawa-cho,"6,430","6,218",212,"5,918",521,"3,554","2,333",...,36,123,199,228,"8,132","3,166","3,135","1,342","1,512",780,407,476,22,8,04581,
301  ,04606       ,A           ,  ,,306,,04606,南三陸町　　　,Minamisanriku-cho,"12,225","12,061",164,"11,771","1,124","6,387","4,707",...,45,198,244,296,"12,150","4,282","4,273","1,956","1,092","1,258",464,513,25,8,04606,
301  ,05000       ,A           ,  ,,307,,05   ,秋田県　　　,Akita-ken,"959,502","950,192","3,651","924,620","92,673","500,687","357,568","340,699","3,992","17,256","19,645","22,554","957,831","385,187","383,531","203,177","117,169","108,294","52,719","55,437","2,447","1,068",05   ,
301  ,05201       ,A           ,  ,,308,,05201,秋田市　　　　,Akita-shi,"307,672","302,311","1,187","297,316","32,809","172,755","95,949","245,611","1,589","4,241","7,725","8,098","319,150","136,952","136,634","75,691","49,576","33,479","17,576","17,709","1,005",383,05201,
301  ,05202       ,A           ,  ,,309,,05202,能代市　　　　,Noshiro-shi,"49,968","49,759",208,"48,334","4,231","24,953","20,765","17,269",173,"1,079","1,072","1,230","52,303","21,191","21,076","11,333","6,854","6,417","3,254","3,934",111,61,05202,
301  ,05203       ,A           ,  ,,310,,05203,横手市　　　　,Yokote-shi,"85,555","85,023",373,"82,454","8,532","43,422","33,401","11,205",337,"1,578","1,430","1,921","87,510","31,109","31,013","15,852","7,551","9,092","4,254","4,025",180,81,05203,
301  ,05204       ,A           ,  ,,311,,05204,大館市　　　　,Odate-shi,"69,237","68,649",295,"66,807","6,479","35,272","26,998","24,063",306,"1,360","1,410","1,607","70,324","28,044","27,959","14,597","8,669","8,179","3,864","4,504",161,84,05204,
301  ,05206       ,A           ,  ,,312,,05206,男鹿市　　　　,Oga-shi,"25,154","25,082",44,"24,014","1,723","11,474","11,809",...,52,618,403,622,"23,843","10,492","10,447","5,928","3,099","3,920","2,042","2,071",50,33,05206,
301  ,05207       ,A           ,  ,,313,,05207,湯沢市　　　　,Yuzawa-shi,"42,091","41,952",114,"40,531","3,613","21,485","16,926","9,641",125,814,607,887,"42,272","15,685","15,620","7,947","3,944","4,875","2,168","2,211",78,39,05207,
301  ,05209       ,A           ,  ,,314,,05209,鹿角市　　　　,Kazuno-shi,"29,088","28,942",89,"27,714","2,877","14,259","11,843",...,93,600,468,690,"28,176","10,978","10,932","5,333","3,140","3,285","1,474","1,868",70,26,05209,
301  ,05210       ,A           ,  ,,315,,05210,由利本荘市　　,Yurihonjo-shi,"74,707","74,032",256,"71,723","7,467","38,918","27,783","16,115",321,"1,342","1,428","1,494","74,024","28,362","28,251","14,069","8,404","7,736","3,496","3,691",196,71,05210,
301  ,05211       ,A           ,  ,,316,,05211,潟上市　　　　,Katagami-shi,"31,720","31,549",85,"31,624","3,272","17,095","11,218",...,155,517,879,742,"26,425","12,287","12,250","7,299","3,107","3,576","1,756","1,664",80,39,05211,
301  ,05212       ,A           ,  ,,317,,05212,大仙市　　　　,Daisen-shi,"77,657","77,124",226,"75,207","7,611","39,751","29,871","16,795",363,"1,552","1,456","1,575","76,761","28,370","28,275","14,286","7,142","7,934","3,600","3,924",180,83,05212,
301  ,05213       ,A           ,  ,,318,,05213,北秋田市　　　,Kitaakita-shi,"30,198","30,022",142,"28,536","2,437","14,260","13,438",...,76,641,450,621,"29,890","11,799","11,727","5,914","3,520","3,831","1,887","2,208",64,26,05213,
301  ,05214       ,A           ,  ,,319,,05214,にかほ市　　　,Nikaho-shi,"23,435","23,347",83,"22,463","2,244","12,041","9,140",...,75,452,363,585,"22,807","8,635","8,613","4,648","2,120","2,712","1,213","1,144",48,30,05214,
301  ,05215       ,A           ,  ,,320,,05215,仙北市　　　　,Semboku-shi,"24,610","24,483",89,"23,443","2,135","11,845","10,533",...,68,548,334,558,"24,294","9,252","9,220","4,385","2,545","2,847","1,319","1,506",50,24,05215,
301  ,05303       ,A           ,  ,,321,,05303,小坂町　　　　,Kosaka-machi,"4,780","4,747",33,"4,550",354,"2,281","2,145",...,11,109,121,150,"5,305","2,043","2,029","1,008",703,631,323,419,11,5,05303,
301  ,05327       ,A           ,  ,,322,,05327,上小阿仁村　　,Kamikoani-mura,"2,063","2,042",21,"1,958",117,839,"1,107",...,3,66,44,38,"1,915",830,825,425,261,329,165,201,8,0,05327,
301  ,05346       ,A           ,  ,,323,,05346,藤里町　　　　,Fujisato-machi,"2,896","2,870",26,"2,819",200,"1,283","1,413",...,6,80,44,71,"2,479","1,126","1,117",545,308,401,193,218,6,3,05346,
301  ,05348       ,A           ,  ,,324,,05348,三種町　　　　,Mitane-cho,"15,254","15,208",46,"14,609","1,167","7,151","6,935",...,41,329,220,294,"13,417","5,740","5,707","2,993","1,441","1,985",947,"1,026",28,14,05348,
301  ,05349       ,A           ,  ,,325,,05349,八峰町　　　　,Happou-cho,"6,577","6,529",48,"6,301",442,"3,098","3,036",...,12,177,95,125,"5,725","2,615","2,605","1,340",725,938,446,479,9,10,05349,
301  ,05361       ,A           ,  ,,326,,05361,五城目町　　　,Gojome-machi,"8,538","8,520",18,"8,060",596,"3,896","4,038",...,21,202,123,257,"7,983","3,351","3,336","1,743",924,"1,186",621,618,15,11,05361,
301  ,05363       ,A           ,  ,,327,,05363,八郎潟町　　　,Hachirogata-machi,"5,583","5,557",26,"5,277",423,"2,678","2,477",...,18,106,117,102,"4,782","2,144","2,134","1,192",546,753,360,376,10,5,05363,
301  ,05366       ,A           ,  ,,328,,05366,井川町　　　　,Ikawa-machi,"4,566","4,537",6,"4,310",332,"2,231","1,977",...,9,102,94,90,"4,160","1,528","1,523",796,304,499,233,216,8,5,05366,
301  ,05368       ,A           ,  ,,329,,05368,大潟村　　　　,Ogata-mura,"3,011","2,992",19,"2,976",350,"1,686",954,...,9,51,154,143,"3,582",839,835,368,150,188,78,55,9,2,05368,
301  ,05434       ,A           ,  ,,330,,05434,美郷町　　　　,Misato-cho,"18,613","18,561",49,"17,831","1,770","9,474","7,367",...,77,371,262,339,"16,014","5,999","5,965","2,857","1,071","1,736",722,711,37,18,05434,
301  ,05463       ,A           ,  ,,331,,05463,羽後町　　　　,Ugo-machi,"13,825","13,717",102,"13,367","1,286","7,085","5,437",...,45,275,196,219,"12,217","4,658","4,648","2,238",901,"1,494",612,555,29,13,05463,
301  ,05464       ,A           ,  ,,332,,05464,東成瀬村　　　,Higashinaruse-mura,"2,704","2,637",66,"2,396",206,"1,455","1,008",...,7,46,150,96,"2,473","1,158",790,390,164,271,116,104,4,2,05464,
301  ,06000       ,A           ,  ,,333,,06   ,山形県　　　,Yamagata-ken,"1,068,027","1,056,617","7,149","1,027,509","120,086","578,819","359,554","492,405","5,674","16,883","25,948","29,801","1,065,214","398,015","396,792","202,342","112,791","101,701","47,618","43,451","3,184","1,197",06   ,
301  ,06201       ,A           ,  ,,334,,06201,山形市　　　　,Yamagata-shi,"247,590","244,115","1,156","238,293","29,120","140,796","72,341","184,382","1,605","3,141","7,147","7,692","263,518","102,318","102,101","53,387","35,538","23,033","11,687","10,154",883,282,06201,
301  ,06202       ,A           ,  ,,335,,06202,米沢市　　　　,Yonezawa-shi,"81,252","80,502",737,"75,838","8,881","46,225","25,259","43,470",420,"1,277","2,018","2,702","86,575","33,095","33,013","15,178","12,273","7,312","3,254","3,300",260,86,06202,
301  ,06203       ,A           ,  ,,336,,06203,鶴岡市　　　　,Tsuruoka-shi,"122,347","120,978",635,"118,692","13,441","65,098","43,003","57,238",623,"2,100","2,404","2,696","123,233","45,666","45,487","22,240","13,298","11,787","5,333","5,951",348,146,06203,
301  ,06204       ,A           ,  ,,337,,06204,酒田市　　　　,Sakata-shi,"100,273","99,235",503,"95,789","10,305","53,031","36,091","58,673",450,"1,614","2,175","2,416","103,651","39,402","39,263","20,066","11,897","10,611","4,892","5,223",303,107,06204,
301  ,06205       ,A           ,  ,,338,,06205,新庄市　　　　,Shinjo-shi,"34,432","33,900",361,"32,860","3,863","18,944","11,370","17,737",186,557,"1,071","1,223","38,084","12,857","12,782","6,220","3,792","3,037","1,370","1,450",104,53,06205,
301  ,06206       ,A           ,  ,,339,,06206,寒河江市　　　,Sagae-shi,"40,189","39,697",345,"39,745","5,040","22,051","12,859","22,118",266,579,"1,037","1,173","39,335","13,654","13,627","7,370","2,894","3,477","1,665","1,156",129,40,06206,
301  ,06207       ,A           ,  ,,340,,06207,上山市　　　　,Kaminoyama-shi,"29,110","28,782",147,"28,084","2,712","14,828","11,386","15,611",115,547,619,724,"27,658","10,537","10,509","5,641","2,485","3,268","1,557","1,469",74,25,06207,
301  ,06208       ,A           ,  ,,341,,06208,村山市　　　　,Murayama-shi,"22,516","22,331",180,"21,742","2,193","11,389","8,903","6,958",80,424,401,532,"20,992","7,579","7,570","3,802","1,505","2,325","1,148",892,42,19,06208,
301  ,06209       ,A           ,  ,,342,,06209,長井市　　　　,Nagai-shi,"26,543","26,167",340,"24,851","2,897","13,989","9,449","10,538",120,479,622,726,"27,104","9,486","9,436","4,644","2,555","2,502","1,137","1,088",74,25,06209,
301  ,06210       ,A           ,  ,,343,,06210,天童市　　　　,Tendo-shi,"62,140","61,600",531,"60,627","8,060","35,110","18,761","39,650",407,871,"1,807","1,818","60,031","22,589","22,542","12,487","5,680","5,427","2,644","1,948",227,89,06210,
301  ,06211       ,A           ,  ,,344,,06211,東根市　　　　,Higashine-shi,"47,682","47,307",322,"47,830","6,548","27,344","13,441","16,300",384,614,"1,902","1,756","49,103","16,573","16,522","9,036","4,067","3,609","1,689","1,272",195,66,06211,
301  ,06212       ,A           ,  ,,345,,06212,尾花沢市　　　,Obanazawa-shi,"14,971","14,890",80,"13,996","1,459","7,278","6,232",...,58,287,205,403,"14,709","4,883","4,871","2,365",944,"1,548",732,585,45,10,06212,
301  ,06213       ,A           ,  ,,346,,06213,南陽市　　　　,Nanyo-shi,"30,420","30,131",269,"29,465","3,516","16,493","10,339","6,308",152,476,729,779,"28,263","10,760","10,720","5,685","2,528","2,906","1,289","1,149",99,43,06213,
301  ,06301       ,A           ,  ,,347,,06301,山辺町　　　　,Yamanobe-machi,"13,725","13,678",47,"13,570","1,626","7,372","4,715","7,235",52,229,295,279,"10,180","4,551","4,544","2,759",704,"1,436",690,421,21,9,06301,
301  ,06302       ,A           ,  ,,348,,06302,中山町　　　　,Nakayama-machi,"10,746","10,689",57,"10,590","1,132","5,779","3,835",...,50,180,178,200,"7,884","3,515","3,511","2,029",519,"1,125",499,317,18,15,06302,
301  ,06321       ,A           ,  ,,349,,06321,河北町　　　　,Kahoku-cho,"17,641","17,454",181,"17,000","1,908","9,078","6,639","6,187",76,279,425,496,"16,088","5,929","5,914","3,090","1,187","1,766",834,626,29,8,06321,
301  ,06322       ,A           ,  ,,350,,06322,西川町　　　　,Nishikawa-machi,"4,956","4,914",42,"4,655",425,"2,265","2,262",...,11,120,101,120,"4,233","1,686","1,683",841,319,613,329,244,9,0,06322,
301  ,06323       ,A           ,  ,,351,,06323,朝日町　　　　,Asahi-machi,"6,366","6,314",52,"5,999",561,"2,976","2,828",...,18,138,110,154,"5,619","2,150","2,135","1,085",427,783,372,303,12,3,06323,
301  ,06324       ,A           ,  ,,352,,06324,大江町　　　　,Oe-machi,"7,646","7,559",87,"7,284",761,"3,850","3,035",...,18,177,180,182,"7,004","2,543","2,529","1,331",508,816,404,323,9,6,06324,
301  ,06341       ,A           ,  ,,353,,06341,大石田町　　　,Oishida-machi,"6,577","6,499",78,"6,124",603,"3,342","2,632",...,17,129,88,174,"5,503","2,086","2,080",960,396,655,291,244,12,7,06341,
301  ,06361       ,A           ,  ,,354,,06361,金山町　　　　,Kaneyama-machi,"5,071","5,014",57,"4,848",547,"2,646","1,878",...,22,87,80,131,"4,226","1,572","1,569",680,271,448,173,155,4,4,06361,
301  ,06362       ,A           ,  ,,355,,06362,最上町　　　　,Mogami-machi,"8,080","7,998",82,"7,607",838,"3,982","3,260",...,21,157,124,197,"7,245","2,596","2,577","1,176",473,817,376,303,7,15,06362,
301  ,06363       ,A           ,  ,,356,,06363,舟形町　　　　,Funagata-machi,"5,007","4,974",33,"4,771",483,"2,421","2,103",...,20,131,91,108,"4,367","1,580","1,574",768,277,497,232,186,7,0,06363,
301  ,06364       ,A           ,  ,,357,,06364,真室川町　　　,Mamurogawa-machi,"7,203","7,168",35,"6,651",689,"3,508","3,006",...,27,194,113,211,"6,259","2,320","2,310","1,060",458,725,316,292,4,8,06364,
301  ,06365       ,A           ,  ,,358,,06365,大蔵村　　　　,Okura-mura,"3,028","3,012",16,"2,830",335,"1,505","1,188",...,9,73,35,87,"2,512",945,944,440,173,293,127,119,6,3,06365,
301  ,06366       ,A           ,  ,,359,,06366,鮭川村　　　　,Sakegawa-mura,"3,902","3,876",26,"3,767",380,"1,942","1,580",...,11,73,70,115,"3,458","1,193","1,191",506,198,374,142,141,8,8,06366,
301  ,06367       ,A           ,  ,,360,,06367,戸沢村　　　　,Tozawa-mura,"4,199","4,139",60,"3,998",367,"2,128","1,704",...,7,87,97,107,"3,497","1,359","1,350",593,284,446,164,165,5,8,06367,
301  ,06381       ,A           ,  ,,361,,06381,高畠町　　　　,Takahata-machi,"22,463","22,264",196,"21,681","2,709","12,134","7,597",...,117,349,374,581,"19,639","7,358","7,346","3,728","1,437","1,980",784,681,58,35,06381,
301  ,06382       ,A           ,  ,,362,,06382,川西町　　　　,Kawanishi-machi,"14,558","14,477",68,"13,698","1,497","7,370","5,682",...,66,284,262,342,"14,003","4,495","4,434","2,013",796,"1,335",521,469,34,15,06382,
301  ,06401       ,A           ,  ,,363,,06401,小国町　　　　,Oguni-machi,"7,107","7,047",56,"6,737",688,"3,527","2,882",...,30,147,183,263,"7,188","2,810","2,798","1,377",866,843,454,411,11,7,06401,
301  ,06402       ,A           ,  ,,364,,06402,白鷹町　　　　,Shirataka-machi,"12,890","12,769",121,"12,507","1,382","6,515","4,990",...,43,245,205,254,"11,453","4,389","4,371","2,198",932,"1,373",650,555,20,18,06402,
301  ,06403       ,A           ,  ,,365,,06403,飯豊町　　　　,Iide-machi,"6,613","6,563",48,"6,398",755,"3,300","2,555",...,25,120,127,165,"6,265","2,125","2,117","1,020",413,619,252,271,9,6,06403,
301  ,06426       ,A           ,  ,,366,,06426,三川町　　　　,Mikawa-machi,"7,601","7,566",30,"7,062",994,"3,929","2,664",...,42,110,150,220,"8,553","2,332","2,319","1,164",456,555,229,221,26,8,06426,
301  ,06428       ,A           ,  ,,367,,06428,庄内町　　　　,Shonai-machi,"20,151","20,041",106,"19,453","2,161","10,362","7,578",...,81,336,348,513,"16,861","6,650","6,636","3,225","1,318","1,890",754,744,67,14,06428,
301  ,06461       ,A           ,  ,,368,,06461,遊佐町　　　　,Yuza-machi,"13,032","12,967",65,"12,467","1,210","6,312","5,507",...,45,272,175,262,"10,921","4,432","4,417","2,178",923,"1,470",628,623,25,9,06461,
301  ,07000       ,A           ,  ,,369,,07   ,福島県　　　,Fukushima-ken,"1,833,152","1,797,450","12,868","1,795,219","206,152","1,020,241","572,825","773,118","9,709","27,394","47,431","54,010","1,834,689","742,911","740,089","384,082","245,335","179,983","86,303","87,168","6,088","2,561",07   ,
301  ,07201       ,A           ,  ,,370,,07201,福島市　　　　,Fukushima-shi,"282,693","275,185","1,772","267,924","31,136","160,024","84,304","185,024","1,561","3,757","7,785","8,380","290,714","121,919","121,655","64,310","44,664","28,664","14,478","14,344",977,376,07201,
301  ,07202       ,A           ,  ,,371,,07202,会津若松市　　,Aizuwakamatsu-shi,"117,376","114,836",738,"112,445","13,716","65,104","36,307","84,370",657,"1,746","3,063","3,744","123,606","49,022","48,876","24,653","17,320","11,142","5,444","6,366",397,137,07202,
301  ,07203       ,A           ,  ,,372,,07203,郡山市　　　　,Koriyama-shi,"327,692","320,053","2,561","315,155","39,177","193,417","86,479","245,463","1,989","3,767","9,605","10,194","339,929","140,441","140,176","72,896","51,719","28,977","14,025","13,682","1,309",541,07203,
301  ,07204       ,A           ,  ,,373,,07204,いわき市　　　,Iwaki-shi,"332,931","324,313","2,439","306,714","37,979","184,720","102,319","143,992","1,749","4,715","5,947","7,507","327,435","141,411","141,074","75,921","48,725","34,724","17,210","18,191","1,114",507,07204,
301  ,07205       ,A           ,  ,,374,,07205,白河市　　　　,Shirakawa-shi,"59,491","58,275",574,"57,869","6,995","34,109","17,546","20,631",300,749,"1,914","2,296","60,182","23,763","23,728","12,238","7,686","5,416","2,625","2,565",199,82,07205,
301  ,07207       ,A           ,  ,,375,,07207,須賀川市　　　,Sukagawa-shi,"74,992","73,901",375,"73,828","9,537","43,226","21,188","33,639",454,981,"1,835","2,228","70,923","27,127","27,081","15,038","6,848","6,357","2,812","2,644",223,86,07207,
301  ,07208       ,A           ,  ,,376,,07208,喜多方市　　　,Kitakata-shi,"44,760","44,542",216,"44,344","4,905","23,375","16,479","11,112",224,921,959,"1,016","42,360","16,049","16,016","8,177","4,185","4,406","1,932","2,274",125,66,07208,
301  ,07209       ,A           ,  ,,377,,07209,相馬市　　　　,Soma-shi,"34,865","34,349",178,"32,842","4,215","19,325","10,792","7,568",186,493,860,"1,077","34,385","13,875","13,859","6,763","4,665","3,242","1,523","1,658",126,40,07209,
301  ,07210       ,A           ,  ,,378,,07210,二本松市　　　,Nihonmatsu-shi,"53,557","53,129",344,"51,263","5,760","29,073","18,406","9,377",270,894,"1,175","1,411","50,861","19,384","19,359","10,150","4,901","5,417","2,371","2,153",128,58,07210,
301  ,07211       ,A           ,  ,,379,,07211,田村市　　　　,Tamura-shi,"35,169","34,719",311,"33,600","3,626","18,763","12,609",...,115,656,640,822,"32,313","12,159","12,130","5,869","3,027","3,360","1,440","1,414",87,30,07211,
301  ,07212       ,A           ,  ,,380,,07212,南相馬市　　　,Minamisoma-shi,"59,005","57,406",403,"56,618","5,099","30,626","20,796","21,054",265,931,"1,779","2,025","59,781","26,349","25,177","11,243","9,862","6,341","3,146","3,169",212,79,07212,
301  ,07213       ,A           ,  ,,381,,07213,伊達市　　　　,Date-shi,"58,240","57,779",401,"56,768","5,961","31,100","21,008","10,888",223,986,"1,311","1,350","52,114","21,158","21,127","12,145","4,790","6,755","2,993","2,534",135,54,07213,
301  ,07214       ,A           ,  ,,382,,07214,本宮市　　　　,Motomiya-shi,"30,236","30,050",186,"29,852","3,881","17,765","8,579",...,188,362,"1,048",950,"30,962","10,571","10,557","5,792","2,590","2,439","1,010",907,112,35,07214,
301  ,07301       ,A           ,  ,,383,,07301,桑折町　　　　,Kori-machi,"11,459","11,413",35,"11,050","1,200","5,895","4,347",...,56,251,289,280,"10,836","4,194","4,181","2,331","1,014","1,311",582,551,19,20,07301,
301  ,07303       ,A           ,  ,,384,,07303,国見町　　　　,Kunimi-machi,"8,639","8,580",59,"8,203",727,"4,268","3,642",...,22,139,159,215,"7,671","3,123","3,119","1,759",670,"1,145",524,454,10,10,07303,
301  ,07308       ,A           ,  ,,385,,07308,川俣町　　　　,Kawamata-machi,"12,170","11,984",105,"11,687",940,"6,005","5,096",...,24,257,249,334,"11,989","4,780","4,771","2,504","1,381","1,593",745,781,18,9,07308,
301  ,07322       ,A           ,  ,,386,,07322,大玉村　　　　,Otama-mura,"8,900","8,843",47,"8,784","1,322","5,095","2,455",...,77,108,302,245,"7,067","2,874","2,871","1,595",532,636,260,237,37,13,07322,
301  ,07342       ,A           ,  ,,387,,07342,鏡石町　　　　,Kagamiishi-machi,"12,318","12,268",50,"12,436","1,684","7,187","3,441",...,62,147,395,385,"11,619","4,382","4,372","2,529","1,031","1,049",482,404,50,24,07342,
301  ,07344       ,A           ,  ,,388,,07344,天栄村　　　　,Tenei-mura,"5,194","5,138",56,"5,245",530,"2,748","1,916",...,19,119,187,195,"4,768","1,671","1,669",746,363,442,198,164,7,7,07344,
301  ,07362       ,A           ,  ,,389,,07362,下郷町　　　　,Shimogo-machi,"5,264","5,248",15,"4,986",476,"2,428","2,360",...,15,130,108,133,"4,875","1,953","1,948",951,510,666,324,341,9,7,07362,
301  ,07364       ,A           ,  ,,390,,07364,檜枝岐村　　　,Hinoemata-mura,504,504,0,503,58,252,194,...,2,3,12,20,537,228,227,122,74,70,41,25,2,0,07364,
301  ,07367       ,A           ,  ,,391,,07367,只見町　　　　,Tadami-machi,"4,044","4,014",30,"3,828",353,"1,783","1,907",...,19,81,91,140,"4,048","1,634","1,628",763,533,524,291,329,6,3,07367,
301  ,07368       ,A           ,  ,,392,,07368,南会津町　　　,Minamiaizu-machi,"14,451","14,370",68,"13,733","1,331","7,030","6,048",...,46,273,325,526,"14,531","5,894","5,879","2,877","1,865","1,783",967,"1,010",37,17,07368,
301  ,07402       ,A           ,  ,,393,,07402,北塩原村　　　,Kitashiobara-mura,"2,556","2,521",35,"2,427",258,"1,349",948,...,3,37,79,110,"2,508","1,003",999,483,305,277,145,113,2,3,07402,
301  ,07405       ,A           ,  ,,394,,07405,西会津町　　　,Nishiaizu-machi,"5,770","5,732",38,"5,560",468,"2,582","2,718",...,20,145,112,135,"5,373","2,352","2,340","1,133",712,808,386,482,11,8,07405,
301  ,07407       ,A           ,  ,,395,,07407,磐梯町　　　　,Bandai-machi,"3,322","3,313",9,"3,230",421,"1,655","1,246",...,14,50,85,108,"4,340","1,079","1,077",535,220,292,114,155,7,5,07407,
301  ,07408       ,A           ,  ,,396,,07408,猪苗代町　　　,Inawashiro-machi,"13,552","13,482",64,"12,836","1,422","6,723","5,360",...,47,255,315,546,"12,388","4,718","4,694","2,174","1,268","1,330",576,660,39,4,07408,
301  ,07421       ,A           ,  ,,397,,07421,会津坂下町　　,Aizubange-machi,"15,068","14,933",127,"14,552","1,611","7,909","5,522",...,69,296,377,403,"14,015","5,306","5,293","2,685","1,255","1,512",639,660,39,17,07421,
301  ,07422       ,A           ,  ,,398,,07422,湯川村　　　　,Yugawa-mura,"3,081","3,073",8,"3,050",421,"1,594","1,066",...,14,54,64,57,"2,569",976,973,508,163,263,118,107,6,3,07422,
301  ,07423       ,A           ,  ,,399,,07423,柳津町　　　　,Yanaizu-machi,"3,081","3,074",7,"2,938",310,"1,374","1,397",...,15,88,65,107,"2,937","1,127","1,119",531,308,380,160,213,7,3,07423,
301  ,07444       ,A           ,  ,,400,,07444,三島町　　　　,Mishima-machi,"1,452","1,444",8,"1,380",96,573,783,...,2,40,43,48,"1,502",644,641,309,240,240,131,154,5,2,07444,
301  ,07445       ,A           ,  ,,401,,07445,金山町　　　　,Kaneyama-machi,"1,862","1,851",11,"1,781",89,638,"1,134",...,3,74,85,63,"1,999",878,874,430,340,350,199,246,3,1,07445,
301  ,07446       ,A           ,  ,,402,,07446,昭和村　　　　,Showa-mura,"1,246","1,242",4,"1,120",66,487,693,...,9,46,53,43,"1,283",626,588,256,253,192,131,160,0,2,07446,
301  ,07447       ,A           ,  ,,403,,07447,会津美里町　　,Aizumisato-machi,"19,014","18,907",38,"18,526","1,904","9,438","7,528",...,82,376,385,504,"15,555","6,465","6,454","3,128","1,436","1,950",876,904,48,22,07447,
301  ,07461       ,A           ,  ,,404,,07461,西郷村　　　　,Nishigo-mura,"20,808","20,387",243,"20,494","2,805","12,432","5,185",...,166,276,"1,027",788,"20,679","8,092","8,075","4,246","2,710","1,601",764,668,97,37,07461,
301  ,07464       ,A           ,  ,,405,,07464,泉崎村　　　　,Izumizaki-mura,"6,213","6,095",118,"6,140",776,"3,451","1,986",...,28,97,165,161,"7,479","2,089","2,085","1,131",439,549,261,225,11,7,07464,
301  ,07465       ,A           ,  ,,406,,07465,中島村　　　　,Nakajima-mura,"4,885","4,850",35,"4,822",632,"2,774","1,479",...,24,62,123,122,"4,236","1,520","1,519",785,271,338,134,141,14,9,07465,
301  ,07466       ,A           ,  ,,407,,07466,矢吹町　　　　,Yabuki-machi,"17,287","17,124",163,"16,944","2,132","9,723","5,429",...,87,238,640,540,"17,441","6,102","6,068","3,176","1,609","1,492",677,670,69,26,07466,
301  ,07481       ,A           ,  ,,408,,07481,棚倉町　　　　,Tanagura-machi,"13,343","13,236",71,"13,011","1,630","7,372","4,258",...,73,234,305,409,"13,273","4,728","4,719","2,398","1,210","1,158",545,506,32,19,07481,
301  ,07482       ,A           ,  ,,409,,07482,矢祭町　　　　,Yamatsuri-machi,"5,392","5,369",23,"5,241",600,"2,666","2,126",...,12,119,105,109,"5,249","1,867","1,863",945,415,582,297,261,12,3,07482,
301  ,07483       ,A           ,  ,,410,,07483,塙町　　　　　,Hanawa-machi,"8,302","8,191",87,"7,979",865,"4,214","3,196",...,30,145,174,270,"8,170","2,935","2,929","1,524",685,887,425,371,19,14,07483,
301  ,07484       ,A           ,  ,,411,,07484,鮫川村　　　　,Samegawa-mura,"3,049","3,031",18,"2,975",316,"1,512","1,221",...,10,65,53,67,"2,561","1,006","1,004",462,210,304,158,131,5,1,07484,
301  ,07501       ,A           ,  ,,412,,07501,石川町　　　　,Ishikawa-machi,"14,644","14,493",108,"13,884","1,424","7,719","5,430",...,49,249,313,363,"14,590","5,214","5,185","2,591","1,298","1,546",698,599,32,25,07501,
301  ,07502       ,A           ,  ,,413,,07502,玉川村　　　　,Tamakawa-mura,"6,392","6,319",71,"6,191",795,"3,565","2,024",...,32,105,113,159,"5,832","1,980","1,978","1,006",363,507,182,154,20,8,07502,
301  ,07503       ,A           ,  ,,414,,07503,平田村　　　　,Hirata-mura,"5,826","5,706",120,"5,512",584,"3,179","2,057",...,15,101,109,154,"5,060","1,953","1,949",927,453,529,187,202,11,6,07503,
301  ,07504       ,A           ,  ,,415,,07504,浅川町　　　　,Asakawa-machi,"6,036","5,990",23,"5,896",682,"3,272","2,055",...,22,107,128,126,"5,061","2,070","2,069","1,033",490,528,234,266,11,4,07504,
301  ,07505       ,A           ,  ,,416,,07505,古殿町　　　　,Furudono-machi,"4,825","4,767",58,"4,655",499,"2,433","1,893",...,12,86,74,117,"4,244","1,610","1,608",763,333,495,189,201,5,3,07505,
301  ,07521       ,A           ,  ,,417,,07521,三春町　　　　,Miharu-machi,"17,018","16,923",58,"16,312","1,842","9,177","5,882",...,79,251,422,425,"15,241","5,977","5,967","3,379","1,279","1,828",821,705,33,14,07521,
301  ,07522       ,A           ,  ,,418,,07522,小野町　　　　,Ono-machi,"9,471","9,318",142,"9,092",969,"5,074","3,384",...,31,198,189,257,"8,836","3,398","3,391","1,660",907,953,412,427,20,11,07522,
301  ,07541       ,A           ,  ,,419,,07541,広野町　　　　,Hirono-machi,"5,412","5,330",75,"4,608",384,"2,958","1,558",...,18,74,255,254,"6,624","2,899","2,881",897,"1,770",487,251,320,19,7,07541,
301  ,07542       ,A           ,  ,,420,,07542,楢葉町　　　　,Naraha-machi,"3,710","3,683",22,"6,480",259,"1,996","1,388",...,25,112,202,314,"5,369","1,977","1,922",805,945,504,299,253,18,5,07542,
301  ,07543       ,A           ,  ,,421,,07543,富岡町　　　　,Tomioka-machi,"2,128","2,040",10,"11,516",60,"1,382",482,...,35,170,464,549,"4,334","1,640","1,638",288,"1,301",159,88,163,30,23,07543,
301  ,07544       ,A           ,  ,,422,,07544,川内村　　　　,Kawauchi-mura,"2,044","1,947",32,"2,285",116,883,974,...,6,52,74,101,"2,258",934,931,432,364,308,179,149,12,2,07544,
301  ,07545       ,A           ,  ,,423,,07545,大熊町　　　　,Okuma-machi,847,846,1,"9,955",1,754,87,...,35,113,208,184,"4,985",800,799,29,766,20,15,41,26,15,07545,
301  ,07546       ,A           ,  ,,424,,07546,双葉町　　　　,Futaba-machi,0,0,0,"5,436",0,0,0,...,21,84,51,88,997,0,0,0,0,0,0,0,12,8,07546,
301  ,07547       ,A           ,  ,,425,,07547,浪江町　　　　,Namie-machi,"1,923","1,772",5,"15,174",52,"1,056",568,...,40,280,256,459,"3,894","1,405","1,404",284,"1,062",180,116,179,38,19,07547,
301  ,07548       ,A           ,  ,,426,,07548,葛尾村　　　　,Katsurao-mura,420,416,4,"1,273",24,198,198,...,3,37,28,38,810,205,205,93,89,68,36,44,4,5,07548,
301  ,07561       ,A           ,  ,,427,,07561,新地町　　　　,Shinchi-machi,"7,905","7,847",50,"7,581",997,"4,286","2,597",...,45,124,194,238,"7,261","2,748","2,742","1,408",675,680,321,308,25,15,07561,
301  ,07564       ,A           ,  ,,428,,07564,飯舘村　　　　,Iitate-mura,"1,318","1,299",19,"4,686",34,525,755,...,10,88,58,121,"2,230",627,626,276,236,227,116,133,7,4,07564,
301  ,08000       ,A           ,  ,,429,,08   ,茨城県　　　,Ibaraki-ken,"2,867,009","2,763,432","57,819","2,865,690","333,741","1,638,165","839,907","1,169,451","15,905","37,256","103,125","104,988","2,803,334","1,184,133","1,181,598","664,239","385,760","295,689","149,952","125,596","10,163","3,900",08   ,
301  ,08201       ,A           ,  ,,430,,08201,水戸市　　　　,Mito-shi,"270,685","262,174","2,818","268,843","33,685","158,472","70,922","174,150","1,848","3,196","10,104","10,317","295,673","122,598","122,335","65,911","48,000","25,335","13,365","14,351","1,215",406,08201,
301  ,08202       ,A           ,  ,,431,,08202,日立市　　　　,Hitachi-shi,"174,508","170,416","1,493","167,198","17,585","97,706","56,525","145,634",788,"2,448","3,860","4,777","185,583","77,911","77,778","44,378","27,836","21,118","11,722","10,265",568,192,08202,
301  ,08203       ,A           ,  ,,432,,08203,土浦市　　　　,Tsuchiura-shi,"142,074","135,299","3,650","141,613","15,510","82,307","40,903","84,286",775,"1,788","7,220","6,326","155,055","63,093","62,961","33,339","24,159","14,628","7,549","7,127",605,241,08203,
301  ,08204       ,A           ,  ,,433,,08204,古河市　　　　,Koga-shi,"139,344","135,242","3,020","140,499","16,213","82,127","39,691","58,854",768,"1,761","4,733","5,052","132,261","56,149","56,075","32,017","17,361","14,321","6,622","6,052",467,204,08204,
301  ,08205       ,A           ,  ,,434,,08205,石岡市　　　　,Ishioka-shi,"73,061","70,867","1,011","70,981","7,543","40,001","23,972","26,454",354,"1,156","2,027","2,145","68,362","28,344","28,276","15,698","8,264","7,753","3,786","3,268",230,88,08205,
301  ,08207       ,A           ,  ,,435,,08207,結城市　　　　,Yuki-shi,"50,645","48,248","2,057","49,936","6,065","28,719","15,388","22,246",240,696,"1,781","1,756","47,075","19,328","19,291","10,770","5,459","5,061","2,293","1,899",155,56,08207,
301  ,08208       ,A           ,  ,,436,,08208,龍ケ崎市　　　,Ryugasaki-shi,"76,420","73,394","1,910","75,509","8,264","44,619","22,113","50,195",313,921,"3,036","2,929","68,010","32,158","32,060","19,093","10,230","8,527","4,505","3,482",202,97,08208,
301  ,08210       ,A           ,  ,,437,,08210,下妻市　　　　,Shimotsuma-shi,"42,521","40,061","1,948","42,272","5,034","24,731","12,043","5,726",204,575,"1,772","1,826","41,805","16,407","16,283","8,837","4,745","3,844","1,723","1,445",151,63,08210,
301  ,08211       ,A           ,  ,,438,,08211,常総市　　　　,Joso-shi,"60,834","55,681","4,755","61,180","6,942","35,001","18,316","11,176",239,835,"2,371","2,755","62,548","22,289","22,253","11,916","6,001","5,609","2,406","2,073",176,90,08211,
301  ,08212       ,A           ,  ,,439,,08212,常陸太田市　　,Hitachiota-shi,"48,602","48,398",174,"47,338","4,303","25,419","18,808","8,402",180,824,831,"1,068","41,370","19,243","19,206","12,339","4,433","6,749","3,614","2,865",91,59,08212,
301  ,08214       ,A           ,  ,,440,,08214,高萩市　　　　,Takahagi-shi,"27,699","27,265",194,"26,315","2,686","14,805","9,900","7,321",118,431,658,886,"25,802","11,608","11,576","6,957","3,530","3,691","2,002","1,664",71,30,08214,
301  ,08215       ,A           ,  ,,441,,08215,北茨城市　　　,Kitaibaraki-shi,"41,801","41,248",341,"40,757","4,368","22,846","14,335",...,200,657,981,"1,177","39,633","17,042","17,011","10,339","4,779","5,210","2,585","2,401",129,57,08215,
301  ,08216       ,A           ,  ,,442,,08216,笠間市　　　　,Kasama-shi,"73,173","71,749",672,"73,183","8,235","40,639","23,420","5,138",374,"1,028","2,044","2,299","67,187","28,918","28,861","17,022","8,001","8,199","4,029","3,353",205,91,08216,
301  ,08217       ,A           ,  ,,443,,08217,取手市　　　　,Toride-shi,"104,524","102,280","1,392","106,008","10,593","56,760","36,052","76,946",500,"1,439","3,905","4,715","93,616","45,447","45,348","27,842","14,161","14,310","7,698","6,129",328,131,08217,
301  ,08219       ,A           ,  ,,444,,08219,牛久市　　　　,Ushiku-shi,"84,651","82,372","1,373","84,085","10,834","48,124","24,561","69,115",427,914,"3,355","3,287","73,549","35,195","35,126","22,500","10,186","9,971","5,568","3,274",258,123,08219,
301  ,08220       ,A           ,  ,,445,,08220,つくば市　　　,Tsukuba-shi,"241,656","218,039","6,556","255,244","34,645","143,552","45,697","92,467","2,178","2,090","14,643","12,549","254,873","110,490","110,344","52,280","50,026","16,009","8,418","5,635","1,290",317,08220,
301  ,08221       ,A           ,  ,,446,,08221,ひたちなか市　,Hitachinaka-shi,"156,581","152,689","1,578","155,762","19,610","93,439","40,234","104,805",988,"1,704","5,397","5,334","152,640","66,754","66,619","39,797","21,829","15,460","8,337","6,546",655,207,08221,
301  ,08222       ,A           ,  ,,447,,08222,鹿嶋市　　　　,Kashima-shi,"66,950","65,143",879,"65,797","8,142","36,902","20,737","20,551",367,903,"2,188","2,348","70,557","28,318","28,268","15,679","9,681","7,384","4,252","3,391",244,111,08222,
301  ,08223       ,A           ,  ,,448,,08223,潮来市　　　　,Itako-shi,"27,604","27,018",342,"26,555","2,953","15,322","9,078",...,121,391,612,741,"23,952","10,774","10,764","5,971","3,083","3,019","1,446","1,335",76,38,08223,
301  ,08224       ,A           ,  ,,449,,08224,守谷市　　　　,Moriya-shi,"68,421","67,001","1,127","70,659","10,301","41,920","15,847","50,700",510,560,"2,849","2,510","57,936","27,385","27,367","18,393","7,241","6,537","3,605","2,036",268,85,08224,
301  ,08225       ,A           ,  ,,450,,08225,常陸大宮市　　,Hitachiomiya-shi,"39,267","38,729",243,"38,664","3,632","20,414","14,627",...,160,686,781,993,"37,315","15,643","15,596","9,241","4,245","5,014","2,536","2,309",85,31,08225,
301  ,08226       ,A           ,  ,,451,,08226,那珂市　　　　,Naka-shi,"53,502","52,979",253,"53,501","6,294","29,694","17,194","8,659",279,705,"1,532","1,467","46,175","20,931","20,878","13,924","4,917","6,411","3,426","2,422",182,64,08226,
301  ,08227       ,A           ,  ,,452,,08227,筑西市　　　　,Chikusei-shi,"100,753","97,857","2,371","100,670","11,040","56,749","32,004","14,061",513,"1,451","2,718","2,956","97,062","37,491","37,409","20,695","9,816","10,245","4,687","3,892",305,151,08227,
301  ,08228       ,A           ,  ,,453,,08228,坂東市　　　　,Bando-shi,"52,265","49,659","2,242","52,346","5,897","30,067","15,772","8,754",245,708,"1,570","1,700","48,752","18,452","18,405","9,530","4,736","4,657","2,009","1,616",157,85,08228,
301  ,08229       ,A           ,  ,,454,,08229,稲敷市　　　　,Inashiki-shi,"39,039","37,869","1,022","37,692","3,393","21,055","14,329",...,118,660,"1,050","1,133","38,254","14,552","14,495","7,730","3,753","4,380","1,956","1,804",89,49,08229,
301  ,08230       ,A           ,  ,,455,,08230,かすみがうら市,Kasumigaura-shi,"40,087","39,044","1,016","40,369","4,376","22,859","12,779","15,859",176,594,"1,655","1,537","34,360","15,271","15,230","8,783","4,177","4,197","2,015","1,565",114,54,08230,
301  ,08231       ,A           ,  ,,456,,08231,桜川市　　　　,Sakuragawa-shi,"39,122","38,722",284,"38,250","3,985","21,579","13,423",...,121,675,737,"1,072","34,998","13,453","13,392","7,334","2,874","3,972","1,734","1,522",90,42,08231,
301  ,08232       ,A           ,  ,,457,,08232,神栖市　　　　,Kamisu-shi,"95,454","92,441","2,656","94,295","12,569","59,856","22,162","25,866",655,"1,057","3,363","3,463","99,679","40,487","40,376","21,326","14,446","7,598","3,489","3,509",467,177,08232,
301  ,08233       ,A           ,  ,,458,,08233,行方市　　　　,Namegata-shi,"32,185","31,252",931,"32,055","3,215","17,362","11,604",...,114,595,718,822,"29,320","11,144","11,120","5,652","2,563","3,302","1,346","1,141",67,32,08233,
301  ,08234       ,A           ,  ,,459,,08234,鉾田市　　　　,Hokota-shi,"45,953","43,157","2,474","47,018","4,647","25,268","15,454",...,195,734,"1,338","1,953","42,479","17,919","17,894","8,640","5,868","4,731","2,247","2,159",119,55,08234,
301  ,08235       ,A           ,  ,,460,,08235,つくばみらい市,Tsukubamirai-shi,"49,872","47,623",424,"53,446","7,350","27,180","13,152","12,778",388,573,"2,410","1,991","44,185","19,971","19,955","11,730","6,019","4,754","2,477","1,754",210,62,08235,
301  ,08236       ,A           ,  ,,461,,08236,小美玉市　　　,Omitama-shi,"48,870","47,248","1,300","48,797","5,631","28,053","14,724",...,254,684,"1,786","1,790","47,969","18,407","18,322","10,750","4,889","4,919","2,456","1,893",168,85,08236,
301  ,08302       ,A           ,  ,,462,,08302,茨城町　　　　,Ibaraki-machi,"31,401","30,780",547,"30,784","3,271","17,040","10,983",...,151,487,"1,132","1,077","29,503","11,758","11,716","6,974","2,959","3,689","1,749","1,325",82,36,08302,
301  ,08309       ,A           ,  ,,463,,08309,大洗町　　　　,Oarai-machi,"15,715","14,894",704,"15,717","1,538","8,766","5,225","10,891",48,260,466,816,"15,774","6,596","6,581","3,586","2,210","1,848",805,912,36,31,08309,
301  ,08310       ,A           ,  ,,464,,08310,城里町　　　　,Shirosato-machi,"18,097","18,027",66,"18,079","1,559","9,746","6,774",...,57,342,393,388,"14,309","6,913","6,904","4,363","1,487","2,408","1,184",975,29,19,08310,
301  ,08341       ,A           ,  ,,465,,08341,東海村　　　　,Tokai-mura,"37,891","37,289",285,"38,297","5,399","22,581","9,517","16,516",240,395,"1,358","1,342","37,688","15,429","15,383","9,688","4,614","3,578","2,017","1,368",134,44,08341,
301  ,08364       ,A           ,  ,,466,,08364,大子町　　　　,Daigo-machi,"15,736","15,654",82,"14,952","1,183","7,262","7,266",...,41,374,209,337,"14,926","6,356","6,333","3,327","1,850","2,246","1,208","1,239",33,9,08364,
301  ,08442       ,A           ,  ,,467,,08442,美浦村　　　　,Miho-mura,"14,602","14,283",303,"14,365","1,472","8,425","4,677",...,62,190,490,554,"14,298","5,864","5,852","3,325","1,758","1,615",757,690,61,18,08442,
301  ,08443       ,A           ,  ,,468,,08443,阿見町　　　　,Ami-machi,"48,553","46,989",865,"49,489","5,983","28,352","13,360","28,024",302,551,"2,456","1,920","45,476","20,225","20,188","11,413","6,743","4,944","2,441","1,994",177,71,08443,
301  ,08447       ,A           ,  ,,469,,08447,河内町　　　　,Kawachi-machi,"8,231","8,124",107,"7,953",589,"4,409","3,227",...,30,194,167,212,"6,623","2,895","2,888","1,531",613,961,395,364,12,13,08447,
301  ,08521       ,A           ,  ,,470,,08521,八千代町　　　,Yachiyo-machi,"21,026","19,907","1,073","21,090","2,369","12,114","6,459",...,84,326,855,692,"19,191","7,017","6,999","3,206","1,802","1,681",673,542,54,35,08521,
301  ,08542       ,A           ,  ,,471,,08542,五霞町　　　　,Goka-machi,"8,093","7,948",145,"8,063",730,"4,544","2,732",...,22,122,262,248,"12,145","2,928","2,926","1,671",680,932,390,333,10,9,08542,
301  ,08546       ,A           ,  ,,472,,08546,境町　　　　　,Sakai-machi,"24,201","23,274",896,"24,637","2,912","14,152","7,018","7,512",123,339,939,960,"23,838","8,722","8,709","4,598","2,310","2,133",915,738,72,29,08546,
301  ,08564       ,A           ,  ,,473,,08564,利根町　　　　,Tone-machi,"15,340","15,099",240,"15,427","1,196","7,227","6,903","6,365",35,237,373,768,"11,528","6,258","6,245","4,144","1,426","2,739","1,515",939,26,13,08564,
301  ,09000       ,A           ,  ,,474,,09   ,栃木県　　　,Tochigi-ken,"1,933,146","1,869,256","37,408","1,916,787","227,553","1,115,611","554,381","929,109","10,518","24,992","60,351","61,851","1,914,836","796,923","795,449","439,807","261,757","190,686","92,717","85,355","7,154","2,658",09   ,
301  ,09201       ,A           ,  ,,475,,09201,宇都宮市　　　,Utsunomiya-shi,"518,757","496,912","8,003","515,831","65,253","307,157","129,853","403,616","3,309","5,502","17,499","17,663","535,910","230,841","230,546","122,506","89,232","46,480","23,337","22,945","2,438",735,09201,
301  ,09202       ,A           ,  ,,476,,09202,足利市　　　　,Ashikaga-shi,"144,746","139,706","4,518","141,021","15,176","80,642","47,023","91,229",605,"2,234","3,812","3,933","139,278","61,617","61,446","35,289","20,280","16,814","8,428","8,408",467,179,09202,
301  ,09203       ,A           ,  ,,477,,09203,栃木市　　　　,Tochigi-shi,"155,549","150,874","3,834","154,371","17,322","87,866","49,179","60,411",712,"2,253","4,312","4,505","149,917","60,918","60,796","35,147","17,171","16,922","8,070","6,959",478,188,09203,
301  ,09204       ,A           ,  ,,478,,09204,佐野市　　　　,Sano-shi,"116,228","112,432","2,690","114,146","13,011","66,171","35,621","53,645",599,"1,724","2,918","2,925","115,777","48,121","48,009","27,348","15,253","12,491","5,979","6,042",366,175,09204,
301  ,09205       ,A           ,  ,,479,,09205,鹿沼市　　　　,Kanuma-shi,"94,033","92,323","1,372","93,807","11,015","53,951","28,504","40,233",485,"1,329","2,104","2,223","91,763","36,098","36,012","21,044","9,635","9,513","4,439","4,049",286,142,09205,
301  ,09206       ,A           ,  ,,480,,09206,日光市　　　　,Nikko-shi,"77,661","76,360",836,"76,413","7,410","41,644","27,850","7,045",297,"1,313","1,961","2,219","74,206","32,308","32,219","17,247","10,520","9,142","4,449","5,073",214,104,09206,
301  ,09208       ,A           ,  ,,481,,09208,小山市　　　　,Oyama-shi,"166,666","158,423","6,034","166,975","20,940","101,109","41,781","101,980","1,018","1,895","6,692","6,519","166,913","69,624","69,512","38,288","23,845","14,875","7,050","6,366",696,247,09208,
301  ,09209       ,A           ,  ,,482,,09209,真岡市　　　　,Moka-shi,"78,190","74,451","3,146","79,002","10,200","45,955","21,215","27,154",414,968,"2,370","2,655","76,697","29,425","29,389","16,565","8,025","6,886","3,189","2,523",294,119,09209,
301  ,09210       ,A           ,  ,,483,,09210,大田原市　　　,Ohtawara-shi,"72,087","69,751","1,010","68,873","8,176","41,342","20,726","17,526",364,924,"2,118","2,130","76,069","29,792","29,733","14,744","10,740","6,619","3,157","2,660",220,92,09210,
301  ,09211       ,A           ,  ,,484,,09211,矢板市　　　　,Yaita-shi,"31,165","30,762",291,"30,577","3,244","17,357","10,334","9,948",122,433,809,879,"29,511","12,012","11,978","6,830","3,268","3,414","1,623","1,493",74,40,09211,
301  ,09213       ,A           ,  ,,485,,09213,那須塩原市　　,Nasushiobara-shi,"115,210","111,407","1,855","116,133","14,265","66,620","32,020","30,859",671,"1,362","3,796","3,746","108,819","47,454","47,388","26,102","15,454","10,924","5,440","4,878",436,200,09213,
301  ,09214       ,A           ,  ,,486,,09214,さくら市　　　,Sakura-shi,"44,513","44,114",381,"43,802","6,015","26,570","11,734",...,320,503,"1,627","1,538","40,959","16,370","16,310","9,604","4,452","3,769","1,800","1,445",189,55,09214,
301  ,09215       ,A           ,  ,,487,,09215,那須烏山市　　,Nasukarasuyama-shi,"24,875","24,648",227,"24,035","2,369","13,175","9,331",...,91,487,439,580,"23,688","9,186","9,148","5,262","2,182","3,014","1,357","1,224",64,20,09215,
301  ,09216       ,A           ,  ,,488,,09216,下野市　　　　,Shimotsuke-shi,"59,507","57,018",599,"59,880","7,009","34,829","14,912","34,770",433,676,"2,472","2,418","54,539","23,497","23,463","13,129","7,207","5,208","2,507","1,818",224,65,09216,
301  ,09301       ,A           ,  ,,489,,09301,上三川町　　　,Kaminokawa-machi,"30,806","30,236",333,"31,012","4,073","18,972","7,262",...,197,334,"1,387","1,167","30,706","11,544","11,534","6,864","3,048","2,476","1,100",781,114,45,09301,
301  ,09342       ,A           ,  ,,490,,09342,益子町　　　　,Mashiko-machi,"21,898","21,586",189,"21,616","2,467","12,195","7,041",...,77,332,496,555,"18,111","7,813","7,798","4,526","1,748","2,146",984,879,59,34,09342,
301  ,09343       ,A           ,  ,,491,,09343,茂木町　　　　,Motegi-machi,"11,891","11,787",94,"11,703",986,"5,810","5,073",...,33,242,192,239,"10,590","4,458","4,446","2,468","1,051","1,577",803,654,21,6,09343,
301  ,09344       ,A           ,  ,,492,,09344,市貝町　　　　,Ichikai-machi,"11,262","11,076",173,"11,277","1,269","6,568","3,317",...,60,150,347,377,"10,253","4,260","4,254","2,470","1,084","1,087",501,420,43,19,09344,
301  ,09345       ,A           ,  ,,493,,09345,芳賀町　　　　,Haga-machi,"14,961","14,767",159,"15,505","1,942","8,179","4,782",...,91,224,420,370,"30,033","5,230","5,223","3,134","1,002","1,528",686,517,36,20,09345,
301  ,09361       ,A           ,  ,,494,,09361,壬生町　　　　,Mibu-machi,"39,474","38,640",503,"38,359","4,680","22,578","11,443","20,016",175,509,"1,236","1,184","36,735","15,894","15,865","8,876","4,968","4,115","2,042","1,527",132,55,09361,
301  ,09364       ,A           ,  ,,495,,09364,野木町　　　　,Nogi-machi,"24,913","24,588",325,"25,006","2,908","13,897","8,095","14,819",103,326,868,"1,254","21,568","9,841","9,822","6,366","2,451","3,203","1,687","1,056",68,23,09364,
301  ,09384       ,A           ,  ,,496,,09384,塩谷町　　　　,Shioya-machi,"10,354","10,299",53,"10,069",914,"5,282","4,157",...,25,211,182,268,"8,904","3,623","3,613","1,983",734,"1,262",550,498,25,15,09384,
301  ,09386       ,A           ,  ,,497,,09386,高根沢町　　　,Takanezawa-machi,"29,229","28,516",398,"28,803","3,471","18,001","7,409","15,858",196,338,"1,112","1,261","24,695","12,205","12,191","6,346","4,352","2,407","1,103",866,133,40,09386,
301  ,09407       ,A           ,  ,,498,,09407,那須町　　　　,Nasu-machi,"23,956","23,513",242,"24,011","2,154","11,866","9,690",...,76,408,885,862,"25,387","9,110","9,085","4,678","2,650","2,974","1,591","1,482",47,25,09407,
301  ,09411       ,A           ,  ,,499,,09411,那珂川町　　　,Nakagawa-machi,"15,215","15,067",143,"14,560","1,284","7,875","6,029",...,45,315,297,381,"13,808","5,682","5,669","2,991","1,405","1,840",845,792,30,15,09411,
301  ,10000       ,A           ,  ,,500,,10   ,群馬県　　　,Gumma-ken,"1,939,110","1,860,213","53,432","1,919,232","224,304","1,096,231","576,729","809,514","10,688","26,589","64,877","65,818","1,938,160","805,252","803,215","462,667","260,100","203,518","103,437","93,993","6,704","2,765",10   ,
301  ,10201       ,A           ,  ,,501,,10201,前橋市　　　　,Maebashi-shi,"332,149","315,078","5,505","329,860","36,764","179,561","96,390","197,520","2,046","4,382","10,542","11,473","345,559","141,882","141,556","77,429","49,285","33,958","17,631","16,508","1,295",492,10201,
301  ,10202       ,A           ,  ,,502,,10202,高崎市　　　　,Takasaki-shi,"372,973","363,518","5,077","367,861","46,009","215,425","105,034","201,755","2,368","4,711","12,204","12,161","378,922","160,981","160,565","92,864","56,573","38,064","19,997","18,696","1,439",563,10202,
301  ,10203       ,A           ,  ,,503,,10203,桐生市　　　　,Kiryu-shi,"106,445","104,389","1,579","102,988","9,973","57,199","38,392","67,731",347,"1,883","2,435","2,840","105,101","44,971","44,862","25,684","14,618","13,347","6,716","7,234",243,118,10203,
301  ,10204       ,A           ,  ,,504,,10204,伊勢崎市　　　,Isesaki-shi,"211,850","197,596","11,955","212,237","27,506","127,686","53,086","106,774","1,296","2,441","7,843","7,431","206,747","86,200","86,014","50,452","26,951","18,974","9,163","8,125",895,366,10204,
301  ,10205       ,A           ,  ,,505,,10205,太田市　　　　,Ota-shi,"223,014","209,319","10,992","222,518","29,597","131,786","58,057","88,753","1,369","2,608","8,577","7,646","240,298","92,531","92,346","52,525","31,052","20,688","10,232","8,570",832,332,10205,
301  ,10206       ,A           ,  ,,506,,10206,沼田市　　　　,Numata-shi,"45,337","44,569",522,"44,361","4,787","24,666","15,489","17,006",203,739,"1,075","1,469","44,211","18,853","18,815","10,671","5,849","5,277","2,712","2,705",124,70,10206,
301  ,10207       ,A           ,  ,,507,,10207,館林市　　　　,Tatebayashi-shi,"75,309","72,280","2,425","74,084","8,494","44,000","22,103","39,564",330,"1,035","2,669","2,527","72,354","31,643","31,577","18,417","10,240","8,065","3,902","3,616",257,98,10207,
301  ,10208       ,A           ,  ,,508,,10208,渋川市　　　　,Shibukawa-shi,"74,581","73,575",709,"73,068","7,561","40,199","26,284","12,198",367,"1,304","1,959","1,978","72,441","29,114","28,993","17,193","7,988","8,855","4,413","4,115",228,80,10208,
301  ,10209       ,A           ,  ,,509,,10209,藤岡市　　　　,Fujioka-shi,"63,261","62,213",727,"62,261","6,837","35,533","20,486","17,152",271,878,"1,739","2,157","60,431","25,362","25,301","15,528","7,182","7,296","3,616","3,285",179,87,10209,
301  ,10210       ,A           ,  ,,510,,10210,富岡市　　　　,Tomioka-shi,"47,446","46,598",797,"45,862","5,077","25,762","16,334","9,443",203,787,"1,253","1,276","49,092","18,514","18,428","11,263","5,185","5,505","2,904","2,359",105,40,10210,
301  ,10211       ,A           ,  ,,511,,10211,安中市　　　　,Annaka-shi,"54,907","54,185",477,"54,643","5,510","29,336","19,753",...,215,"1,008","1,333","1,244","51,691","22,093","22,021","13,860","5,861","7,107","3,679","3,314",120,62,10211,
301  ,10212       ,A           ,  ,,512,,10212,みどり市　　　,Midori-shi,"49,648","48,806",684,"48,921","5,904","28,254","14,832","9,425",278,649,"1,399","1,554","43,450","19,443","19,394","11,828","5,368","5,168","2,517","2,223",151,66,10212,
301  ,10344       ,A           ,  ,,513,,10344,榛東村　　　　,Shinto-mura,"14,216","14,024",158,"14,648","1,886","8,497","3,776",...,93,153,885,803,"11,216","5,116","5,081","3,325","1,122","1,342",669,469,61,28,10344,
301  ,10345       ,A           ,  ,,514,,10345,吉岡町　　　　,Yoshioka-machi,"21,792","21,600",148,"22,563","3,394","13,135","5,212",...,230,240,926,678,"16,825","7,863","7,812","5,364","1,674","1,772",877,610,95,34,10345,
301  ,10366       ,A           ,  ,,515,,10366,上野村　　　　,Ueno-mura,"1,128","1,111",17,"1,039",108,502,518,...,4,33,51,67,"1,151",552,549,275,237,176,114,111,3,0,10366,
301  ,10367       ,A           ,  ,,516,,10367,神流町　　　　,Kanna-machi,"1,645","1,634",11,"1,564",59,575,"1,011",...,2,53,28,93,"1,727",827,826,431,318,363,234,210,2,0,10367,
301  ,10382       ,A           ,  ,,517,,10382,下仁田町　　　,Shimonita-machi,"6,576","6,545",31,"6,316",352,"2,884","3,340",...,12,185,126,178,"6,273","2,808","2,800","1,601",817,"1,150",653,576,10,6,10382,
301  ,10383       ,A           ,  ,,518,,10383,南牧村　　　　,Nammoku-mura,"1,611","1,606",5,"1,504",38,522,"1,051",...,1,47,18,41,"1,488",801,797,395,318,332,214,242,1,0,10383,
301  ,10384       ,A           ,  ,,519,,10384,甘楽町　　　　,Kanra-machi,"12,491","12,323",154,"12,494","1,276","6,643","4,274",...,73,222,385,303,"10,635","4,660","4,650","2,868","1,049","1,458",741,569,27,12,10384,
301  ,10421       ,A           ,  ,,520,,10421,中之条町　　　,Nakanojo-machi,"15,386","15,153",196,"14,576","1,365","7,654","6,294",...,60,271,343,763,"14,513","6,352","6,327","3,519","1,995","2,022","1,095","1,095",32,20,10421,
301  ,10424       ,A           ,  ,,521,,10424,長野原町　　　,Naganohara-machi,"5,095","5,034",59,"5,240",434,"2,621","1,991",...,18,87,258,283,"5,526","2,191","2,185","1,219",711,685,390,315,10,9,10424,
301  ,10425       ,A           ,  ,,522,,10425,嬬恋村　　　　,Tsumagoi-mura,"8,850","8,698",143,"9,117",915,"4,635","3,285",...,46,183,488,614,"8,699","3,532","3,529","1,830","1,055","1,017",564,499,25,9,10425,
301  ,10426       ,A           ,  ,,523,,10426,草津町　　　　,Kusatsu-machi,"6,049","5,701",223,"6,031",435,"2,882","2,348",...,20,128,404,432,"6,543","3,229","3,220","1,242","1,672",731,431,615,20,9,10426,
301  ,10428       ,A           ,  ,,524,,10428,高山村　　　　,Takayama-mura,"3,511","3,318",193,"3,268",354,"1,858","1,299",...,10,61,71,83,"3,000","1,165","1,161",667,252,370,182,169,11,6,10428,
301  ,10429       ,A           ,  ,,525,,10429,東吾妻町　　　,Higashiagatsuma-machi,"12,728","12,483",240,"12,339","1,078","6,379","5,253",...,25,246,256,364,"12,521","5,144","5,104","2,952","1,407","1,821",970,837,24,11,10429,
301  ,10443       ,A           ,  ,,526,,10443,片品村　　　　,Katashina-mura,"3,993","3,943",42,"3,999",331,"2,001","1,639",...,15,80,132,165,"3,903","1,574","1,571",828,415,496,251,222,10,2,10443,
301  ,10444       ,A           ,  ,,527,,10444,川場村　　　　,Kawaba-mura,"3,480","3,470",10,"3,066",361,"1,553","1,566",...,14,53,84,87,"3,520",997,989,548,182,320,170,107,6,6,10444,
301  ,10448       ,A           ,  ,,528,,10448,昭和村　　　　,Showa-mura,"6,953","6,517",436,"6,979",799,"3,869","2,281",...,28,101,258,254,"6,988","2,601","2,597","1,331",771,714,337,239,13,8,10448,
301  ,10449       ,A           ,  ,,529,,10449,みなかみ町　　,Minakami-machi,"17,195","16,959",222,"17,293","1,500","8,653","7,014",...,78,370,507,564,"16,353","6,959","6,945","3,731","2,038","2,269","1,121","1,234",30,14,10449,
301  ,10464       ,A           ,  ,,530,,10464,玉村町　　　　,Tamamura-machi,"36,054","34,289",834,"35,732","3,777","20,898","9,207","5,463",221,386,"1,385","1,474","32,591","14,932","14,909","8,865","4,515","3,539","1,790","1,275",146,63,10464,
301  ,10521       ,A           ,  ,,531,,10521,板倉町　　　　,Itakura-machi,"14,083","13,691",257,"13,747","1,361","7,812","4,735",...,30,210,470,447,"14,135","5,428","5,415","2,987","1,533","1,639",757,539,19,20,10521,
301  ,10522       ,A           ,  ,,532,,10522,明和町　　　　,Meiwa-machi,"10,882","10,590",241,"10,836","1,284","6,202","3,316",...,56,142,355,338,"11,960","4,089","4,082","2,473",991,"1,174",563,379,30,22,10522,
301  ,10523       ,A           ,  ,,533,,10523,千代田町　　　,Chiyoda-machi,"10,861","10,468",337,"10,941","1,257","6,215","3,374",...,49,141,360,394,"12,314","4,074","4,069","2,545",936,"1,205",601,384,36,14,10523,
301  ,10524       ,A           ,  ,,534,,10524,大泉町　　　　,Oizumi-machi,"42,089","34,140","7,392","41,465","5,097","26,575","9,464","36,730",193,406,"2,751","2,504","41,962","19,043","19,010","9,786","7,662","3,518","1,752","1,541",158,68,10524,
301  ,10525       ,A           ,  ,,535,,10525,邑楽町　　　　,Ora-machi,"25,522","24,790",634,"25,811","2,824","14,259","8,241",...,117,366,"1,308","1,133","24,020","9,728","9,715","6,171","2,278","3,101","1,479","1,006",67,30,10525,
301  ,11000       ,A           ,  ,,536,,11   ,埼玉県　　　,Saitama-ken,"7,344,765","7,055,679","161,439","7,378,639","858,384","4,335,188","1,934,994","5,998,734","43,451","82,221","334,988","310,149","6,581,578","3,162,743","3,157,627","1,849,525","1,072,139","755,254","376,464","332,963","28,823","10,259",11   ,
301  ,11100       ,A           ,  ,,537,,11100,さいたま市　　,Saitama-shi,"1,324,025","1,276,491","22,845","1,345,012","168,805","821,211","304,992","1,243,417","9,596","13,242","77,210","69,579","1,229,480","582,475","581,501","339,900","211,174","118,759","59,544","55,934","6,254","1,715",11100,
301  ,11101       ,A           ,  ,,538,,11101,  西区　　　　　,  Nishi-ku,"93,499","91,542",923,"95,251","12,023","54,499","25,567","71,080",777,"1,044","4,908","3,947","81,076","38,197","38,130","24,273","11,469","9,698","4,945","3,910",407,124,11101,
301  ,11102       ,A           ,  ,,539,,11102,  北区　　　　　,  Kita-ku,"149,242","143,197","2,064","150,366","18,747","94,208","31,773","149,033",994,"1,465","9,687","8,768","135,171","66,563","66,401","37,814","25,429","12,286","5,981","6,106",716,184,11102,
301  ,11103       ,A           ,  ,,540,,11103,  大宮区　　　　,  Omiya-ku,"117,784","114,552","2,359","124,703","14,268","76,221","26,309","117,490",903,"1,165","8,671","7,968","161,249","55,188","55,087","29,749","22,484","10,263","5,106","5,393",736,149,11103,
301  ,11104       ,A           ,  ,,541,,11104,  見沼区　　　　,  Minuma-ku,"165,049","159,592","2,752","165,105","19,820","97,222","44,281","152,773","1,013","1,961","7,823","6,814","136,870","70,603","70,469","42,731","23,790","17,142","8,851","7,506",586,251,11104,
301  ,11105       ,A           ,  ,,542,,11105,  中央区　　　　,  Chuo-ku,"103,269","99,128","1,697","103,107","12,679","66,441","21,602","103,269",775,937,"6,528","6,474","103,692","47,770","47,649","26,390","19,180","8,571","4,260","4,188",565,111,11105,
301  ,11106       ,A           ,  ,,543,,11106,  桜区　　　　　,  Sakura-ku,"98,661","93,479","2,408","96,466","11,003","61,240","22,997","95,598",546,948,"5,750","5,393","84,905","46,374","46,332","24,300","19,788","9,038","4,447","4,646",405,130,11106,
301  ,11107       ,A           ,  ,,544,,11107,  浦和区　　　　,  Urawa-ku,"164,822","157,928","2,779","169,635","22,560","104,392","32,908","164,780","1,330","1,388","10,307","9,585","162,467","74,499","74,421","43,333","28,176","13,193","6,841","6,992",867,183,11107,
301  ,11108       ,A           ,  ,,545,,11108,  南区　　　　　,  Minami-ku,"191,563","183,587","4,522","194,299","25,696","125,479","36,829","191,531","1,639","1,579","11,289","10,910","146,280","86,081","86,033","49,918","32,290","14,748","7,355","7,530","1,069",237,11108,
301  ,11109       ,A           ,  ,,546,,11109,  緑区　　　　　,  Midori-ku,"128,321","124,959","1,464","133,648","19,366","78,427","28,460","119,495","1,004","1,261","7,265","5,703","103,402","50,836","50,755","33,366","14,248","10,912","5,402","4,254",562,176,11109,
301  ,11110       ,A           ,  ,,547,,11110,  岩槻区　　　　,  Iwatsuki-ku,"111,815","108,527","1,877","112,432","12,643","63,082","34,266","78,368",615,"1,494","4,982","4,017","114,368","46,364","46,224","28,026","14,320","12,908","6,356","5,409",341,170,11110,
301  ,11201       ,A           ,  ,,548,,11201,川越市　　　　,Kawagoe-shi,"354,571","323,232","5,909","352,717","36,460","181,655","89,061","287,009","2,066","3,944","13,841","12,952","343,052","153,376","153,192","81,129","53,291","35,789","18,055","14,439","1,343",508,11201,
301  ,11202       ,A           ,  ,,549,,11202,熊谷市　　　　,Kumagaya-shi,"194,415","189,946","3,076","192,074","21,814","113,744","57,262","109,547","1,004","2,544","7,385","7,176","189,466","80,153","79,976","48,742","24,587","21,538","10,754","9,218",684,262,11202,
301  ,11203       ,A           ,  ,,550,,11203,川口市　　　　,Kawaguchi-shi,"594,274","555,098","31,592","606,315","72,665","373,347","137,923","583,102","3,568","6,324","28,901","26,609","490,197","267,141","266,756","146,573","103,176","52,391","23,984","27,514","2,734",981,11203,
301  ,11206       ,A           ,  ,,551,,11206,行田市　　　　,Gyoda-shi,"78,617","76,691","1,417","78,416","8,240","44,778","25,010","47,256",359,"1,102","2,713","2,484","72,909","31,876","31,821","19,723","9,007","9,473","4,640","3,796",219,122,11206,
301  ,11207       ,A           ,  ,,552,,11207,秩父市　　　　,Chichibu-shi,"59,674","58,967",511,"58,223","6,590","32,459","20,342","26,257",262,"1,023","1,160","1,442","57,673","23,922","23,872","14,258","6,706","7,023","3,586","3,665",146,61,11207,
301  ,11208       ,A           ,  ,,553,,11208,所沢市　　　　,Tokorozawa-shi,"342,464","311,495","3,865","343,529","33,050","174,266","87,050","305,336","1,990","3,799","14,190","13,281","298,938","152,652","152,510","80,324","54,720","35,506","18,913","14,590","1,327",453,11208,
301  ,11209       ,A           ,  ,,554,,11209,飯能市　　　　,Hanno-shi,"80,361","78,588",929,"78,472","8,424","45,590","25,204","55,074",375,"1,016","2,881","2,327","73,398","33,563","33,516","20,634","10,376","9,822","5,007","4,029",191,88,11209,
301  ,11210       ,A           ,  ,,555,,11210,加須市　　　　,Kazo-shi,"111,623","108,900","2,142","112,163","12,547","64,960","33,283","41,347",545,"1,393","4,254","3,591","106,419","44,295","44,204","27,362","11,948","12,578","6,036","4,624",322,178,11210,
301  ,11211       ,A           ,  ,,556,,11211,本庄市　　　　,Honjo-shi,"78,569","75,074","2,403","77,285","8,894","45,696","22,661","45,115",389,"1,037","3,088","3,080","79,878","33,033","32,949","18,714","11,240","7,951","3,835","3,891",253,120,11211,
301  ,11212       ,A           ,  ,,557,,11212,東松山市　　　,Higashimatsuyama-shi,"91,791","87,453","2,454","91,094","10,582","52,871","25,995","45,947",468,"1,022","4,149","3,510","94,194","39,797","39,647","23,012","13,913","10,385","5,359","4,061",338,131,11212,
301  ,11214       ,A           ,  ,,558,,11214,春日部市　　　,Kasukabe-shi,"229,792","225,799","3,442","230,687","21,178","116,707","68,663","202,390","1,156","2,911","8,121","7,669","196,819","97,638","97,528","56,256","29,463","27,655","14,028","11,361",765,317,11214,
301  ,11215       ,A           ,  ,,559,,11215,狭山市　　　　,Sayama-shi,"148,699","145,231","2,327","148,872","15,467","84,070","47,661","127,285",760,"1,864","5,911","5,562","141,364","63,776","63,702","38,691","20,726","18,788","9,845","8,064",501,186,11215,
301  ,11216       ,A           ,  ,,560,,11216,羽生市　　　　,Hanyu-shi,"52,862","49,849","1,210","53,855","5,295","29,391","15,821","19,453",249,709,"2,130","2,147","51,712","21,159","21,094","12,064","6,454","5,735","2,728","2,186",163,90,11216,
301  ,11217       ,A           ,  ,,561,,11217,鴻巣市　　　　,Konosu-shi,"116,828","114,669","1,611","117,582","13,254","67,954","34,993","88,704",645,"1,336","4,356","3,946","94,696","47,499","47,443","31,214","12,627","14,040","7,214","5,154",343,134,11217,
301  ,11218       ,A           ,  ,,562,,11218,深谷市　　　　,Fukaya-shi,"141,268","137,413","2,611","141,419","16,815","81,390","40,881","67,067",742,"1,859","4,728","4,024","133,595","55,854","55,713","34,590","15,491","15,177","7,507","5,787",453,147,11218,
301  ,11219       ,A           ,  ,,563,,11219,上尾市　　　　,Ageo-shi,"226,940","217,223","3,225","230,167","25,395","127,746","61,216","207,725","1,446","2,597","9,480","8,526","189,660","96,559","96,347","58,454","29,866","24,852","12,661","10,520",896,327,11219,
301  ,11221       ,A           ,  ,,564,,11221,草加市　　　　,Soka-shi,"248,304","241,115","7,147","251,219","29,088","157,501","61,664","246,259","1,405","2,500","11,577","10,500","210,429","111,923","111,692","62,638","42,559","24,001","11,371","12,716","1,048",391,11221,
301  ,11222       ,A           ,  ,,565,,11222,越谷市　　　　,Koshigaya-shi,"341,621","334,953","6,547","343,062","43,497","210,444","87,123","311,178","2,247","3,573","12,740","12,358","298,114","142,774","142,590","88,712","43,572","34,675","16,666","14,355","1,418",500,11222,
301  ,11223       ,A           ,  ,,566,,11223,蕨市　　　　　,Warabi-shi,"74,283","67,534","6,293","75,646","7,885","48,527","17,247","74,283",440,809,"5,777","5,540","61,066","36,827","36,784","17,623","16,992","6,436","2,930","4,153",403,100,11223,
301  ,11224       ,A           ,  ,,567,,11224,戸田市　　　　,Toda-shi,"140,899","131,679","5,870","142,163","20,025","93,035","23,065","140,878","1,057","1,108","8,400","8,586","129,201","64,319","64,182","33,965","26,918","8,634","3,813","4,939",847,249,11224,
301  ,11225       ,A           ,  ,,568,,11225,入間市　　　　,Iruma-shi,"145,651","143,118","2,023","144,723","16,610","85,174","42,924","122,530",687,"1,723","4,910","5,077","129,463","61,222","61,159","39,182","18,075","17,546","9,122","7,224",414,198,11225,
301  ,11227       ,A           ,  ,,569,,11227,朝霞市　　　　,Asaka-shi,"141,083","136,913","3,578","144,964","19,106","93,817","27,533","138,466","1,183","1,201","8,952","8,043","116,982","62,663","62,564","36,211","23,063","10,708","5,177","5,863",764,183,11227,
301  ,11228       ,A           ,  ,,570,,11228,志木市　　　　,Shiki-shi,"75,346","73,293","1,613","76,312","9,897","46,217","18,689","74,945",512,771,"3,808","3,728","59,930","32,730","32,702","20,028","10,941","7,566","3,864","3,287",303,105,11228,
301  ,11229       ,A           ,  ,,571,,11229,和光市　　　　,Wako-shi,"83,989","81,671","2,215","84,728","11,397","57,416","15,040","83,546",654,585,"7,323","6,724","72,463","39,889","39,826","20,670","17,629","5,936","3,005","3,251",509,111,11229,
301  ,11230       ,A           ,  ,,572,,11230,新座市　　　　,Niiza-shi,"166,017","159,171","2,985","166,036","20,924","98,647","42,180","156,505",908,"1,788","7,989","6,986","146,065","73,686","73,634","43,421","26,654","17,082","8,467","8,274",582,240,11230,
301  ,11231       ,A           ,  ,,573,,11231,桶川市　　　　,Okegawa-shi,"74,748","73,642",764,"74,448","8,611","43,586","22,126","62,005",379,899,"2,847","2,548","62,763","30,918","30,842","20,208","8,561","8,970","4,609","3,470",255,101,11231,
301  ,11232       ,A           ,  ,,574,,11232,久喜市　　　　,Kuki-shi,"150,582","146,370","2,655","150,913","16,537","86,097","46,097","98,566",745,"1,793","6,175","5,155","141,711","62,578","62,497","39,271","18,316","18,533","9,250","6,865",435,191,11232,
301  ,11233       ,A           ,  ,,575,,11233,北本市　　　　,Kitamoto-shi,"65,201","64,404",514,"65,403","6,593","37,112","21,183","52,522",328,860,"2,434","2,244","53,822","27,403","27,378","17,824","7,797","8,502","4,467","3,584",220,82,11233,
301  ,11234       ,A           ,  ,,576,,11234,八潮市　　　　,Yashio-shi,"93,363","87,987","3,461","93,065","11,335","58,742","21,283","90,626",689,899,"5,292","4,572","87,711","42,183","42,054","22,483","16,728","8,184","3,675","3,531",554,165,11234,
301  ,11235       ,A           ,  ,,577,,11235,富士見市　　　,Fujimi-shi,"111,859","107,437","1,998","113,145","13,657","68,450","27,171","103,613",745,"1,198","6,173","5,742","84,357","50,979","50,908","28,090","20,045","10,674","5,248","5,256",468,166,11235,
301  ,11237       ,A           ,  ,,578,,11237,三郷市　　　　,Misato-shi,"142,145","136,429","4,309","141,942","18,162","83,860","38,602","131,467",845,"1,549","5,579","5,558","128,520","60,829","60,711","36,648","19,858","15,060","7,262","7,076",509,216,11237,
301  ,11238       ,A           ,  ,,579,,11238,蓮田市　　　　,Hasuda-shi,"61,499","60,884",606,"61,337","6,739","34,826","19,902","42,386",357,768,"2,700","2,201","51,632","25,474","25,439","16,631","7,058","8,034","4,179","2,943",231,83,11238,
301  ,11239       ,A           ,  ,,580,,11239,坂戸市　　　　,Sakado-shi,"100,275","96,386","2,296","99,527","11,428","57,702","29,435","67,890",456,"1,109","4,252","4,329","92,650","44,555","44,495","25,491","16,398","11,585","6,064","5,409",308,157,11239,
301  ,11240       ,A           ,  ,,581,,11240,幸手市　　　　,Satte-shi,"50,066","48,820",979,"49,063","4,917","27,131","17,633","25,861",173,694,"1,708","1,505","44,576","20,851","20,823","13,035","6,096","6,912","3,455","2,845",96,71,11240,
301  ,11241       ,A           ,  ,,582,,11241,鶴ヶ島市　　　,Tsurugashima-shi,"70,117","68,440","1,281","70,063","7,872","41,523","20,241","58,503",369,765,"3,434","3,276","59,006","30,537","30,502","18,786","10,150","8,241","4,376","3,421",234,99,11241,
301  ,11242       ,A           ,  ,,583,,11242,日高市　　　　,Hidaka-shi,"54,571","53,715",784,"54,396","6,286","30,041","17,966","24,833",220,681,"1,860","1,702","53,611","22,379","22,351","14,391","6,175","7,256","3,919","2,771",130,86,11242,
301  ,11243       ,A           ,  ,,584,,11243,吉川市　　　　,Yoshikawa-shi,"71,979","70,375","1,558","72,678","10,383","44,153","17,315","59,702",460,636,"2,479","2,574","59,025","27,901","27,876","18,342","7,073","6,648","3,274","2,502",322,108,11243,
301  ,11245       ,A           ,  ,,585,,11245,ふじみ野市　　,Fujimino-shi,"113,597","109,942","2,561","114,363","14,377","68,512","29,317","106,463",620,"1,305","5,588","4,810","93,778","49,395","49,338","29,185","17,400","11,178","5,512","5,960",377,154,11245,
301  ,11246       ,A           ,  ,,586,,11246,白岡市　　　　,Shiraoka-shi,"52,214","51,492",535,"52,649","6,495","30,722","14,597","37,754",335,595,"2,216","1,981","41,711","20,513","20,484","13,810","5,052","5,795","2,845","1,919",214,66,11246,
301  ,11301       ,A           ,  ,,587,,11301,伊奈町　　　　,Ina-machi,"44,841","43,975",398,"45,045","6,227","27,222","10,920","37,553",265,407,"1,757","1,885","43,432","17,812","17,793","11,544","5,017","4,300","2,287","1,394",166,82,11301,
301  ,11324       ,A           ,  ,,588,,11324,三芳町　　　　,Miyoshi-machi,"38,434","37,638",717,"37,453","4,634","22,185","11,530","29,891",162,432,"1,200","1,232","43,913","15,035","15,014","10,015","3,951","4,320","2,131","1,727",85,41,11324,
301  ,11326       ,A           ,  ,,589,,11326,毛呂山町　　　,Moroyama-machi,"35,366","34,293",523,"32,365","2,960","19,956","11,594","19,040",96,454,"1,278","1,162","33,387","15,764","15,722","8,196","6,457","4,398","2,252","1,913",70,43,11326,
301  ,11327       ,A           ,  ,,590,,11327,越生町　　　　,Ogose-machi,"11,029","10,876",124,"10,863",933,"6,055","3,984",...,28,172,338,643,"10,051","4,587","4,578","2,855","1,238","1,555",801,625,27,13,11327,
301  ,11341       ,A           ,  ,,591,,11341,滑川町　　　　,Namegawa-machi,"19,732","19,058",476,"19,745","3,063","11,854","4,611","6,752",141,178,786,753,"18,658","7,650","7,640","4,758","2,212","1,645",808,632,64,25,11341,
301  ,11342       ,A           ,  ,,592,,11342,嵐山町　　　　,Ranzan-machi,"17,889","17,258",569,"17,516","1,665","10,248","5,868","11,605",64,253,700,651,"18,565","7,421","7,389","4,281","2,394","2,179","1,085",939,52,19,11342,
301  ,11343       ,A           ,  ,,593,,11343,小川町　　　　,Ogawa-machi,"28,524","28,189",269,"27,886","2,287","15,045","11,093","5,280",86,485,783,791,"24,181","11,781","11,759","7,433","3,087","4,298","2,224","1,646",50,24,11343,
301  ,11346       ,A           ,  ,,594,,11346,川島町　　　　,Kawajima-machi,"19,378","19,018",333,"18,874","1,804","10,545","6,970",...,60,242,512,552,"21,159","7,269","7,263","4,658","1,588","2,592","1,302",731,34,15,11346,
301  ,11347       ,A           ,  ,,595,,11347,吉見町　　　　,Yoshimi-machi,"18,192","18,008",154,"17,859","1,526","10,488","6,146",...,52,282,469,512,"16,800","6,864","6,856","4,484","1,443","2,321","1,112",736,40,24,11347,
301  ,11348       ,A           ,  ,,596,,11348,鳩山町　　　　,Hatoyama-machi,"13,560","13,420",133,"12,967",942,"6,383","6,226","6,875",30,192,322,331,"13,161","5,399","5,379","3,720","1,181","2,433","1,395",756,22,14,11348,
301  ,11349       ,A           ,  ,,597,,11349,ときがわ町　　,Tokigawa-machi,"10,540","10,364",176,"10,414",880,"5,568","4,092",...,32,201,292,348,"9,811","4,201","4,193","2,622","1,063","1,528",746,614,13,10,11349,
301  ,11361       ,A           ,  ,,598,,11361,横瀬町　　　　,Yokoze-machi,"7,979","7,905",63,"7,748",845,"4,403","2,713",...,38,149,231,217,"6,598","3,080","3,076","1,884",791,965,500,391,14,10,11361,
301  ,11362       ,A           ,  ,,599,,11362,皆野町　　　　,Minano-machi,"9,302","9,218",62,"9,050",936,"4,756","3,578",...,34,178,167,246,"8,421","3,584","3,576","2,140",918,"1,196",619,562,24,7,11362,
301  ,11363       ,A           ,  ,,600,,11363,長瀞町　　　　,Nagatoro-machi,"6,807","6,781",24,"6,516",624,"3,481","2,697",...,12,124,138,154,"5,960","2,605","2,599","1,597",601,901,459,394,16,8,11363,
301  ,11365       ,A           ,  ,,601,,11365,小鹿野町　　　,Ogano-machi,"10,928","10,821",100,"10,316","1,038","5,624","4,248",...,24,176,173,294,"10,336","4,170","4,156","2,430","1,046","1,404",712,668,27,8,11365,
301  ,11369       ,A           ,  ,,602,,11369,東秩父村　　　,Higashichichibu-mura,"2,709","2,700",9,"2,473",173,"1,275","1,261",...,9,59,27,45,"2,361",990,988,551,236,366,181,175,4,2,11369,
301  ,11381       ,A           ,  ,,603,,11381,美里町　　　　,Misato-machi,"11,039","10,882",137,"10,819","1,159","6,121","3,720",...,59,237,347,308,"11,778","3,854","3,833","2,421",808,"1,170",541,408,31,14,11381,
301  ,11383       ,A           ,  ,,604,,11383,神川町　　　　,Kamikawa-machi,"13,359","12,921",346,"12,888","1,354","7,480","4,381",...,41,253,501,668,"12,055","5,220","5,182","3,055","1,548","1,475",684,612,23,14,11383,
301  ,11385       ,A           ,  ,,605,,11385,上里町　　　　,Kamisato-machi,"30,343","28,181",945,"30,549","3,384","17,011","8,322","5,872",146,405,"1,339","1,191","26,471","11,856","11,824","7,174","3,178","3,071","1,532","1,153",93,49,11385,
301  ,11408       ,A           ,  ,,606,,11408,寄居町　　　　,Yorii-machi,"32,374","31,858",509,"32,041","3,219","18,169","10,904",...,156,499,"1,147","1,051","32,134","13,287","13,239","7,916","3,891","4,016","2,013","1,762",93,48,11408,
301  ,11442       ,A           ,  ,,607,,11442,宮代町　　　　,Miyashiro-machi,"34,147","33,353",385,"33,371","3,711","18,897","10,974","19,334",178,452,"1,290","1,178","27,806","14,572","14,558","8,800","4,622","4,415","2,290","1,529",125,34,11442,
301  ,11464       ,A           ,  ,,608,,11464,杉戸町　　　　,Sugito-machi,"43,845","43,138",519,"44,014","4,655","24,567","14,406","24,228",186,537,"1,589","1,385","40,043","17,706","17,680","11,535","4,542","5,809","2,944","2,023",101,62,11464,
301  ,11465       ,A           ,  ,,609,,11465,松伏町　　　　,Matsubushi-machi,"28,266","27,935",327,"28,140","3,069","16,785","8,405","19,492",118,323,891,908,"22,461","10,740","10,728","7,171","2,452","3,279","1,600","1,126",76,51,11465,
301  ,12000       ,A           ,  ,,610,,12   ,千葉県　　　,Chiba-ken,"6,284,480","6,040,814","142,177","6,310,158","734,496","3,715,691","1,699,991","4,823,612","36,966","72,258","283,795","279,010","5,672,183","2,773,840","2,767,661","1,572,544","1,003,440","650,188","335,025","299,889","24,824","8,605",12   ,
301  ,12100       ,A           ,  ,,611,,12100,千葉市　　　　,Chiba-shi,"974,951","920,287","23,142","978,899","110,929","569,887","249,963","891,873","5,777","10,840","52,283","47,195","956,669","447,982","445,814","246,749","175,696","97,931","51,250","48,326","3,872","1,290",12100,
301  ,12101       ,A           ,  ,,612,,12101,  中央区　　　　,  Chuo-ku,"211,736","189,250","4,314","213,881","21,828","120,893","45,674","204,864","1,456","2,222","15,182","12,841","258,877","109,336","108,870","45,689","57,085","16,611","8,032","9,738","1,290",295,12101,
301  ,12102       ,A           ,  ,,613,,12102,  花見川区　　　,  Hanamigawa-ku,"177,328","168,258","3,886","177,254","18,670","104,457","48,978","158,033",979,"2,127","9,921","8,585","141,585","81,123","80,978","45,825","30,656","19,619","10,142","8,991",687,232,12102,
301  ,12103       ,A           ,  ,,614,,12103,  稲毛区　　　　,  Inage-ku,"160,582","154,551","3,481","157,850","18,578","92,289","41,775","156,851",842,"1,821","8,666","7,939","150,682","74,796","74,088","40,985","29,617","16,586","8,776","8,168",566,191,12103,
301  ,12104       ,A           ,  ,,615,,12104,  若葉区　　　　,  Wakaba-ku,"146,940","140,731","3,196","147,250","15,618","82,633","44,694","117,229",814,"2,014","7,093","6,492","128,104","64,840","64,173","37,174","22,863","17,017","8,786","8,533",529,253,12104,
301  ,12105       ,A           ,  ,,616,,12105,  緑区　　　　　,  Midori-ku,"129,421","126,715","1,346","129,848","18,132","79,840","29,730","105,952",881,"1,279","5,204","4,984","104,899","50,996","50,834","34,514","13,074","11,775","6,301","4,156",457,176,12105,
301  ,12106       ,A           ,  ,,617,,12106,  美浜区　　　　,  Mihama-ku,"148,944","140,782","6,919","152,816","18,103","89,775","39,112","148,944",805,"1,377","6,217","6,354","172,522","66,891","66,871","42,562","22,401","16,323","9,213","8,740",343,143,12106,
301  ,12202       ,A           ,  ,,618,,12202,銚子市　　　　,Choshi-shi,"58,431","56,057","2,137","55,016","4,470","31,241","22,053","27,900",146,"1,120","1,179","1,613","57,920","25,544","25,505","12,418","9,388","7,154","3,364","3,990",111,68,12202,
301  ,12203       ,A           ,  ,,619,,12203,市川市　　　　,Ichikawa-shi,"496,676","470,504","15,899","492,895","57,265","323,110","103,359","486,306","3,565","4,361","27,768","26,475","401,213","242,970","242,637","121,630","109,620","40,641","19,349","22,414","2,943",676,12203,
301  ,12204       ,A           ,  ,,620,,12204,船橋市　　　　,Funabashi-shi,"642,907","615,289","16,915","648,331","80,576","396,514","152,773","617,424","4,033","6,522","30,802","28,484","542,642","289,916","289,591","164,654","109,326","60,723","30,810","29,587","3,046",798,12204,
301  ,12205       ,A           ,  ,,621,,12205,館山市　　　　,Tateyama-shi,"45,153","43,913",284,"44,160","4,121","21,071","17,734","14,169",191,854,"1,821","1,763","46,470","20,272","20,172","10,356","7,513","5,844","3,320","3,657",149,73,12205,
301  ,12206       ,A           ,  ,,622,,12206,木更津市　　　,Kisarazu-shi,"136,166","131,959","2,266","136,611","17,144","79,146","37,370","102,312",949,"1,638","6,098","5,105","133,208","58,387","58,265","33,150","20,316","13,759","7,152","6,445",591,228,12206,
301  ,12207       ,A           ,  ,,623,,12207,松戸市　　　　,Matsudo-shi,"498,232","476,848","15,513","498,222","56,850","305,487","127,595","487,367","2,905","5,595","23,214","21,326","410,359","231,195","230,931","126,462","93,029","49,502","24,996","27,182","2,031",684,12207,
301  ,12208       ,A           ,  ,,624,,12208,野田市　　　　,Noda-shi,"152,638","147,915","3,163","153,815","17,426","86,231","47,051","100,881",699,"1,937","5,742","4,617","144,223","63,581","63,483","38,565","19,689","18,175","9,412","7,102",445,233,12208,
301  ,12210       ,A           ,  ,,625,,12210,茂原市　　　　,Mobara-shi,"86,782","84,512","1,166","86,613","8,635","47,894","28,774","32,027",428,"1,305","2,885","2,843","82,590","37,120","37,011","21,972","11,550","10,773","5,627","4,785",271,120,12210,
301  ,12211       ,A           ,  ,,626,,12211,成田市　　　　,Narita-shi,"132,906","125,185","5,165","132,023","16,794","81,731","31,352","87,148",734,"1,246","7,769","10,410","161,969","60,231","60,126","29,545","25,887","10,952","5,412","5,109",554,192,12211,
301  ,12212       ,A           ,  ,,627,,12212,佐倉市　　　　,Sakura-shi,"168,743","165,043","3,065","170,406","18,589","94,196","55,000","136,266",729,"2,000","5,576","5,705","144,765","70,279","70,131","46,432","19,017","22,720","12,587","8,046",488,213,12212,
301  ,12213       ,A           ,  ,,628,,12213,東金市　　　　,Togane-shi,"58,219","55,979","1,371","56,867","6,040","33,761","17,163","13,926",237,752,"2,645","2,614","57,978","25,403","25,355","13,584","9,129","6,250","3,110","2,883",202,94,12213,
301  ,12215       ,A           ,  ,,629,,12215,旭市　　　　　,Asahi-shi,"63,745","62,151","1,320","62,747","7,170","36,134","19,843","5,145",327,933,"1,653","2,045","59,766","24,299","24,246","12,254","7,382","5,815","2,562","2,709",211,91,12215,
301  ,12216       ,A           ,  ,,630,,12216,習志野市　　　,Narashino-shi,"176,197","170,458","4,034","174,963","22,186","111,019","40,483","175,993","1,159","1,686","9,025","8,666","159,155","79,423","79,267","45,363","30,159","16,339","8,319","7,787",776,219,12216,
301  ,12217       ,A           ,  ,,631,,12217,柏市　　　　　,Kashiwa-shi,"426,468","407,361","7,882","435,529","53,333","251,739","110,212","390,336","2,817","4,478","19,278","18,221","391,317","188,022","187,782","110,732","67,050","44,262","23,453","18,532","1,669",654,12217,
301  ,12218       ,A           ,  ,,632,,12218,勝浦市　　　　,Katsuura-shi,"16,927","16,756",165,"15,663","1,145","8,357","7,290",...,53,305,508,645,"16,194","8,192","8,164","3,552","3,670","2,385","1,339","1,450",36,20,12218,
301  ,12219       ,A           ,  ,,633,,12219,市原市　　　　,Ichihara-shi,"269,524","259,640","5,044","268,517","30,046","154,641","78,661","174,608","1,399","3,271","8,579","9,514","256,438","117,997","117,584","66,683","41,788","30,611","15,825","13,070",977,373,12219,
301  ,12220       ,A           ,  ,,634,,12220,流山市　　　　,Nagareyama-shi,"199,849","194,858","2,745","210,733","31,172","118,860","46,047","182,632","2,041","1,821","10,575","8,948","157,255","83,115","83,001","53,901","24,552","18,712","10,304","7,170","1,019",268,12220,
301  ,12221       ,A           ,  ,,635,,12221,八千代市　　　,Yachiyo-shi,"199,498","193,727","5,367","205,748","25,580","122,780","50,490","183,397","1,402","2,094","10,161","8,752","170,814","85,158","85,032","52,862","27,493","19,780","10,475","9,580",793,314,12221,
301  ,12222       ,A           ,  ,,636,,12222,我孫子市　　　,Abiko-shi,"130,510","127,855","1,623","131,286","14,296","74,457","39,879","112,835",646,"1,619","4,883","4,930","106,108","56,311","56,242","35,598","17,577","16,167","8,949","6,749",437,172,12222,
301  ,12223       ,A           ,  ,,637,,12223,鴨川市　　　　,Kamogawa-shi,"32,116","31,548",507,"30,820","2,991","16,205","12,375",...,136,621,"1,215","1,606","33,281","14,578","14,533","6,877","6,016","3,935","2,085","2,385",96,42,12223,
301  ,12224       ,A           ,  ,,638,,12224,鎌ケ谷市　　　,Kamagaya-shi,"109,932","106,876","1,488","109,557","12,558","63,683","31,488","100,480",625,"1,316","4,900","4,877","88,724","47,146","47,094","28,662","15,371","12,592","6,297","5,162",412,150,12224,
301  ,12225       ,A           ,  ,,639,,12225,君津市　　　　,Kimitsu-shi,"82,206","80,285",718,"80,395","8,427","45,829","26,366","48,154",415,"1,193","2,672","2,753","80,600","35,266","35,201","19,443","12,155","9,424","4,856","3,907",311,101,12225,
301  ,12226       ,A           ,  ,,640,,12226,富津市　　　　,Futtsu-shi,"42,465","41,532",453,"41,119","3,665","21,976","16,118","5,246",109,795,"1,246","1,304","40,178","17,830","17,754","9,353","5,924","5,411","2,691","2,524",99,49,12226,
301  ,12227       ,A           ,  ,,641,,12227,浦安市　　　　,Urayasu-shi,"171,362","164,767","3,691","170,671","21,564","116,855","29,971","171,362","1,043","1,055","10,119","9,128","164,509","80,321","80,250","41,538","34,954","12,330","6,439","5,001",797,225,12227,
301  ,12228       ,A           ,  ,,642,,12228,四街道市　　　,Yotsukaido-shi,"93,576","90,549","2,054","96,479","12,477","53,027","27,066","70,102",615,"1,018","3,679","3,282","78,056","38,456","38,407","25,318","10,717","11,079","6,178","4,134",315,144,12228,
301  ,12229       ,A           ,  ,,643,,12229,袖ケ浦市　　　,Sodegaura-shi,"63,883","62,361",668,"66,022","8,622","37,221","17,057","32,431",531,751,"2,780","2,207","60,982","25,430","25,321","15,752","7,221","6,493","3,262","2,273",234,110,12229,
301  ,12230       ,A           ,  ,,644,,12230,八街市　　　　,Yachimata-shi,"67,455","64,693","2,105","67,006","6,273","39,431","20,912","8,769",239,879,"2,484","4,706","57,212","27,942","27,846","16,865","8,128","8,201","3,912","3,201",176,134,12230,
301  ,12231       ,A           ,  ,,645,,12231,印西市　　　　,Inzai-shi,"102,609","100,332","1,956","111,274","16,789","61,663","23,698","67,246",867,912,"4,409","4,622","92,936","38,349","38,311","27,948","7,703","9,751","5,227","2,995",234,145,12231,
301  ,12232       ,A           ,  ,,646,,12232,白井市　　　　,Shiroi-shi,"62,441","60,845","1,117","62,603","8,616","36,076","17,101","44,231",300,604,"1,992","2,623","52,208","24,141","24,110","16,804","5,645","6,929","3,798","2,234",148,92,12232,
301  ,12233       ,A           ,  ,,647,,12233,富里市　　　　,Tomisato-shi,"49,735","46,654","2,751","49,668","5,381","29,894","14,035","17,754",245,518,"2,623","4,897","43,060","21,885","21,863","12,027","7,820","5,507","2,749","2,156",239,95,12233,
301  ,12234       ,A           ,  ,,648,,12234,南房総市　　　,Minamiboso-shi,"35,831","35,441",362,"34,815","3,001","15,867","16,895",...,98,786,857,981,"32,434","14,720","14,666","7,870","4,349","5,294","2,914","2,922",58,35,12234,
301  ,12235       ,A           ,  ,,649,,12235,匝瑳市　　　　,Sosa-shi,"35,040","34,631",407,"33,797","3,471","18,984","12,581",...,126,590,748,"1,018","33,447","12,883","12,848","6,916","3,314","3,722","1,637","1,741",93,36,12235,
301  ,12236       ,A           ,  ,,650,,12236,香取市　　　　,Katori-shi,"72,356","71,011",841,"70,791","6,637","38,325","26,659","8,922",264,"1,258","1,590","2,386","66,671","27,572","27,516","14,944","7,387","8,378","3,853","3,569",164,69,12236,
301  ,12237       ,A           ,  ,,651,,12237,山武市　　　　,Sammu-shi,"48,444","47,376",907,"48,369","4,321","26,518","17,329",...,165,779,"1,333","2,054","43,370","19,403","19,367","11,158","5,346","6,034","2,870","2,795",120,59,12237,
301  ,12238       ,A           ,  ,,652,,12238,いすみ市　　　,Isumi-shi,"35,544","35,101",443,"35,289","3,162","17,316","15,065",...,111,725,892,"1,061","31,847","14,484","14,448","8,111","4,201","4,891","2,648","2,612",64,38,12238,
301  ,12239       ,A           ,  ,,653,,12239,大網白里市　　,Oamishirasato-shi,"48,129","47,286",576,"48,180","5,090","26,858","15,770","5,142",203,641,"1,627","1,517","36,853","19,558","19,510","12,392","5,099","5,951","3,113","2,448",134,57,12239,
301  ,12322       ,A           ,  ,,654,,12322,酒々井町　　　,Shisui-machi,"20,745","19,957",445,"20,207","2,009","11,533","6,810","12,553",82,224,"1,004","1,768","17,936","9,375","9,366","5,236","3,543","2,727","1,466",983,84,22,12322,
301  ,12329       ,A           ,  ,,655,,12329,栄町　　　　　,Sakae-machi,"20,127","19,880",247,"19,842","1,645","10,633","7,840","8,675",64,273,678,599,"15,282","8,276","8,268","5,370","2,009","3,231","1,698",978,52,27,12329,
301  ,12342       ,A           ,  ,,656,,12342,神崎町　　　　,Kozaki-machi,"5,816","5,619",125,"5,679",506,"3,227","2,011",...,28,97,183,212,"5,060","2,289","2,283","1,281",626,655,295,307,18,4,12342,
301  ,12347       ,A           ,  ,,657,,12347,多古町　　　　,Tako-machi,"13,735","13,261",401,"13,588","1,242","7,279","5,097",...,52,228,380,425,"13,957","5,079","5,053","2,543","1,351","1,533",683,607,37,15,12347,
301  ,12349       ,A           ,  ,,658,,12349,東庄町　　　　,Tonosho-machi,"13,228","12,972",236,"12,906","1,254","6,748","5,187",...,40,248,245,306,"10,916","4,611","4,600","2,406","1,041","1,493",710,591,21,21,12349,
301  ,12403       ,A           ,  ,,659,,12403,九十九里町　　,Kujukuri-machi,"14,639","14,284",290,"14,333","1,111","7,499","5,920",...,27,260,440,468,"12,871","6,181","6,165","3,391","1,928","2,086",950,"1,063",42,18,12403,
301  ,12409       ,A           ,  ,,660,,12409,芝山町　　　　,Shibayama-machi,"7,033","6,839",186,"6,776",605,"3,778","2,629",...,19,134,253,477,"11,332","2,513","2,508","1,363",639,747,322,305,27,19,12409,
301  ,12410       ,A           ,  ,,661,,12410,横芝光町　　　,Yokoshibahikari-machi,"22,075","21,752",315,"22,378","2,224","11,549","8,295",...,88,426,582,568,"19,350","8,274","8,263","4,590","2,111","2,524","1,179","1,287",61,24,12410,
301  ,12421       ,A           ,  ,,662,,12421,一宮町　　　　,Ichinomiya-machi,"11,897","11,644",125,"12,284","1,443","6,378","3,890",...,39,198,546,"1,020","10,565","4,984","4,969","2,804","1,591","1,330",699,657,26,17,12421,
301  ,12422       ,A           ,  ,,663,,12422,睦沢町　　　　,Mutsuzawa-machi,"6,760","6,718",42,"6,614",664,"3,250","2,843",...,30,130,114,154,"5,663","2,467","2,459","1,488",527,909,467,363,11,5,12422,
301  ,12423       ,A           ,  ,,664,,12423,長生村　　　　,Chosei-mura,"13,803","13,715",88,"13,515","1,275","7,786","4,740",...,47,219,442,481,"11,307","5,613","5,595","3,205","1,671","1,653",829,711,38,23,12423,
301  ,12424       ,A           ,  ,,665,,12424,白子町　　　　,Shirako-machi,"10,305","10,219",83,"10,565",944,"5,176","4,162",...,36,194,317,562,"8,556","4,137","4,131","2,305","1,148","1,425",704,724,22,17,12424,
301  ,12426       ,A           ,  ,,666,,12426,長柄町　　　　,Nagara-machi,"6,721","6,651",70,"6,316",492,"3,264","2,960",...,17,130,176,205,"7,191","2,517","2,512","1,450",621,919,457,359,14,5,12426,
301  ,12427       ,A           ,  ,,667,,12427,長南町　　　　,Chonan-machi,"7,198","7,172",26,"7,243",515,"3,468","3,215",...,18,168,130,202,"7,188","2,636","2,629","1,507",549,"1,022",461,410,15,5,12427,
301  ,12441       ,A           ,  ,,668,,12441,大多喜町　　　,Otaki-machi,"8,885","8,784",92,"8,164",771,"4,213","3,883",...,21,176,231,262,"9,569","3,401","3,380","1,822",980,"1,143",540,599,15,9,12441,
301  ,12443       ,A           ,  ,,669,,12443,御宿町　　　　,Onjuku-machi,"6,874","6,836",33,"7,000",465,"2,817","3,570",...,13,168,264,204,"5,942","3,092","3,071","1,721",975,"1,229",808,654,11,4,12443,
301  ,12463       ,A           ,  ,,670,,12463,鋸南町　　　　,Kyonan-machi,"6,993","6,926",63,"6,849",519,"3,109","3,361",...,16,167,200,204,"6,077","3,034","3,025","1,622",949,"1,145",613,659,15,9,12463,
301  ,13000       ,A           ,  ,,671,,13   ,東京都　　　,Tokyo-to,"14,047,594","13,233,213","483,372","13,911,902","1,566,840","8,944,193","3,107,822","13,844,009","91,097","139,264","913,431","845,146","16,315,279","7,227,180","7,216,650","3,299,649","3,625,810","1,149,633","564,594","811,408","75,179","19,255",13   ,
301  ,13100       ,A           ,  ,,672,,13100,特別区部　　　,Ku-area,"9,733,276","9,084,294","403,171","9,643,024","1,059,831","6,326,082","2,028,506","9,733,276","66,137","92,797","703,015","649,116","12,346,348","5,215,850","5,208,438","2,218,797","2,786,593","735,046","349,144","576,552","59,211","13,718",13100,
301  ,13101       ,A           ,  ,,673,,13101,  千代田区　　　,  Chiyoda-ku,"66,680","63,790","2,724","68,755","8,976","46,517","10,852","66,680",575,464,"7,364","7,188","903,780","37,011","36,963","14,871","21,076","3,803","2,002","3,390",630,115,13101,
301  ,13102       ,A           ,  ,,674,,13102,  中央区　　　　,  Chuo-ku,"169,179","161,672","7,385","176,835","23,086","121,217","24,683","169,179","1,875","1,044","15,747","14,692","633,390","92,533","92,487","41,016","48,646","8,660","4,400","8,107","1,604",334,13102,
301  ,13103       ,A           ,  ,,675,,13103,  港区　　　　　,  Minato-ku,"260,486","234,966","17,409","266,306","34,714","174,886","42,546","260,486","2,332","1,791","24,000","21,465","972,673","146,160","146,084","58,962","83,099","14,912","7,656","13,960","1,861",503,13103,
301  ,13104       ,A           ,  ,,676,,13104,  新宿区　　　　,  Shinjuku-ku,"349,385","298,415","27,216","349,226","29,202","223,593","63,185","349,385","2,163","3,106","34,849","37,153","793,528","222,800","222,461","66,252","150,831","21,599","10,544","21,500","2,420",499,13104,
301  ,13105       ,A           ,  ,,677,,13105,  文京区　　　　,  Bunkyo-ku,"240,069","217,429","8,457","232,177","28,065","152,818","42,020","240,069","1,810","1,811","19,129","17,761","353,648","133,661","133,564","52,262","77,316","15,425","7,602","11,947","1,515",272,13105,
301  ,13106       ,A           ,  ,,678,,13106,  台東区　　　　,  Taito-ku,"211,444","197,051","14,275","212,388","18,648","142,955","47,510","211,444","1,411","2,213","21,963","18,368","307,176","124,345","121,557","45,059","71,778","14,850","6,806","15,848","2,029",331,13106,
301  ,13107       ,A           ,  ,,679,,13107,  墨田区　　　　,  Sumida-ku,"272,085","261,231","10,767","284,555","28,028","183,630","60,108","272,085","2,113","2,760","25,140","21,337","281,971","145,768","145,609","63,218","75,960","21,341","9,571","17,478","2,570",435,13107,
301  ,13108       ,A           ,  ,,680,,13108,  江東区　　　　,  Koto-ku,"524,310","492,456","28,682","539,108","66,472","341,716","110,002","524,310","3,680","4,709","37,530","32,591","633,813","264,278","264,111","131,885","123,488","42,163","20,337","31,686","3,048",742,13108,
301  ,13109       ,A           ,  ,,681,,13109,  品川区　　　　,  Shinagawa-ku,"422,488","390,799","11,897","408,280","47,036","272,685","79,532","422,488","3,368","3,547","32,376","28,471","582,156","237,641","237,447","93,515","136,020","28,949","13,749","23,278","2,944",583,13109,
301  ,13110       ,A           ,  ,,682,,13110,  目黒区　　　　,  Meguro-ku,"288,088","275,731","8,642","279,520","31,547","196,916","55,811","288,088","2,129","2,469","23,368","22,440","301,801","155,715","155,610","65,163","82,777","20,061","9,658","15,295","2,124",445,13110,
301  ,13111       ,A           ,  ,,683,,13111,  大田区　　　　,  Ota-ku,"748,081","700,751","20,358","733,634","77,231","475,656","161,855","748,081","4,900","7,506","49,391","43,392","722,027","400,164","399,628","169,041","214,237","59,687","27,685","42,732","4,423","1,007",13111,
301  ,13112       ,A           ,  ,,684,,13112,  世田谷区　　　,  Setagaya-ku,"943,664","916,972","22,364","918,141","108,940","638,629","190,042","943,664","6,216","7,805","57,584","54,028","854,838","492,065","491,717","226,028","250,635","70,647","36,052","53,926","5,468","1,160",13112,
301  ,13113       ,A           ,  ,,685,,13113,  渋谷区　　　　,  Shibuya-ku,"243,883","214,511","8,704","230,609","22,984","154,258","41,261","243,883","1,758","1,853","21,212","20,345","551,344","149,967","149,856","47,370","96,707","14,451","7,098","12,346","1,847",403,13113,
301  ,13114       ,A           ,  ,,686,,13114,  中野区　　　　,  Nakano-ku,"344,880","315,718","15,391","337,377","29,123","231,515","65,878","344,880","2,262","3,083","31,000","29,335","325,767","208,093","207,944","70,052","129,649","23,448","11,154","20,419","2,413",471,13114,
301  ,13115       ,A           ,  ,,687,,13115,  杉並区　　　　,  Suginami-ku,"591,108","551,816","14,107","572,843","58,944","380,639","117,072","591,108","3,950","5,238","41,216","39,445","498,067","336,339","336,103","129,392","196,919","43,236","21,993","32,609","3,379",642,13115,
301  ,13116       ,A           ,  ,,688,,13116,  豊島区　　　　,  Toshima-ku,"301,599","272,053","25,573","291,650","26,489","211,034","58,539","301,599","1,854","2,670","28,320","28,356","412,070","183,819","183,687","60,515","117,608","19,698","9,139","20,837","1,944",377,13116,
301  ,13117       ,A           ,  ,,689,,13117,  北区　　　　　,  Kita-ku,"355,213","334,774","20,368","357,701","36,527","229,948","87,381","355,213","2,379","4,206","28,859","25,778","332,018","189,700","189,579","81,615","99,015","30,249","13,840","27,761","2,177",441,13117,
301  ,13118       ,A           ,  ,,690,,13118,  荒川区　　　　,  Arakawa-ku,"217,475","199,289","16,814","219,268","24,470","141,156","50,411","217,475","1,534","2,291","16,618","15,210","193,640","112,009","111,799","51,395","55,368","17,610","7,837","15,281","1,270",302,13118,
301  ,13119       ,A           ,  ,,691,,13119,  板橋区　　　　,  Itabashi-ku,"584,483","543,391","23,049","572,927","60,014","367,976","132,602","584,483","3,392","5,989","40,342","35,816","523,358","314,446","314,133","130,904","170,849","46,805","22,377","37,998","3,166",828,13119,
301  ,13120       ,A           ,  ,,692,,13120,  練馬区　　　　,  Nerima-ku,"752,608","714,410","18,129","741,540","85,920","478,648","159,298","752,608","5,104","7,397","44,642","41,420","601,359","374,842","374,485","180,328","178,473","60,417","29,377","39,077","3,576",949,13120,
301  ,13121       ,A           ,  ,,693,,13121,  足立区　　　　,  Adachi-ku,"695,043","644,285","29,791","693,223","75,589","424,335","170,261","695,043","3,990","8,550","38,769","34,237","619,375","345,346","345,010","162,832","163,352","61,807","27,872","45,384","3,390","1,101",13121,
301  ,13122       ,A           ,  ,,694,,13122,  葛飾区　　　　,  Katsushika-ku,"453,093","432,623","19,229","467,000","51,556","285,968","111,893","453,093","2,916","5,374","26,816","24,469","376,832","215,948","215,709","109,139","93,974","40,521","17,860","29,065","2,183",688,13122,
301  ,13123       ,A           ,  ,,695,,13123,  江戸川区　　　,  Edogawa-ku,"697,932","650,161","31,840","689,961","86,270","449,387","145,764","697,932","4,426","6,921","36,780","35,819","571,717","333,200","332,895","167,983","148,816","54,707","24,535","36,628","3,230","1,090",13123,
301  ,13201       ,A           ,  ,,696,,13201,八王子市　　　,Hachioji-shi,"579,355","554,415","11,790","560,692","62,867","344,893","153,504","525,295","2,748","6,405","23,425","21,788","574,070","267,020","266,549","141,921","110,686","59,690","31,243","29,223","1,866",824,13201,
301  ,13202       ,A           ,  ,,697,,13202,立川市　　　　,Tachikawa-shi,"183,581","179,304","4,221","185,825","21,828","115,971","45,524","182,834","1,134","1,976","11,189","10,029","207,832","89,727","89,599","46,407","40,896","17,131","8,892","12,540",800,244,13202,
301  ,13203       ,A           ,  ,,698,,13203,武蔵野市　　　,Musashino-shi,"150,149","143,186","2,911","147,809","17,232","95,301","31,725","150,149","1,098","1,396","9,815","9,816","162,221","78,054","77,966","35,818","39,402","12,082","6,361","8,159",833,170,13203,
301  ,13204       ,A           ,  ,,699,,13204,三鷹市　　　　,Mitaka-shi,"195,391","185,052","3,411","189,959","23,468","123,039","41,623","195,391","1,241","1,806","11,110","10,653","175,413","96,389","96,116","46,590","45,726","15,365","7,811","10,222",872,208,13204,
301  ,13205       ,A           ,  ,,700,,13205,青梅市　　　　,Ome-shi,"133,535","131,357","1,858","129,468","13,763","76,704","42,492","105,591",522,"2,001","4,723","4,314","120,804","56,523","56,354","33,562","19,099","15,221","7,825","7,412",372,194,13205,
301  ,13206       ,A           ,  ,,701,,13206,府中市　　　　,Fuchu-shi,"262,790","251,627","4,893","260,078","32,986","165,586","56,764","262,790","1,577","2,513","13,780","13,049","249,891","123,931","123,766","64,555","54,568","22,016","10,930","12,995","1,044",299,13206,
301  ,13207       ,A           ,  ,,702,,13207,昭島市　　　　,Akishima-shi,"113,949","110,425","2,669","114,516","13,780","68,947","30,003","107,357",756,"1,336","5,467","4,806","105,988","52,163","52,111","29,494","20,446","11,449","5,712","7,165",453,173,13207,
301  ,13208       ,A           ,  ,,703,,13208,調布市　　　　,Chofu-shi,"242,614","230,300","3,980","238,774","28,754","153,175","50,414","242,614","1,590","2,154","13,417","12,640","215,825","120,945","120,790","58,082","57,424","19,257","9,876","11,767","1,122",292,13208,
301  ,13209       ,A           ,  ,,704,,13209,町田市　　　　,Machida-shi,"431,079","416,777","6,276","430,380","51,174","253,130","116,470","409,438","2,244","4,770","17,545","15,522","389,137","192,015","191,703","112,436","71,308","45,360","24,841","23,278","1,310",528,13209,
301  ,13210       ,A           ,  ,,705,,13210,小金井市　　　,Koganei-shi,"126,074","120,520","2,456","124,614","14,879","80,498","25,591","126,074",943,"1,051","7,573","7,657","110,012","63,182","63,140","30,618","30,485","9,958","5,222","6,111",647,160,13210,
301  ,13211       ,A           ,  ,,706,,13211,小平市　　　　,Kodaira-shi,"198,739","188,185","4,673","196,913","25,072","121,648","45,060","198,739","1,281","1,938","10,298","9,819","176,977","91,287","91,125","49,316","38,015","17,419","8,848","9,666",694,227,13211,
301  ,13212       ,A           ,  ,,707,,13212,日野市　　　　,Hino-shi,"190,435","181,908","2,989","187,494","22,894","115,015","45,652","188,621","1,181","1,849","9,261","8,473","168,522","90,404","90,257","47,275","39,135","17,804","9,338","9,993",743,220,13212,
301  ,13213       ,A           ,  ,,708,,13213,東村山市　　　,Higashimurayama-shi,"151,815","146,966","2,723","151,751","17,720","90,285","40,749","151,743",872,"1,912","6,625","5,917","124,202","68,478","68,340","38,846","26,136","15,401","7,726","9,055",463,196,13213,
301  ,13214       ,A           ,  ,,709,,13214,国分寺市　　　,Kokubunji-shi,"129,242","122,391","2,257","128,762","15,082","81,431","27,184","129,242",918,"1,163","8,163","7,371","110,258","63,962","63,916","31,735","29,880","10,873","5,572","5,860",547,122,13214,
301  ,13215       ,A           ,  ,,710,,13215,国立市　　　　,Kunitachi-shi,"77,130","73,679","1,565","75,889","8,448","48,511","17,748","75,958",444,757,"4,445","4,416","73,548","38,275","38,227","18,947","17,924","6,836","3,499","4,373",317,101,13215,
301  ,13218       ,A           ,  ,,711,,13218,福生市　　　　,Fussa-shi,"56,414","52,577","3,080","56,512","5,692","34,800","15,153","56,412",285,681,"3,426","3,167","51,695","28,148","28,117","13,896","13,054","5,550","2,813","4,093",290,83,13218,
301  ,13219       ,A           ,  ,,712,,13219,狛江市　　　　,Komae-shi,"84,772","81,557","1,159","82,102","9,736","52,699","19,961","84,772",543,865,"4,271","4,532","62,979","42,616","42,578","20,705","20,347","7,513","3,820","5,196",348,102,13219,
301  ,13220       ,A           ,  ,,713,,13220,東大和市　　　,Higashiyamato-shi,"83,901","82,703","1,071","85,085","10,661","50,007","22,923","83,156",495,996,"3,661","3,020","67,364","36,336","36,291","22,743","11,781","9,165","4,766","5,012",261,134,13220,
301  ,13221       ,A           ,  ,,714,,13221,清瀬市　　　　,Kiyose-shi,"76,208","73,650","1,230","74,596","8,710","44,106","21,482","73,564",399,"1,012","3,558","3,148","65,931","35,003","34,918","19,120","14,500","7,822","4,013","5,172",243,112,13221,
301  ,13222       ,A           ,  ,,715,,13222,東久留米市　　,Higashikurume-shi,"115,271","112,209","2,028","116,512","13,735","67,397","32,745","115,271",650,"1,474","4,958","4,520","95,619","51,217","51,146","30,414","18,148","12,738","6,520","7,600",362,122,13222,
301  ,13223       ,A           ,  ,,716,,13223,武蔵村山市　　,Musashimurayama-shi,"70,829","68,476","1,472","71,018","9,375","41,663","18,847","67,104",401,823,"2,845","2,669","67,567","29,978","29,956","18,417","9,892","7,524","3,743","3,744",206,119,13223,
301  ,13224       ,A           ,  ,,717,,13224,多摩市　　　　,Tama-shi,"146,951","144,361","2,366","147,776","16,577","87,607","42,582","144,468",674,"1,526","6,401","6,087","146,247","68,415","68,354","39,471","26,359","17,204","9,464","8,943",415,167,13224,
301  ,13225       ,A           ,  ,,718,,13225,稲城市　　　　,Inagi-shi,"93,151","90,418","1,312","93,781","13,130","58,186","20,087","87,331",665,765,"4,355","3,952","74,976","39,906","39,880","24,289","13,933","7,860","4,222","3,981",377,117,13225,
301  ,13227       ,A           ,  ,,719,,13227,羽村市　　　　,Hamura-shi,"54,326","52,873","1,313","54,416","6,531","32,849","14,728","53,551",270,608,"2,688","2,660","51,710","23,809","23,789","14,130","8,499","5,680","2,893","2,883",204,82,13227,
301  ,13228       ,A           ,  ,,720,,13228,あきる野市　　,Akiruno-shi,"79,292","77,709",839,"79,513","9,235","43,149","23,792","63,819",376,"1,099","2,960","2,507","67,342","31,887","31,840","20,114","8,856","9,150","4,802","3,519",224,128,13228,
301  ,13229       ,A           ,  ,,721,,13229,西東京市　　　,Nishitokyo-shi,"207,388","197,586","4,566","205,899","24,707","128,947","48,446","207,388","1,303","2,130","10,386","9,827","167,697","97,018","96,896","52,598","39,856","18,869","9,488","11,202",722,272,13229,
301  ,13303       ,A           ,  ,,722,,13303,瑞穂町　　　　,Mizuho-machi,"31,765","31,026",712,"32,062","3,443","18,609","9,517","22,061",131,423,"1,375","1,177","35,317","13,017","13,000","7,959","3,935","3,619","1,776","1,479",87,61,13303,
301  ,13305       ,A           ,  ,,723,,13305,日の出町　　　,Hinode-machi,"16,958","16,784",75,"16,300","2,235","8,095","6,538",...,71,381,702,515,"17,760","6,012","5,973","4,119","1,440","2,176","1,186",726,41,28,13305,
301  ,13307       ,A           ,  ,,724,,13307,檜原村　　　　,Hinohara-mura,"2,003","1,998",5,"1,986",131,806,"1,058",...,7,75,81,55,"2,133",835,830,440,301,313,148,193,4,1,13307,
301  ,13308       ,A           ,  ,,725,,13308,奥多摩町　　　,Okutama-machi,"4,750","4,698",48,"4,603",337,"1,998","2,410",...,17,174,188,153,"4,925","1,984","1,975","1,120",690,739,390,463,10,4,13308,
301  ,13361       ,A           ,  ,,726,,13361,大島町　　　　,Oshima-machi,"7,102","7,016",86,"6,982",710,"3,679","2,713",...,32,146,466,522,"7,276","3,712","3,657","1,665","1,880",874,568,963,18,15,13361,
301  ,13362       ,A           ,  ,,727,,13362,利島村　　　　,Toshima-mura,327,322,5,314,50,197,80,...,1,5,42,46,351,193,193,70,121,28,17,33,4,0,13362,
301  ,13363       ,A           ,  ,,728,,13363,新島村　　　　,Niijima-mura,"2,441","2,430",11,"2,453",272,"1,202",967,...,10,41,160,153,"2,451","1,163","1,160",609,464,329,199,230,8,2,13363,
301  ,13364       ,A           ,  ,,729,,13364,神津島村　　　,Kouzushima-mura,"1,855","1,850",5,"1,775",274,994,587,...,12,34,71,86,"1,857",808,804,441,289,209,112,107,4,3,13364,
301  ,13381       ,A           ,  ,,730,,13381,三宅村　　　　,Miyake-mura,"2,273","2,242",31,"2,254",225,"1,151",894,...,10,48,189,202,"2,345","1,377","1,376",531,819,284,177,356,14,5,13381,
301  ,13382       ,A           ,  ,,731,,13382,御蔵島村　　　,Mikurajima-mura,323,313,10,291,60,205,58,...,1,4,36,38,330,187,187,66,120,21,11,21,0,0,13382,
301  ,13401       ,A           ,  ,,732,,13401,八丈町　　　　,Hachijo-machi,"7,042","6,955",82,"6,968",799,"3,415","2,801",...,31,118,413,374,"7,133","3,767","3,758","1,747","1,846",914,534,944,22,12,13401,
301  ,13402       ,A           ,  ,,733,,13402,青ヶ島村　　　,Aogashima-mura,169,169,0,156,21,117,31,...,4,1,36,46,205,118,118,28,90,7,4,19,0,0,13402,
301  ,13421       ,A           ,  ,,734,,13421,小笠原村　　　,Ogasawara-mura,"2,929","2,905",23,"2,600",416,"2,099",413,...,23,11,312,304,"3,021","1,469","1,457",558,867,137,88,158,21,10,13421,
301  ,14000       ,A           ,  ,,735,,14   ,神奈川県　　,Kanagawa-ken,"9,237,337","8,876,834","195,535","9,208,688","1,085,763","5,628,918","2,308,578","8,743,513","56,498","98,821","453,284","424,678","8,468,946","4,223,706","4,210,122","2,350,377","1,650,991","893,164","460,516","459,724","40,191","12,797",14   ,
301  ,14100       ,A           ,  ,,736,,14100,横浜市　　　　,Yokohama-shi,"3,777,491","3,618,590","88,067","3,752,969","441,810","2,316,309","920,583","3,688,620","22,990","39,387","195,455","185,724","3,495,975","1,753,081","1,744,208","971,451","699,171","357,647","186,237","194,694","16,339","4,978",14100,
301  ,14101       ,A           ,  ,,737,,14101,  鶴見区　　　　,  Tsurumi-ku,"297,437","278,443","12,225","294,106","36,803","190,307","61,321","297,437","1,830","2,836","16,352","15,938","266,213","145,586","145,406","71,864","67,450","23,231","10,665","15,655","1,418",424,14101,
301  ,14102       ,A           ,  ,,738,,14102,  神奈川区　　　,  Kanagawa-ku,"247,267","233,268","6,441","243,726","26,954","158,506","52,276","241,938","1,671","2,365","16,594","15,386","244,746","129,183","129,048","57,755","66,436","19,563","9,597","13,111","1,413",351,14102,
301  ,14103       ,A           ,  ,,739,,14103,  西区　　　　　,  Nishi-ku,"104,935","98,758","4,413","105,137","11,437","70,904","19,860","104,935",685,935,"8,543","8,114","199,589","57,054","57,015","24,314","30,618","7,311","3,566","5,367",692,146,14103,
301  ,14104       ,A           ,  ,,740,,14104,  中区　　　　　,  Naka-ku,"151,388","129,855","12,708","154,056","14,687","92,756","34,057","151,388",693,"1,804","11,836","10,385","242,204","85,108","79,335","33,644","42,867","11,174","5,508","8,931",738,239,14104,
301  ,14105       ,A           ,  ,,741,,14105,  南区　　　　　,  Minami-ku,"198,157","184,564","9,165","200,169","19,082","120,735","52,098","198,157",987,"2,478","13,258","11,297","160,600","103,719","103,427","47,067","52,254","18,939","9,155","14,957",872,332,14105,
301  ,14106       ,A           ,  ,,742,,14106,  保土ケ谷区　　,  Hodogaya-ku,"207,811","198,309","4,975","203,180","22,010","125,592","53,928","202,942","1,132","2,544","10,970","10,067","174,848","99,126","98,965","52,108","42,717","20,635","10,498","11,894",798,237,14106,
301  ,14107       ,A           ,  ,,743,,14107,  磯子区　　　　,  Isogo-ku,"166,731","157,583","4,083","166,143","18,866","95,645","45,053","163,226",935,"1,904","7,949","8,308","139,664","78,731","78,628","43,225","32,111","17,646","9,070","10,612",635,211,14107,
301  ,14108       ,A           ,  ,,744,,14108,  金沢区　　　　,  Kanazawa-ku,"198,939","193,764","2,795","193,279","21,575","114,166","58,735","197,689",930,"2,308","7,744","8,226","193,074","89,869","89,779","53,774","32,302","24,162","13,225","11,115",585,217,14108,
301  ,14109       ,A           ,  ,,745,,14109,  港北区　　　　,  Kohoku-ku,"358,530","343,067","6,083","355,528","43,403","233,947","68,932","353,387","2,926","2,956","21,775","20,778","330,958","175,521","175,177","89,040","78,965","27,160","13,858","14,723","2,360",460,14109,
301  ,14110       ,A           ,  ,,746,,14110,  戸塚区　　　　,  Totsuka-ku,"283,709","276,609","3,878","281,702","36,456","169,787","72,489","270,765","1,854","2,954","11,661","11,151","245,012","122,053","121,796","76,624","39,938","28,742","15,315","13,693","1,010",350,14110,
301  ,14111       ,A           ,  ,,747,,14111,  港南区　　　　,  Konan-ku,"215,248","210,599","2,696","213,152","23,477","126,300","61,517","213,747","1,210","2,441","8,863","8,620","174,862","95,526","95,430","58,328","32,792","24,628","13,231","12,432",821,279,14111,
301  ,14112       ,A           ,  ,,748,,14112,  旭区　　　　　,  Asahi-ku,"245,174","240,190","2,695","242,899","27,724","140,995","72,746","237,584","1,354","3,163","9,555","8,779","200,238","107,049","106,792","65,400","36,415","28,252","14,964","14,722",805,309,14112,
301  ,14113       ,A           ,  ,,749,,14113,  緑区　　　　　,  Midori-ku,"183,082","176,930","3,767","181,773","23,051","112,148","44,623","176,179","1,134","1,784","8,875","8,227","150,048","79,411","79,305","48,634","27,142","17,591","9,130","8,230",734,234,14113,
301  ,14114       ,A           ,  ,,750,,14114,  瀬谷区　　　　,  Seya-ku,"122,623","119,689","1,705","122,105","14,176","71,781","34,579","118,102",696,"1,547","5,544","4,793","102,517","52,414","52,260","32,219","17,074","13,288","6,704","6,678",457,188,14114,
301  ,14115       ,A           ,  ,,751,,14115,  栄区　　　　　,  Sakae-ku,"120,194","117,921","1,075","121,239","13,460","67,310","37,447","114,266",743,"1,429","5,744","5,078","99,497","52,592","52,438","33,360","16,839","15,120","8,670","6,914",437,156,14115,
301  ,14116       ,A           ,  ,,752,,14116,  泉区　　　　　,  Izumi-ku,"152,378","149,347","2,252","151,286","17,792","88,790","44,188","137,329",968,"1,811","5,709","5,657","119,956","62,847","62,637","41,635","17,561","17,453","9,223","7,495",570,191,14116,
301  ,14117       ,A           ,  ,,753,,14117,  青葉区　　　　,  Aoba-ku,"310,756","302,160","3,989","308,151","39,002","197,248","68,106","303,580","1,862","2,542","13,791","14,597","248,048","132,819","132,502","85,141","42,411","27,718","15,824","11,848","1,176",376,14117,
301  ,14118       ,A           ,  ,,754,,14118,  都筑区　　　　,  Tsuzuki-ku,"213,132","207,534","3,122","215,338","31,855","139,392","38,628","205,969","1,380","1,586","10,692","10,323","203,901","84,473","84,268","57,319","23,279","15,034","8,034","6,317",818,278,14118,
301  ,14130       ,A           ,  ,,755,,14130,川崎市　　　　,Kawasaki-shi,"1,538,262","1,465,906","38,482","1,529,136","189,490","1,001,271","301,151","1,527,291","11,248","13,586","96,821","91,346","1,342,397","747,452","745,988","373,427","340,715","114,792","55,881","66,075","9,233","2,038",14130,
301  ,14131       ,A           ,  ,,756,,14131,  川崎区　　　　,  Kawasaki-ku,"232,965","210,540","13,134","232,922","24,813","147,628","49,709","232,965","1,287","2,693","14,744","13,528","270,642","123,515","122,879","50,554","66,457","17,565","7,497","13,385","1,236",387,14131,
301  ,14132       ,A           ,  ,,757,,14132,  幸区　　　　　,  Saiwai-ku,"171,119","165,140","4,844","173,298","22,919","109,665","36,643","171,119","1,468","1,721","10,444","9,434","163,160","80,088","80,003","42,849","33,310","13,594","6,224","8,406",994,239,14132,
301  ,14133       ,A           ,  ,,758,,14133,  中原区　　　　,  Nakahara-ku,"263,683","252,913","5,240","262,300","34,069","183,026","39,332","263,683","2,364","1,831","20,264","19,628","219,767","134,763","134,619","62,232","67,360","15,079","7,084","9,266","2,255",334,14133,
301  ,14134       ,A           ,  ,,759,,14134,　高津区　　　　,  Takatsu-ku,"234,328","224,370","4,685","231,310","29,342","154,646","43,090","234,328","1,769","1,934","15,466","14,328","192,337","113,791","113,575","57,002","51,964","16,311","7,795","9,222","1,438",307,14134,
301  ,14135       ,A           ,  ,,760,,14135,　多摩区　　　　,  Tama-ku,"221,734","210,154","4,494","216,379","23,445","147,040","42,661","221,687","1,696","1,846","15,063","14,074","175,337","113,583","113,427","51,363","56,903","16,463","8,217","8,822","1,598",267,14135,
301  ,14136       ,A           ,  ,,761,,14136,　宮前区　　　　,  Miyamae-ku,"233,728","227,128","3,385","234,713","31,863","148,225","47,043","232,758","1,603","1,958","11,911","11,623","174,215","102,317","102,189","61,789","36,466","19,055","9,781","9,388",967,303,14136,
301  ,14137       ,A           ,  ,,762,,14137,　麻生区　　　　,  Asao-ku,"180,705","175,661","2,700","178,214","23,039","111,041","42,673","170,751","1,061","1,603","8,929","8,731","146,939","79,395","79,296","47,638","28,255","16,725","9,283","7,586",745,201,14137,
301  ,14150       ,A           ,  ,,763,,14150,相模原市　　　,Sagamihara-shi,"725,493","690,937","13,334","717,861","82,532","435,860","185,236","665,841","4,140","8,008","32,014","29,693","645,219","332,770","332,249","181,991","132,680","72,772","37,350","33,410","2,759","1,036",14150,
301  ,14151       ,A           ,  ,,764,,14151,　緑区　　　　　,  Midori-ku,"170,207","163,185","2,935","166,625","18,760","99,493","47,692","121,888",861,"1,940","6,347","6,643","153,256","74,962","74,855","43,250","26,894","18,950","9,977","7,374",559,248,14151,
301  ,14152       ,A           ,  ,,765,,14152,　中央区　　　　,  Chuo-ku,"273,875","260,496","5,063","272,325","32,538","166,179","66,752","267,525","1,586","3,036","11,980","10,680","253,174","124,877","124,658","68,482","49,563","26,177","13,113","12,446",993,437,14152,
301  ,14153       ,A           ,  ,,766,,14153,　南区　　　　　,  Minami-ku,"281,411","267,256","5,336","278,911","31,234","170,188","70,792","276,428","1,693","3,032","13,687","12,370","238,789","132,931","132,736","70,259","56,223","27,645","14,260","13,590","1,207",351,14153,
301  ,14201       ,A           ,  ,,767,,14201,横須賀市　　　,Yokosuka-shi,"388,078","382,667","5,081","383,488","40,747","221,918","124,727","364,104","1,824","5,382","13,175","14,034","357,706","165,473","165,101","100,722","53,983","47,817","24,816","25,009","1,257",530,14201,
301  ,14203       ,A           ,  ,,768,,14203,平塚市　　　　,Hiratsuka-shi,"258,422","249,623","4,715","256,856","29,331","151,095","72,510","240,517","1,334","3,034","10,025","7,526","255,152","112,191","112,002","64,888","39,496","27,589","13,790","12,888",889,379,14203,
301  ,14204       ,A           ,  ,,769,,14204,鎌倉市　　　　,Kamakura-shi,"172,710","170,631","1,401","175,625","19,587","98,856","53,378","166,447",890,"2,355","6,965","6,417","167,884","75,722","75,607","47,342","24,252","20,730","11,339","10,435",559,240,14204,
301  ,14205       ,A           ,  ,,770,,14205,藤沢市　　　　,Fujisawa-shi,"436,905","425,047","5,198","445,172","56,803","265,260","106,517","411,445","3,051","4,418","18,273","17,011","405,999","193,204","192,960","114,000","69,938","41,589","21,853","20,849","1,904",699,14205,
301  ,14206       ,A           ,  ,,771,,14206,小田原市　　　,Odawara-shi,"188,856","183,545","2,312","187,040","20,684","108,355","56,588","164,884","1,020","2,648","6,475","6,171","183,931","81,864","81,622","46,521","28,359","20,614","10,335","10,537",683,258,14206,
301  ,14207       ,A           ,  ,,772,,14207,茅ヶ崎市　　　,Chigasaki-shi,"242,389","238,852","1,753","247,785","31,061","144,452","64,882","228,616","1,515","2,512","10,135","7,615","197,099","102,532","102,364","65,993","31,039","25,909","13,826","11,752",902,373,14207,
301  ,14208       ,A           ,  ,,773,,14208,逗子市　　　　,Zushi-shi,"57,060","55,543",491,"58,510","6,386","31,144","17,948","54,618",313,810,"2,090","2,014","46,568","24,869","24,837","15,892","7,510","7,072","3,883","3,693",178,77,14208,
301  ,14210       ,A           ,  ,,774,,14210,三浦市　　　　,Miura-shi,"42,069","41,643",294,"40,578","3,472","21,264","17,158","22,376",144,715,"1,107","1,172","36,860","17,210","17,153","10,249","5,075","5,920","3,007","2,937",93,64,14210,
301  ,14211       ,A           ,  ,,775,,14211,秦野市　　　　,Hadano-shi,"162,439","156,966","3,254","159,257","17,797","93,225","48,518","144,282",728,"1,889","5,836","5,106","142,491","70,478","70,325","40,911","24,662","19,026","10,054","7,632",486,231,14211,
301  ,14212       ,A           ,  ,,776,,14212,厚木市　　　　,Atsugi-shi,"223,705","213,520","7,283","223,940","26,156","136,825","57,522","194,615","1,207","2,359","9,731","8,789","259,057","100,360","100,132","55,705","38,784","22,728","11,809","9,671",836,355,14212,
301  ,14213       ,A           ,  ,,777,,14213,大和市　　　　,Yamato-shi,"239,169","226,223","6,189","245,038","28,937","146,702","56,696","237,810","1,813","2,438","11,721","10,560","209,220","110,519","110,397","59,700","44,958","21,801","10,843","11,681","1,305",409,14213,
301  ,14214       ,A           ,  ,,778,,14214,伊勢原市　　　,Isehara-shi,"101,780","97,675","2,509","100,156","11,659","61,640","26,579","79,937",609,"1,122","4,937","4,243","97,238","45,361","45,286","25,352","17,224","10,276","5,364","4,520",409,134,14214,
301  ,14215       ,A           ,  ,,779,,14215,海老名市　　　,Ebina-shi,"136,516","132,164","2,431","139,604","17,660","82,979","33,825","127,325","1,078","1,311","6,331","5,590","128,095","58,339","58,225","36,409","18,881","13,738","7,352","5,511",614,187,14215,
301  ,14216       ,A           ,  ,,780,,14216,座間市　　　　,Zama-shi,"132,325","126,292","2,935","131,356","14,957","80,388","33,638","124,805",771,"1,441","6,093","5,636","116,203","60,257","60,153","34,235","22,688","13,437","6,764","6,635",535,219,14216,
301  ,14217       ,A           ,  ,,781,,14217,南足柄市　　　,Minamiashigara-shi,"40,841","40,292",335,"40,666","4,492","22,509","13,440","31,957",147,548,"1,271","1,231","35,489","16,285","16,241","10,370","4,209","5,061","2,721","2,010",108,59,14217,
301  ,14218       ,A           ,  ,,782,,14218,綾瀬市　　　　,Ayase-shi,"83,913","79,277","3,771","84,100","10,852","48,874","23,186","73,952",421,908,"3,493","3,357","80,529","34,879","34,760","21,876","10,699","9,325","4,719","3,767",312,136,14218,
301  ,14301       ,A           ,  ,,783,,14301,葉山町　　　　,Hayama-machi,"31,665","31,126",234,"32,272","3,955","17,156","10,071","23,591",123,414,976,"1,063","24,625","12,932","12,913","8,842","3,261","3,932","2,189","1,723",60,41,14301,
301  ,14321       ,A           ,  ,,784,,14321,寒川町　　　　,Samukawa-machi,"48,348","47,069",857,"49,135","6,165","28,431","13,250","42,867",293,510,"1,976","1,693","45,799","19,862","19,827","12,444","5,899","5,213","2,608","2,056",198,87,14321,
301  ,14341       ,A           ,  ,,785,,14341,大磯町　　　　,Oiso-machi,"31,634","31,484",141,"32,054","3,569","17,192","10,853","27,912",134,482,"1,073",961,"25,154","12,706","12,675","8,553","3,044","4,269","2,322","1,679",71,40,14341,
301  ,14342       ,A           ,  ,,786,,14342,二宮町　　　　,Ninomiya-machi,"27,564","27,278",174,"27,752","2,828","14,887","9,682","24,706",103,391,944,846,"20,793","11,552","11,530","7,537","3,166","3,782","2,087","1,684",56,28,14342,
301  ,14361       ,A           ,  ,,787,,14361,中井町　　　　,Nakai-machi,"9,300","8,967",329,"8,932",839,"4,836","3,303",...,25,127,256,278,"12,013","3,436","3,425","2,121",777,"1,162",618,332,17,8,14361,
301  ,14362       ,A           ,  ,,788,,14362,大井町　　　　,Oi-machi,"17,129","16,897",120,"17,473","2,019","10,031","4,963","13,006",100,179,754,541,"14,687","6,683","6,653","4,180","1,729","1,811",921,636,43,24,14362,
301  ,14363       ,A           ,  ,,789,,14363,松田町　　　　,Matsuda-machi,"10,836","10,661",80,"10,487","1,030","6,030","3,651","8,005",54,171,324,"1,071","10,468","4,572","4,567","2,593","1,463","1,301",621,650,31,16,14363,
301  ,14364       ,A           ,  ,,790,,14364,山北町　　　　,Yamakita-machi,"9,761","9,688",73,"9,435",821,"5,039","3,873",...,25,178,223,238,"9,691","3,936","3,843","2,266","1,001","1,380",701,600,12,7,14364,
301  ,14366       ,A           ,  ,,791,,14366,開成町　　　　,Kaisei-machi,"18,329","18,150",156,"18,649","2,709","10,804","4,768","13,692",136,174,769,649,"15,723","6,936","6,924","4,652","1,675","1,678",886,605,67,29,14366,
301  ,14382       ,A           ,  ,,792,,14382,箱根町　　　　,Hakone-machi,"11,293","10,768",354,"10,907",683,"5,940","4,120",...,21,206,"1,156","1,176","17,307","6,360","6,348","2,075","3,833","1,247",674,"1,033",31,13,14382,
301  ,14383       ,A           ,  ,,793,,14383,真鶴町　　　　,Manazuru-machi,"6,722","6,659",56,"6,710",446,"3,344","2,923",...,15,125,189,235,"5,126","2,963","2,959","1,742",908,"1,073",524,593,17,8,14383,
301  ,14384       ,A           ,  ,,794,,14384,湯河原町　　　,Yugawara-machi,"23,426","23,045",273,"23,483","1,749","11,477","9,961","15,306",64,481,"1,019","1,125","20,636","10,696","10,662","5,646","4,103","3,275","1,762","2,279",54,29,14384,
301  ,14401       ,A           ,  ,,795,,14401,愛川町　　　　,Aikawa-machi,"39,869","36,633","2,831","39,498","4,231","23,225","11,947","24,986",153,474,"1,592","1,451","40,936","17,099","17,062","9,951","5,533","4,796","2,447","1,978",129,63,14401,
301  ,14402       ,A           ,  ,,796,,14402,清川村　　　　,Kiyokawa-mura,"3,038","3,016",22,"2,764",306,"1,600","1,131",...,9,38,85,116,"2,876","1,127","1,124",741,276,402,213,170,4,2,14402,
301  ,15000       ,A           ,  ,,797,,15   ,新潟県　　　,Niigata-ken,"2,201,272","2,168,416","15,028","2,137,672","247,480","1,210,917","715,935","1,119,029","11,732","32,313","55,234","61,084","2,200,267","864,750","862,796","459,787","266,182","223,973","105,469","98,746","6,823","2,415",15   ,
301  ,15100       ,A           ,  ,,798,,15100,新潟市　　　　,Niigata-shi,"789,275","772,337","4,672","767,565","91,023","450,987","230,990","593,568","4,733","10,071","26,679","27,252","799,446","331,272","330,697","177,397","116,138","77,333","37,040","35,041","2,830",934,15100,
301  ,15101       ,A           ,  ,,799,,15101,　北区　　　　　,  Kita-ku,"72,804","71,554",469,"71,052","8,148","40,231","22,508","38,910",372,"1,026","1,881","2,120","70,513","27,418","27,344","15,524","7,552","7,549","3,407","2,644",182,84,15101,
301  ,15102       ,A           ,  ,,800,,15102,　東区　　　　　,  Higashi-ku,"134,446","132,089",800,"131,665","15,846","77,848","38,819","127,886",826,"1,733","4,360","4,806","124,337","57,491","57,417","32,366","19,447","13,835","6,557","6,643",515,184,15102,
301  ,15103       ,A           ,  ,,801,,15103,　中央区　　　　,  Chuo-ku,"180,345","173,544","1,540","172,300","19,565","107,451","46,509","179,149","1,182","2,045","9,175","9,056","232,902","90,860","90,748","41,089","44,151","16,014","8,071","10,409",799,199,15103,
301  ,15104       ,A           ,  ,,802,,15104,　江南区　　　　,  Konan-ku,"67,972","67,268",342,"67,687","8,711","38,303","20,495","38,479",477,897,"2,199","2,259","67,440","24,891","24,847","15,405","5,838","6,716","3,064","2,431",263,83,15104,
301  ,15105       ,A           ,  ,,803,,15105,　秋葉区　　　　,  Akiha-ku,"75,069","74,240",249,"74,543","9,030","41,311","23,887","47,390",425,"1,007","1,826","1,824","64,612","28,003","27,945","16,822","6,751","7,865","3,616","2,987",229,87,15105,
301  ,15106       ,A           ,  ,,804,,15106,　南区　　　　　,  Minami-ku,"43,437","42,883",159,"42,736","4,910","24,371","13,657","14,552",255,615,"1,023","1,026","42,089","14,922","14,871","8,491","3,199","3,928","1,607","1,255",139,52,15106,
301  ,15107       ,A           ,  ,,805,,15107,　西区　　　　　,  Nishi-ku,"160,656","156,690",876,"154,123","19,165","91,892","46,131","135,651",939,"1,934","5,169","4,972","146,281","69,006","68,883","37,150","25,342","15,998","8,287","6,735",528,193,15107,
301  ,15108       ,A           ,  ,,806,,15108,　西蒲区　　　　,  Nishikan-ku,"54,546","54,069",237,"53,459","5,648","29,580","18,984","11,551",257,814,"1,046","1,189","51,272","18,681","18,642","10,550","3,858","5,428","2,431","1,937",175,52,15108,
301  ,15202       ,A           ,  ,,807,,15202,長岡市　　　　,Nagaoka-shi,"266,936","264,201","2,091","258,205","31,270","149,389","83,371","130,872","1,555","3,646","5,639","6,411","273,428","104,489","104,168","55,492","32,318","25,869","12,397","11,226",881,306,15202,
301  ,15204       ,A           ,  ,,808,,15204,三条市　　　　,Sanjo-shi,"94,642","93,563",596,"92,359","10,607","51,991","31,258","51,561",491,"1,382","1,842","1,941","98,577","34,000","33,939","18,956","8,292","9,582","4,096","3,699",260,85,15204,
301  ,15205       ,A           ,  ,,809,,15205,柏崎市　　　　,Kashiwazaki-shi,"81,526","79,760",779,"77,493","8,633","44,253","27,398","35,614",390,"1,314","1,616","2,056","83,010","33,904","33,839","17,787","11,378","8,817","4,492","4,175",245,93,15205,
301  ,15206       ,A           ,  ,,810,,15206,新発田市　　　,Shibata-shi,"94,927","93,973",574,"92,855","11,067","52,607","30,646","49,405",516,"1,423","2,217","2,500","91,958","35,191","35,126","19,279","9,386","9,348","4,193","3,876",282,102,15206,
301  ,15208       ,A           ,  ,,811,,15208,小千谷市　　　,Ojiya-shi,"34,096","33,810",172,"33,186","3,823","17,981","12,092","10,476",174,506,694,874,"34,141","12,113","12,086","6,447","2,905","3,609","1,548","1,321",103,30,15208,
301  ,15209       ,A           ,  ,,812,,15209,加茂市　　　　,Kamo-shi,"25,441","25,324",89,"24,569","2,407","13,607","9,356","15,832",96,453,383,507,"23,740","9,396","9,389","5,154","2,296","2,999","1,320","1,246",50,18,15209,
301  ,15210       ,A           ,  ,,813,,15210,十日町市　　　,Tokamachi-shi,"49,820","49,464",276,"48,128","5,255","24,595","19,838","15,070",186,802,692,"1,115","48,692","18,012","17,959","9,126","4,461","5,720","2,792","2,397",111,45,15210,
301  ,15211       ,A           ,  ,,814,,15211,見附市　　　　,Mitsuke-shi,"39,237","38,908",230,"38,584","4,495","21,682","12,939","24,852",210,530,859,958,"34,729","14,136","14,106","8,129","3,215","4,076","1,880","1,471",117,39,15211,
301  ,15212       ,A           ,  ,,815,,15212,村上市　　　　,Murakami-shi,"57,418","57,104",312,"54,765","5,520","29,209","22,619","15,291",243,"1,101",902,"1,225","55,745","21,549","21,466","10,717","6,041","6,397","3,042","3,230",139,63,15212,
301  ,15213       ,A           ,  ,,816,,15213,燕市　　　　　,Tsubame-shi,"77,201","76,352",456,"76,712","8,863","43,797","24,060","30,059",417,"1,097","1,801","1,833","77,226","28,522","28,477","16,185","7,109","7,658","3,210","2,789",246,83,15213,
301  ,15216       ,A           ,  ,,817,,15216,糸魚川市　　　,Itoigawa-shi,"40,765","40,242",361,"38,859","4,005","20,213","16,296","12,592",171,811,734,"1,021","40,426","16,442","16,402","8,811","4,939","5,217","2,666","2,577",98,42,15216,
301  ,15217       ,A           ,  ,,818,,15217,妙高市　　　　,Myoko-shi,"30,383","30,075",264,"29,885","3,139","15,826","11,319","7,912",117,508,673,830,"29,391","11,306","11,266","5,926","2,954","3,346","1,659","1,479",74,27,15217,
301  ,15218       ,A           ,  ,,819,,15218,五泉市　　　　,Gosen-shi,"47,625","47,129",472,"46,523","4,857","25,570","17,143","20,956",166,813,714,890,"42,772","17,021","16,976","8,985","4,202","5,137","2,112","2,192",104,41,15218,
301  ,15222       ,A           ,  ,,820,,15222,上越市　　　　,Joetsu-shi,"188,047","185,027","1,507","182,911","22,044","102,314","61,460","87,881",991,"2,758","3,900","4,368","188,219","72,850","72,655","38,405","21,902","18,796","9,379","8,179",628,211,15222,
301  ,15223       ,A           ,  ,,821,,15223,阿賀野市　　　,Agano-shi,"40,696","40,371",240,"39,873","4,501","22,065","14,011","11,239",197,659,702,789,"36,996","13,484","13,457","7,200","2,795","3,867","1,526","1,465",98,33,15223,
301  ,15224       ,A           ,  ,,822,,15224,佐渡市　　　　,Sado-shi,"51,492","51,208",200,"49,336","5,143","24,279","21,927",...,211,"1,269",984,"1,249","51,500","21,261","21,197","10,616","7,015","6,543","3,366","4,036",113,62,15224,
301  ,15225       ,A           ,  ,,823,,15225,魚沼市　　　　,Uonuma-shi,"34,483","34,209",220,"33,149","3,610","17,816","12,899",...,143,599,578,768,"32,847","12,703","12,655","6,614","3,278","3,853","1,721","1,578",81,33,15225,
301  ,15226       ,A           ,  ,,824,,15226,南魚沼市　　　,Minamiuonuma-shi,"54,851","53,962",689,"53,320","6,561","29,347","18,391","5,849",282,824,"1,205","1,520","55,163","19,576","19,526","9,341","5,407","4,946","2,115","1,807",147,58,15226,
301  ,15227       ,A           ,  ,,825,,15227,胎内市　　　　,Tainai-shi,"28,509","28,219",190,"27,284","2,968","15,165","10,262",...,124,444,599,716,"28,326","10,305","10,276","5,400","2,697","2,967","1,374","1,145",53,23,15227,
301  ,15307       ,A           ,  ,,826,,15307,聖籠町　　　　,Seiro-machi,"14,259","13,930",277,"14,055","2,073","8,390","3,716",...,93,141,449,586,"18,510","4,804","4,796","2,497","1,238",950,338,333,54,28,15307,
301  ,15342       ,A           ,  ,,827,,15342,弥彦村　　　　,Yahiko-mura,"7,705","7,685",20,"7,591",925,"4,305","2,471",...,24,108,111,138,"6,688","2,605","2,596","1,521",503,743,306,273,17,10,15342,
301  ,15361       ,A           ,  ,,828,,15361,田上町　　　　,Tagami-machi,"11,227","11,183",39,"10,815","1,019","5,960","4,228",...,46,179,191,267,"8,799","3,990","3,983","2,278",874,"1,319",531,499,18,16,15361,
301  ,15385       ,A           ,  ,,829,,15385,阿賀町　　　　,Aga-machi,"9,965","9,929",36,"9,416",673,"4,346","4,944",...,21,232,124,239,"9,491","4,061","4,048","1,958","1,288","1,441",714,909,12,4,15385,
301  ,15405       ,A           ,  ,,830,,15405,出雲崎町　　　,Izumozaki-machi,"4,113","4,099",14,"3,996",372,"1,936","1,803",...,13,110,89,123,"3,610","1,535","1,528",788,416,512,237,293,5,1,15405,
301  ,15461       ,A           ,  ,,831,,15461,湯沢町　　　　,Yuzawa-machi,"7,767","7,640",111,"8,122",678,"4,012","2,958",...,35,146,535,431,"8,686","3,583","3,579","1,499","1,566",884,444,630,22,10,15461,
301  ,15482       ,A           ,  ,,832,,15482,津南町　　　　,Tsunan-machi,"8,989","8,886",103,"8,672",882,"4,273","3,767",...,48,192,131,182,"8,989","3,119","3,108","1,541",714,990,459,447,15,10,15482,
301  ,15504       ,A           ,  ,,833,,15504,刈羽村　　　　,Kariwa-mura,"4,380","4,353",14,"4,286",558,"2,379","1,408",...,27,58,88,129,"4,379","1,595","1,592",857,391,431,233,161,11,3,15504,
301  ,15581       ,A           ,  ,,834,,15581,関川村　　　　,Sekikawa-mura,"5,144","5,122",22,"4,835",467,"2,458","2,219",...,11,131,69,131,"4,427","1,756","1,751",827,393,582,259,249,9,4,15581,
301  ,15586       ,A           ,  ,,835,,15586,粟島浦村　　　,Awashimaura-mura,353,351,2,323,42,165,146,...,1,6,34,35,356,170,153,54,71,41,20,23,0,1,15586,
301  ,16000       ,A           ,  ,,836,,16   ,富山県　　　,Toyama-ken,"1,034,814","1,009,388","16,326","1,019,004","115,177","568,052","333,008","414,349","6,022","15,052","24,939","26,801","1,032,775","403,989","403,007","220,136","119,523","103,992","50,694","46,175","3,496","1,074",16   ,
301  ,16201       ,A           ,  ,,837,,16201,富山市　　　　,Toyama-shi,"413,938","403,780","6,380","406,483","48,134","235,817","122,767","246,850","2,617","5,395","9,899","10,806","436,841","171,917","171,528","93,795","58,015","40,608","20,401","19,338","1,637",494,16201,
301  ,16202       ,A           ,  ,,838,,16202,高岡市　　　　,Takaoka-shi,"166,393","159,520","2,986","164,053","16,902","86,993","54,956","83,714",987,"2,546","4,210","4,346","165,976","65,586","65,463","34,268","19,609","17,009","8,276","7,760",590,173,16202,
301  ,16204       ,A           ,  ,,839,,16204,魚津市　　　　,Uozu-shi,"40,535","39,869",384,"39,274","3,923","21,193","13,906","12,074",207,698,"1,010","1,204","40,199","15,800","15,750","8,355","4,814","4,293","1,969","1,964",151,45,16204,
301  ,16205       ,A           ,  ,,840,,16205,氷見市　　　　,Himi-shi,"43,950","43,525",424,"43,205","4,022","22,499","17,391","9,803",177,828,619,827,"37,722","15,759","15,726","8,451","3,548","4,994","2,403","2,215",80,41,16205,
301  ,16206       ,A           ,  ,,841,,16206,滑川市　　　　,Namerikawa-shi,"32,349","31,902",387,"32,728","4,047","18,432","9,744","6,736",211,435,996,912,"30,426","12,115","12,092","7,171","3,027","3,120","1,448","1,254",101,36,16206,
301  ,16207       ,A           ,  ,,842,,16207,黒部市　　　　,Kurobe-shi,"39,638","39,171",315,"39,697","4,645","21,761","12,517",...,226,542,"1,107","1,166","41,960","15,238","15,203","8,579","4,199","4,094","1,914","1,622",130,44,16207,
301  ,16208       ,A           ,  ,,843,,16208,砺波市　　　　,Tonami-shi,"48,154","47,060",709,"47,024","5,911","27,087","14,593","5,707",307,677,"1,378","1,567","45,431","17,147","17,102","9,032","4,514","3,892","1,802","1,510",169,46,16208,
301  ,16209       ,A           ,  ,,844,,16209,小矢部市　　　,Oyabe-shi,"28,983","28,413",514,"28,356","2,940","15,086","10,817","5,319",143,470,694,661,"29,020","9,726","9,673","5,021","2,103","2,815","1,297","1,004",77,23,16209,
301  ,16210       ,A           ,  ,,845,,16210,南砺市　　　　,Nanto-shi,"47,937","47,104",811,"46,949","4,979","24,165","18,753",...,228,907,906,"1,048","46,935","16,483","16,410","8,323","3,740","4,927","2,402","2,004",109,28,16210,
301  ,16211       ,A           ,  ,,846,,16211,射水市　　　　,Imizu-shi,"90,742","88,002","2,374","90,997","11,269","51,219","27,743","44,146",591,"1,190","2,444","2,340","87,129","33,812","33,752","19,612","8,758","8,838","4,352","3,424",286,76,16211,
301  ,16321       ,A           ,  ,,847,,16321,舟橋村　　　　,Funahashi-mura,"3,132","3,081",51,"3,299",528,"1,971",631,...,26,33,134,108,"2,213","1,051","1,049",758,162,191,89,58,7,3,16321,
301  ,16322       ,A           ,  ,,848,,16322,上市町　　　　,Kamiichi-machi,"19,351","19,133",217,"19,027","1,852","10,280","7,199",...,72,361,433,403,"17,184","7,256","7,235","4,336","1,701","2,365","1,079","1,063",39,14,16322,
301  ,16323       ,A           ,  ,,849,,16323,立山町　　　　,Tateyama-machi,"24,792","24,573",207,"24,567","2,780","13,698","8,273",...,116,373,473,591,"20,741","9,047","9,008","5,478","1,969","2,689","1,307","1,027",55,22,16323,
301  ,16342       ,A           ,  ,,850,,16342,入善町　　　　,Nyuzen-machi,"23,839","23,305",443,"22,629","2,342","12,621","8,780",...,90,367,479,571,"21,428","8,699","8,676","4,606","2,211","2,595","1,179","1,153",47,22,16342,
301  ,16343       ,A           ,  ,,851,,16343,朝日町　　　　,Asahi-machi,"11,081","10,950",124,"10,716",903,"5,230","4,938",...,24,230,157,251,"9,570","4,353","4,340","2,351","1,153","1,562",776,779,18,7,16343,
301  ,17000       ,A           ,  ,,852,,17   ,石川県　　　,Ishikawa-ken,"1,132,526","1,102,692","13,685","1,109,226","137,096","641,383","333,660","610,464","7,075","14,316","33,484","35,945","1,134,448","469,910","468,835","255,131","162,531","110,470","59,024","52,169","4,214","1,255",17   ,
301  ,17201       ,A           ,  ,,853,,17201,金沢市　　　　,Kanazawa-shi,"463,254","446,412","4,798","444,996","56,073","271,778","121,222","399,221","3,022","5,206","14,098","15,495","497,783","207,520","207,119","106,430","85,258","41,638","22,229","21,358","1,965",508,17201,
301  ,17202       ,A           ,  ,,854,,17202,七尾市　　　　,Nanao-shi,"50,300","49,257",643,"48,268","4,997","25,395","19,370","10,006",182,835,"1,065","1,480","52,447","20,328","20,253","10,484","6,583","5,988","3,168","2,930",138,48,17202,
301  ,17203       ,A           ,  ,,855,,17203,小松市　　　　,Komatsu-shi,"106,216","102,830","2,271","106,104","13,834","60,584","30,443","34,682",735,"1,264","3,486","3,243","107,410","41,312","41,217","23,684","12,319","10,000","5,382","4,263",430,123,17203,
301  ,17204       ,A           ,  ,,856,,17204,輪島市　　　　,Wajima-shi,"24,608","24,360",173,"23,119","1,807","11,351","11,327","7,859",78,608,406,834,"24,741","10,208","10,172","5,198","3,390","3,482","2,021","2,154",59,16,17204,
301  ,17205       ,A           ,  ,,857,,17205,珠洲市　　　　,Suzu-shi,"12,929","12,838",75,"12,574",926,"5,309","6,673",...,44,325,213,297,"13,048","5,517","5,490","2,782","1,691","2,071","1,240","1,185",25,6,17205,
301  ,17206       ,A           ,  ,,858,,17206,加賀市　　　　,Kaga-shi,"63,220","62,143",915,"62,545","6,715","33,589","22,681","12,777",314,976,"1,411","1,611","61,556","25,261","25,184","13,308","8,088","6,949","3,498","4,074",187,64,17206,
301  ,17207       ,A           ,  ,,859,,17207,羽咋市　　　　,Hakui-shi,"20,407","20,262",145,"19,863","1,928","10,189","8,231","5,663",82,386,484,522,"20,393","8,046","8,023","4,520","2,165","2,641","1,453","1,241",48,10,17207,
301  ,17209       ,A           ,  ,,860,,17209,かほく市　　　,Kahoku-shi,"34,889","34,500",297,"36,024","4,696","19,657","10,314",...,301,428,"1,075",847,"30,870","12,528","12,497","7,642","2,879","3,276","1,644","1,252",126,47,17209,
301  ,17210       ,A           ,  ,,861,,17210,白山市　　　　,Hakusan-shi,"110,408","108,485","1,402","112,652","15,154","63,630","30,899","37,796",749,"1,200","3,150","2,890","108,140","40,958","40,888","26,262","9,421","10,821","5,700","3,611",353,144,17210,
301  ,17211       ,A           ,  ,,862,,17211,能美市　　　　,Nomi-shi,"48,523","47,278","1,134","49,697","6,811","28,783","12,692","8,733",331,518,"1,636","1,587","46,095","18,192","18,158","10,913","4,828","4,225","2,191","1,529",187,52,17211,
301  ,17212       ,A           ,  ,,863,,17212,野々市市　　　,Nonoichi-shi,"57,238","55,606",473,"54,163","8,322","35,979","11,203","50,410",524,423,"3,286","3,343","52,274","26,200","26,159","12,486","11,772","3,746","1,942","1,587",335,96,17212,
301  ,17324       ,A           ,  ,,864,,17324,川北町　　　　,Kawakita-machi,"6,135","6,072",63,"6,099","1,057","3,630","1,448",...,49,42,121,159,"5,710","1,915","1,913","1,319",250,411,220,130,15,3,17324,
301  ,17361       ,A           ,  ,,865,,17361,津幡町　　　　,Tsubata-machi,"36,957","36,527",275,"37,457","5,057","22,675","9,040","21,895",255,413,"1,097","1,045","28,093","13,399","13,361","8,773","2,855","3,078","1,551","1,121",133,48,17361,
301  ,17365       ,A           ,  ,,866,,17365,内灘町　　　　,Uchinada-machi,"26,574","25,988",320,"26,030","3,305","15,554","7,081","21,422",150,266,774,730,"20,046","10,802","10,780","6,254","3,446","2,565","1,347","1,025",69,30,17365,
301  ,17384       ,A           ,  ,,867,,17384,志賀町　　　　,Shika-machi,"18,630","18,467",163,"18,263","1,656","8,605","8,312",...,60,359,269,545,"18,279","7,447","7,427","3,932","2,110","2,576","1,562","1,224",35,18,17384,
301  ,17386       ,A           ,  ,,868,,17386,宝達志水町　　,Hodatsushimizu-cho,"12,121","11,944",173,"12,017","1,081","6,236","4,795",...,42,239,220,399,"10,454","4,428","4,411","2,539","1,004","1,519",803,607,31,10,17386,
301  ,17407       ,A           ,  ,,869,,17407,中能登町　　　,Nakanoto-machi,"16,540","16,361",179,"16,821","1,968","8,418","6,147",...,76,247,275,345,"13,798","6,103","6,093","3,596","1,396","1,980","1,051",856,36,13,17407,
301  ,17461       ,A           ,  ,,870,,17461,穴水町　　　　,Anamizu-machi,"7,890","7,781",80,"7,347",555,"3,400","3,872",...,30,198,177,209,"8,252","3,288","3,267","1,670","1,144","1,134",642,676,17,7,17461,
301  ,17463       ,A           ,  ,,871,,17463,能登町　　　　,Noto-cho,"15,687","15,581",106,"15,187","1,154","6,621","7,910",...,51,383,241,364,"15,059","6,458","6,423","3,339","1,932","2,370","1,380","1,346",25,12,17463,
301  ,18000       ,A           ,  ,,872,,18   ,福井県　　　,Fukui-ken,"766,863","746,068","13,796","752,390","95,544","427,984","232,684","355,428","4,861","10,519","18,260","21,668","767,987","291,662","290,692","155,501","86,282","69,646","35,264","31,367","2,815",850,18   ,
301  ,18201       ,A           ,  ,,873,,18201,福井市　　　　,Fukui-shi,"262,328","255,176","3,879","255,949","33,046","148,658","75,805","184,843","1,791","3,311","6,127","7,191","286,221","104,470","104,190","54,902","34,464","23,273","11,959","11,323","1,099",314,18201,
301  ,18202       ,A           ,  ,,874,,18202,敦賀市　　　　,Tsuruga-shi,"64,264","62,655",734,"62,942","8,110","36,222","18,473","44,610",405,927,"1,677","2,118","64,809","27,849","27,769","15,514","9,863","6,523","3,485","3,398",256,86,18202,
301  ,18204       ,A           ,  ,,875,,18204,小浜市　　　　,Obama-shi,"28,991","27,905",278,"27,974","3,479","15,326","9,278","9,850",215,444,805,890,"29,319","12,082","12,056","6,116","4,307","2,922","1,532","1,530",96,32,18204,
301  ,18205       ,A           ,  ,,876,,18205,大野市　　　　,Ono-shi,"31,286","30,786",469,"30,451","3,346","16,078","11,680","12,792",146,575,494,814,"28,812","10,868","10,689","5,443","2,465","3,089","1,583","1,280",84,38,18205,
301  ,18206       ,A           ,  ,,877,,18206,勝山市　　　　,Katsuyama-shi,"22,150","21,856",277,"21,483","2,468","11,304","8,275","9,027",110,378,341,453,"20,341","7,524","7,485","3,813","1,752","2,207","1,055","1,002",55,20,18206,
301  ,18207       ,A           ,  ,,878,,18207,鯖江市　　　　,Sabae-shi,"68,302","67,087",787,"68,402","9,599","39,408","18,757","27,791",489,814,"1,786","1,985","62,965","23,915","23,870","13,809","5,575","5,534","2,594","2,061",261,80,18207,
301  ,18208       ,A           ,  ,,879,,18208,あわら市　　　,Awara-shi,"27,524","26,977",466,"26,537","2,984","14,873","9,349","5,121",149,429,614,721,"26,754","9,933","9,907","4,936","2,741","2,597","1,270","1,223",89,19,18208,
301  ,18209       ,A           ,  ,,880,,18209,越前市　　　　,Echizen-shi,"80,611","75,526","4,649","79,907","10,151","45,994","23,740","27,985",495,"1,041","2,274","2,558","83,782","29,634","29,578","15,898","8,129","6,841","3,452","2,882",278,81,18209,
301  ,18210       ,A           ,  ,,881,,18210,坂井市　　　　,Sakai-shi,"88,481","86,348","1,409","88,986","11,535","50,701","25,434","27,691",536,"1,067","2,152","2,458","79,056","31,067","31,008","17,475","7,316","7,533","3,773","2,716",299,90,18210,
301  ,18322       ,A           ,  ,,882,,18322,永平寺町　　　,Eiheiji-cho,"18,965","18,546",236,"17,900","2,127","10,848","5,640","5,718",105,269,452,470,"16,781","7,285","7,163","3,314","2,411","1,598",742,554,50,22,18322,
301  ,18382       ,A           ,  ,,883,,18382,池田町　　　　,Ikeda-cho,"2,423","2,409",14,"2,238",195,"1,150","1,078",...,9,47,33,83,"2,157",948,945,425,310,300,150,167,9,1,18382,
301  ,18404       ,A           ,  ,,884,,18404,南越前町　　　,Minamiechizen-cho,"10,002","9,945",57,"9,611","1,163","5,072","3,767",...,45,176,166,242,"7,702","3,266","3,257","1,698",659,967,499,439,32,11,18404,
301  ,18423       ,A           ,  ,,885,,18423,越前町　　　　,Echizen-cho,"20,118","19,943",174,"20,100","2,327","10,595","7,177",...,105,368,341,405,"16,677","6,581","6,566","3,638","1,282","1,954",926,757,66,14,18423,
301  ,18442       ,A           ,  ,,886,,18442,美浜町　　　　,Mihama-cho,"9,179","9,062",70,"8,842",997,"4,816","3,294",...,71,151,239,302,"9,797","3,745","3,738","1,908","1,234","1,037",553,502,40,10,18442,
301  ,18481       ,A           ,  ,,887,,18481,高浜町　　　　,Takahama-cho,"10,326","10,119",144,"9,686","1,201","5,571","3,285",...,58,145,272,342,"11,340","4,500","4,491","2,256","1,738","1,056",546,567,34,14,18481,
301  ,18483       ,A           ,  ,,888,,18483,おおい町　　　,Ohi-cho,"7,910","7,834",68,"7,757","1,088","4,241","2,548",...,64,138,210,271,"8,232","3,165","3,161","1,703",999,801,420,384,26,5,18483,
301  ,18501       ,A           ,  ,,889,,18501,若狭町　　　　,Wakasa-cho,"14,003","13,894",85,"13,625","1,728","7,127","5,104",...,68,239,277,365,"13,242","4,830","4,819","2,653","1,037","1,414",725,582,41,13,18501,
301  ,19000       ,A           ,  ,,890,,19   ,山梨県　　　,Yamanashi-ken,"809,974","786,673","13,993","806,369","91,629","453,633","245,884","254,878","4,759","11,090","28,725","29,311","803,946","338,853","338,057","191,669","110,192","87,027","45,196","42,105","2,875","1,128",19   ,
301  ,19201       ,A           ,  ,,891,,19201,甲府市　　　　,Kofu-shi,"189,591","180,962","4,743","184,827","21,391","108,390","54,487","149,277","1,143","2,526","6,927","7,434","214,429","87,019","86,821","45,453","35,370","19,108","10,014","11,646",822,281,19201,
301  ,19202       ,A           ,  ,,892,,19202,富士吉田市　　,Fujiyoshida-shi,"46,530","44,903",437,"46,770","5,088","26,184","14,006","23,613",300,692,"1,485","1,690","45,962","18,337","18,311","10,450","5,214","4,890","2,471","1,962",175,66,19202,
301  ,19204       ,A           ,  ,,893,,19204,都留市　　　　,Tsuru-shi,"31,016","30,122",517,"28,798","3,133","18,015","8,772","8,067",165,417,"1,187","1,296","30,251","14,044","14,027","6,416","6,079","3,023","1,507","1,327",94,41,19204,
301  ,19205       ,A           ,  ,,894,,19205,山梨市　　　　,Yamanashi-shi,"33,435","33,005",185,"33,114","3,754","18,013","11,396","5,445",187,563,899,911,"30,636","13,001","12,968","8,033","3,389","3,996","1,991","1,869",99,37,19205,
301  ,19206       ,A           ,  ,,895,,19206,大月市　　　　,Otsuki-shi,"22,512","22,208",170,"21,742","1,657","11,464","9,093",...,54,420,484,644,"20,745","9,254","9,232","5,297","2,566","3,265","1,738","1,393",44,11,19206,
301  ,19207       ,A           ,  ,,896,,19207,韮崎市　　　　,Nirasaki-shi,"29,067","28,547",487,"28,089","3,164","16,909","8,906",...,140,354,"1,010","1,074","31,588","11,552","11,526","6,957","3,262","3,164","1,612","1,412",91,46,19207,
301  ,19208       ,A           ,  ,,897,,19208,南アルプス市　,Minamiarupusu-shi,"69,459","68,331",971,"71,660","9,188","40,547","19,302",...,480,789,"2,092","1,746","61,592","26,059","26,014","17,036","5,882","7,027","3,558","2,702",221,89,19208,
301  ,19209       ,A           ,  ,,898,,19209,北杜市　　　　,Hokuto-shi,"44,053","43,545",506,"45,533","4,257","22,112","17,619",...,169,704,"1,595","1,440","45,656","18,893","18,862","11,373","5,645","6,433","3,879","3,308",96,62,19209,
301  ,19210       ,A           ,  ,,899,,19210,甲斐市　　　　,Kai-shi,"75,313","73,488",965,"76,514","9,721","42,576","19,088","52,842",594,720,"3,113","3,025","58,828","31,039","30,986","18,813","9,136","7,403","3,882","3,145",332,161,19210,
301  ,19211       ,A           ,  ,,900,,19211,笛吹市　　　　,Fuefuki-shi,"66,947","65,266",874,"67,271","7,915","37,628","19,870",...,453,940,"2,181","2,139","61,627","26,916","26,866","15,694","7,830","6,856","3,400","3,348",264,95,19211,
301  ,19212       ,A           ,  ,,901,,19212,上野原市　　　,Uenohara-shi,"22,669","22,315",319,"21,637","1,834","12,395","8,254","6,979",59,353,628,717,"22,354","9,509","9,494","5,341","3,003","2,987","1,473","1,261",41,19,19212,
301  ,19213       ,A           ,  ,,902,,19213,甲州市　　　　,Koshu-shi,"29,237","29,045",162,"29,600","3,032","15,440","10,717",...,126,540,746,715,"26,871","11,152","11,135","6,885","2,655","3,659","1,840","1,681",61,32,19213,
301  ,19214       ,A           ,  ,,903,,19214,中央市　　　　,Chuo-shi,"31,216","28,809","1,646","30,657","3,512","17,372","7,548","8,655",179,336,"1,391","1,418","32,257","13,552","13,544","7,270","4,867","2,906","1,574","1,078",110,41,19214,
301  ,19346       ,A           ,  ,,904,,19346,市川三郷町　　,Ichikawamisato-cho,"14,700","14,467",213,"14,693","1,418","7,372","5,525",...,60,276,406,444,"13,199","5,803","5,797","3,551","1,447","1,983","1,006",960,40,18,19346,
301  ,19364       ,A           ,  ,,905,,19364,早川町　　　　,Hayakawa-cho,"1,098","1,091",7,884,72,573,451,...,2,24,47,70,"1,366",675,504,197,274,116,69,165,2,0,19364,
301  ,19365       ,A           ,  ,,906,,19365,身延町　　　　,Minobu-cho,"10,663","10,562",96,"10,051",665,"4,898","5,065",...,18,289,177,261,"10,920","4,588","4,562","2,379","1,519","1,668",843,"1,008",11,11,19365,
301  ,19366       ,A           ,  ,,907,,19366,南部町　　　　,Nambu-cho,"7,156","7,097",59,"6,920",568,"3,464","3,124",...,16,136,137,160,"6,284","2,819","2,812","1,509",758,991,510,507,14,5,19366,
301  ,19368       ,A           ,  ,,908,,19368,富士川町　　　,Fujikawa-cho,"14,219","13,948",144,"14,127","1,530","7,635","4,929",...,64,223,432,481,"12,704","5,638","5,626","3,348","1,545","1,679",794,852,40,14,19368,
301  ,19384       ,A           ,  ,,909,,19384,昭和町　　　　,Showa-cho,"20,909","19,697",692,"21,213","3,283","13,097","3,984",...,187,176,"1,294","1,212","26,190","9,117","9,109","4,971","3,496","1,425",729,638,87,27,19384,
301  ,19422       ,A           ,  ,,910,,19422,道志村　　　　,Doshi-mura,"1,607","1,598",9,"1,545",146,847,614,...,3,31,53,50,"1,355",613,613,295,164,175,101,97,7,5,19422,
301  ,19423       ,A           ,  ,,911,,19423,西桂町　　　　,Nishikatsura-cho,"4,041","4,012",29,"4,001",443,"2,367","1,231",...,19,51,105,156,"3,010","1,484","1,483",935,298,451,220,156,9,9,19423,
301  ,19424       ,A           ,  ,,912,,19424,忍野村　　　　,Oshino-mura,"9,237","8,980",238,"9,758","1,377","6,032","1,809",...,92,86,525,583,"10,771","3,489","3,480","1,670","1,290",476,227,157,79,12,19424,
301  ,19425       ,A           ,  ,,913,,19425,山中湖村　　　,Yamanakako-mura,"5,179","5,055",121,"5,768",606,"2,822","1,731",...,27,58,294,269,"5,482","1,969","1,966","1,061",548,523,310,237,19,7,19425,
301  ,19429       ,A           ,  ,,914,,19429,鳴沢村　　　　,Narusawa-mura,"2,824","2,802",21,"3,079",329,"1,498",957,...,17,53,94,115,"2,851","1,056","1,054",645,224,330,185,112,8,2,19429,
301  ,19430       ,A           ,  ,,915,,19430,富士河口湖町　,Fujikawaguchiko-machi,"26,082","25,613",373,"26,965","3,439","15,422","6,860",...,200,309,"1,356","1,177","25,821","10,653","10,643","5,794","3,463","2,306","1,147",937,107,37,19430,
301  ,19442       ,A           ,  ,,916,,19442,小菅村　　　　,Kosuge-mura,684,676,8,639,68,306,310,...,1,9,28,40,691,339,339,156,142,94,66,82,1,0,19442,
301  ,19443       ,A           ,  ,,917,,19443,丹波山村　　　,Tabayama-mura,530,529,1,514,39,255,236,...,4,15,39,44,506,283,283,140,126,93,50,65,1,0,19443,
301  ,20000       ,A           ,  ,,918,,20   ,長野県　　　,Nagano-ken,"2,048,011","1,997,083","31,491","2,028,135","242,873","1,118,429","646,942","719,893","12,143","28,503","64,711","66,639","2,042,696","832,097","829,979","465,774","257,508","219,505","112,936","96,359","7,288","2,559",20   ,
301  ,20201       ,A           ,  ,,919,,20201,長野市　　　　,Nagano-shi,"372,760","361,952","3,094","365,572","42,777","201,890","108,243","272,005","2,391","4,790","10,044","10,961","383,757","156,975","156,645","86,000","52,425","38,140","20,016","16,501","1,466",439,20201,
301  ,20202       ,A           ,  ,,920,,20202,松本市　　　　,Matsumoto-shi,"241,145","234,020","3,425","235,475","30,107","139,128","66,647","149,054","1,641","2,903","8,965","8,596","255,115","104,934","104,707","54,831","39,707","22,649","11,457","11,012","1,048",345,20202,
301  ,20203       ,A           ,  ,,921,,20203,上田市　　　　,Ueda-shi,"154,055","149,325","3,148","152,484","18,338","86,410","47,130","46,284",932,"2,130","4,389","4,300","156,464","64,296","64,116","36,591","20,782","16,520","8,555","7,485",581,221,20203,
301  ,20204       ,A           ,  ,,922,,20204,岡谷市　　　　,Okaya-shi,"47,790","47,015",723,"47,038","5,452","25,609","16,522","40,225",264,701,"1,243","1,443","47,033","19,274","19,239","11,199","5,681","5,677","2,805","2,568",168,67,20204,
301  ,20205       ,A           ,  ,,923,,20205,飯田市　　　　,Iida-shi,"98,164","95,551","1,995","96,197","12,373","52,701","31,987","30,370",639,"1,419","2,409","3,322","102,005","38,903","38,806","20,883","11,853","10,030","5,212","4,823",362,114,20205,
301  ,20206       ,A           ,  ,,924,,20206,諏訪市　　　　,Suwa-shi,"48,729","47,199","1,075","48,008","5,926","27,232","15,034","14,381",307,639,"1,711","1,952","51,928","20,776","20,739","11,215","7,333","5,076","2,639","2,481",194,60,20206,
301  ,20207       ,A           ,  ,,925,,20207,須坂市　　　　,Suzaka-shi,"49,559","48,692",624,"49,582","6,025","27,198","16,017","25,732",280,705,"1,466","1,315","48,427","18,839","18,792","11,347","4,820","5,523","2,785","2,320",160,54,20207,
301  ,20208       ,A           ,  ,,926,,20208,小諸市　　　　,Komoro-shi,"40,991","40,172",753,"41,521","4,731","22,257","13,773",...,265,579,"1,613","1,460","39,887","16,831","16,780","9,896","5,058","4,760","2,435","2,355",149,79,20208,
301  ,20209       ,A           ,  ,,927,,20209,伊那市　　　　,Ina-shi,"66,125","64,391","1,645","65,357","8,183","36,480","20,663","9,859",370,895,"2,019","2,168","66,677","26,238","26,173","15,054","7,261","7,102","3,650","3,026",228,87,20209,
301  ,20210       ,A           ,  ,,928,,20210,駒ヶ根市　　　,Komagane-shi,"32,202","31,351",552,"31,664","3,953","17,956","9,921","6,415",196,506,"1,084","1,087","33,443","12,956","12,914","6,970","4,167","3,186","1,671","1,372",131,37,20210,
301  ,20211       ,A           ,  ,,929,,20211,中野市　　　　,Nakano-shi,"42,338","41,448",546,"42,586","5,086","23,236","13,670","11,829",216,571,"1,093","1,254","42,301","15,799","15,773","8,940","4,115","4,385","2,007","1,719",125,47,20211,
301  ,20212       ,A           ,  ,,930,,20212,大町市　　　　,Omachi-shi,"26,029","25,470",468,"25,684","2,460","13,174","9,891",...,108,426,825,921,"26,714","10,739","10,706","5,776","3,306","3,291","1,736","1,568",83,34,20212,
301  ,20213       ,A           ,  ,,931,,20213,飯山市　　　　,Iiyama-shi,"19,539","19,326",191,"19,214","2,003","10,049","7,445",...,83,339,438,666,"19,539","7,251","7,227","3,853","1,798","2,311","1,142","1,008",47,10,20213,
301  ,20214       ,A           ,  ,,932,,20214,茅野市　　　　,Chino-shi,"56,400","54,927",907,"54,279","7,050","31,411","17,059","11,835",299,703,"1,846","1,872","55,259","23,848","23,796","13,070","8,164","5,912","3,299","2,712",191,77,20214,
301  ,20215       ,A           ,  ,,933,,20215,塩尻市　　　　,Shiojiri-shi,"67,241","65,443","1,233","65,623","8,360","39,154","19,155","38,976",423,851,"2,288","2,353","66,280","27,997","27,957","15,338","9,494","6,470","3,212","2,617",305,89,20215,
301  ,20217       ,A           ,  ,,934,,20217,佐久市　　　　,Saku-shi,"98,199","95,778","1,109","97,676","12,480","54,115","30,170","19,098",655,"1,313","3,307","3,353","97,468","39,924","39,802","23,120","12,399","10,299","5,323","4,704",360,143,20217,
301  ,20218       ,A           ,  ,,935,,20218,千曲市　　　　,Chikuma-shi,"58,852","57,849",754,"59,179","6,880","32,027","19,628","20,091",365,898,"1,644","1,536","54,812","22,023","21,958","13,413","5,294","6,611","3,169","2,567",196,68,20218,
301  ,20219       ,A           ,  ,,936,,20219,東御市　　　　,Tomi-shi,"30,122","29,657",465,"29,256","3,652","17,120","9,333",...,172,354,877,951,"28,906","11,260","11,241","7,159","2,396","3,477","1,510","1,043",93,30,20219,
301  ,20220       ,A           ,  ,,937,,20220,安曇野市　　　,Azumino-shi,"94,222","92,609","1,092","96,249","11,364","52,221","29,932","8,490",520,"1,248","3,023","2,673","87,061","36,491","36,429","21,958","9,302","10,202","5,174","4,029",302,106,20220,
301  ,20303       ,A           ,  ,,938,,20303,小海町　　　　,Koumi-machi,"4,353","4,284",68,"4,247",404,"2,095","1,831",...,16,87,148,202,"4,547","1,788","1,776","1,002",526,612,342,307,10,4,20303,
301  ,20304       ,A           ,  ,,939,,20304,川上村　　　　,Kawakami-mura,"4,344","3,519",825,"3,741",449,"2,697","1,196",...,21,54,428,395,"4,372","1,257","1,257",499,298,277,141,152,14,9,20304,
301  ,20305       ,A           ,  ,,940,,20305,南牧村　　　　,Minamimaki-mura,"3,242","2,788",452,"3,017",338,"1,894",996,...,20,60,257,272,"3,598","1,075","1,072",502,298,287,154,122,5,2,20305,
301  ,20306       ,A           ,  ,,941,,20306,南相木村　　　,Minamiaiki-mura,962,941,21,931,95,474,392,...,3,14,27,48,794,406,404,200,140,119,69,88,2,2,20306,
301  ,20307       ,A           ,  ,,942,,20307,北相木村　　　,Kitaaiki-mura,752,718,34,659,104,378,270,...,3,15,45,59,634,342,330,177,121,90,55,65,1,3,20307,
301  ,20309       ,A           ,  ,,943,,20309,佐久穂町　　　,Sakuho-machi,"10,218","10,139",70,"10,298","1,055","5,188","3,958",...,49,177,215,276,"8,496","3,922","3,912","2,350",942,"1,383",698,610,22,9,20309,
301  ,20321       ,A           ,  ,,944,,20321,軽井沢町　　　,Karuizawa-machi,"19,188","18,660",393,"21,599","2,133","9,991","6,148",...,80,277,"1,322","1,224","23,358","8,586","8,564","4,940","2,916","2,401","1,453","1,010",61,29,20321,
301  ,20323       ,A           ,  ,,945,,20323,御代田町　　　,Miyota-machi,"15,555","14,943",367,"16,551","1,914","9,036","4,323",...,114,173,"1,198",794,"13,692","6,711","6,698","3,796","2,291","1,524",850,670,42,21,20323,
301  ,20324       ,A           ,  ,,946,,20324,立科町　　　　,Tateshina-machi,"6,612","6,496",107,"6,724",624,"3,529","2,441",...,32,109,193,205,"6,233","2,606","2,594","1,525",684,853,429,349,17,9,20324,
301  ,20349       ,A           ,  ,,947,,20349,青木村　　　　,Aoki-mura,"4,121","4,091",30,"4,151",478,"2,018","1,624",...,20,71,99,130,"3,384","1,553","1,549",999,317,567,303,223,11,4,20349,
301  ,20350       ,A           ,  ,,948,,20350,長和町　　　　,Nagawa-machi,"5,600","5,552",48,"5,605",524,"2,696","2,380",...,29,118,129,174,"4,885","2,318","2,310","1,368",627,857,459,433,15,3,20350,
301  ,20361       ,A           ,  ,,949,,20361,下諏訪町　　　,Shimosuwa-machi,"19,155","18,825",234,"18,823","2,056","9,581","7,360","15,249",89,317,556,570,"17,889","7,847","7,831","4,453","2,423","2,510","1,317","1,173",48,23,20361,
301  ,20362       ,A           ,  ,,950,,20362,富士見町　　　,Fujimi-machi,"14,084","13,820",214,"14,209","1,651","7,229","5,115",...,53,203,524,405,"15,205","5,610","5,600","3,257","1,583","1,718",919,771,35,13,20362,
301  ,20363       ,A           ,  ,,951,,20363,原村　　　　　,Hara-mura,"7,680","7,552",116,"8,093",979,"4,009","2,667",...,42,114,308,230,"6,556","2,895","2,885","1,844",630,904,514,331,16,8,20363,
301  ,20382       ,A           ,  ,,952,,20382,辰野町　　　　,Tatsuno-machi,"18,555","18,166",353,"18,289","2,014","9,499","6,999",...,79,328,464,575,"18,056","7,258","7,244","4,272","1,902","2,419","1,264","1,027",52,14,20382,
301  ,20383       ,A           ,  ,,953,,20383,箕輪町　　　　,Minowa-machi,"24,989","24,199",743,"24,463","3,043","13,137","7,168",...,136,314,812,897,"24,279","9,504","9,496","5,269","2,506","2,426","1,185",881,86,32,20383,
301  ,20384       ,A           ,  ,,954,,20384,飯島町　　　　,Iijima-machi,"9,004","8,781",223,"8,955","1,003","4,671","3,329",...,37,151,272,280,"8,448","3,391","3,384","1,903",861,"1,091",532,411,21,13,20384,
301  ,20385       ,A           ,  ,,955,,20385,南箕輪村　　　,Minamiminowa-mura,"15,797","15,463",276,"16,109","2,494","9,492","3,699",...,139,165,785,691,"14,269","6,445","6,435","3,645","2,127","1,284",661,508,69,20,20385,
301  ,20386       ,A           ,  ,,956,,20386,中川村　　　　,Nakagawa-mura,"4,651","4,588",63,"4,664",609,"2,365","1,677",...,27,62,136,141,"3,762","1,614","1,611",880,330,502,252,191,11,4,20386,
301  ,20388       ,A           ,  ,,957,,20388,宮田村　　　　,Miyada-mura,"8,569","8,282",272,"8,794","1,190","4,814","2,543",...,52,97,265,278,"8,312","3,279","3,257","1,969",824,848,433,357,21,3,20388,
301  ,20402       ,A           ,  ,,958,,20402,松川町　　　　,Matsukawa-machi,"12,530","12,416",114,"12,659","1,535","6,667","4,324",...,90,164,356,333,"11,896","4,428","4,409","2,566",909,"1,307",686,492,34,16,20402,
301  ,20403       ,A           ,  ,,959,,20403,高森町　　　　,Takamori-machi,"12,811","12,602",158,"12,770","1,785","6,777","4,162",...,85,186,352,396,"11,320","4,453","4,441","2,558",956,"1,228",607,434,32,14,20403,
301  ,20404       ,A           ,  ,,960,,20404,阿南町　　　　,Anan-cho,"4,299","4,258",41,"4,078",393,"1,926","1,953",...,16,128,149,164,"4,447","1,611","1,579",793,496,486,300,286,10,3,20404,
301  ,20407       ,A           ,  ,,961,,20407,阿智村　　　　,Achi-mura,"6,068","5,941",127,"5,989",794,"3,017","2,257",...,38,101,172,178,"6,237","2,152","2,142","1,141",547,614,344,298,14,11,20407,
301  ,20409       ,A           ,  ,,962,,20409,平谷村　　　　,Hiraya-mura,387,384,3,375,46,210,131,...,2,6,23,28,363,196,195,94,89,42,25,47,0,0,20409,
301  ,20410       ,A           ,  ,,963,,20410,根羽村　　　　,Neba-mura,852,837,15,825,57,348,447,...,4,27,44,52,815,383,381,167,135,121,76,72,1,0,20410,
301  ,20411       ,A           ,  ,,964,,20411,下條村　　　　,Shimojo-mura,"3,545","3,509",36,"3,479",467,"1,832","1,246",...,24,57,64,90,"2,945","1,160","1,158",660,213,335,161,119,9,2,20411,
301  ,20412       ,A           ,  ,,965,,20412,売木村　　　　,Urugi-mura,548,541,7,473,57,219,260,...,0,8,29,44,565,279,277,125,122,84,63,59,0,2,20412,
301  ,20413       ,A           ,  ,,966,,20413,天龍村　　　　,Tenryu-mura,"1,178","1,165",11,"1,088",72,374,732,...,4,39,31,30,"1,179",563,558,270,243,209,132,181,3,2,20413,
301  ,20414       ,A           ,  ,,967,,20414,泰阜村　　　　,Yasuoka-mura,"1,542","1,516",26,"1,479",188,704,650,...,13,44,46,63,"1,326",595,590,316,181,192,111,116,3,0,20414,
301  ,20415       ,A           ,  ,,968,,20415,喬木村　　　　,Takagi-mura,"5,973","5,915",57,"5,972",803,"3,043","2,126",...,32,104,159,161,"5,038","2,036","2,024","1,207",378,653,319,239,12,5,20415,
301  ,20416       ,A           ,  ,,969,,20416,豊丘村　　　　,Toyooka-mura,"6,426","6,307",119,"6,570",877,"3,432","2,117",...,43,106,167,164,"5,594","2,122","2,119","1,246",347,628,282,205,14,12,20416,
301  ,20417       ,A           ,  ,,970,,20417,大鹿村　　　　,Oshika-mura,"1,023","1,011",12,887,98,460,465,...,4,33,35,57,"1,119",532,438,234,167,159,94,104,4,1,20417,
301  ,20422       ,A           ,  ,,971,,20422,上松町　　　　,Agematsu-machi,"4,131","4,076",55,"4,001",375,"2,003","1,753",...,8,82,124,120,"4,103","1,785","1,773",902,645,577,290,327,12,2,20422,
301  ,20423       ,A           ,  ,,972,,20423,南木曽町　　　,Nagiso-machi,"3,915","3,882",29,"3,765",414,"1,806","1,683",...,12,99,92,153,"3,868","1,630","1,625",888,506,544,301,306,11,3,20423,
301  ,20425       ,A           ,  ,,973,,20425,木祖村　　　　,Kiso-mura,"2,692","2,668",24,"2,579",284,"1,240","1,168",...,9,65,36,60,"2,273","1,013","1,012",598,235,377,195,166,3,1,20425,
301  ,20429       ,A           ,  ,,974,,20429,王滝村　　　　,Otaki-mura,715,702,13,657,41,365,308,...,4,19,29,34,710,371,371,170,166,106,58,73,0,0,20429,
301  ,20430       ,A           ,  ,,975,,20430,大桑村　　　　,Okuwa-mura,"3,439","3,363",76,"3,322",283,"1,673","1,482",...,18,72,83,105,"3,322","1,477","1,475",806,462,508,286,234,7,4,20430,
301  ,20432       ,A           ,  ,,976,,20432,木曽町　　　　,Kiso-machi,"10,584","10,423",121,"10,031",916,"5,090","4,426",...,34,213,278,309,"11,247","4,680","4,657","2,487","1,618","1,525",834,795,26,14,20432,
301  ,20446       ,A           ,  ,,977,,20446,麻績村　　　　,Omi-mura,"2,593","2,575",18,"2,471",241,"1,189","1,163",...,9,65,40,49,"2,227",971,968,559,243,347,183,182,6,7,20446,
301  ,20448       ,A           ,  ,,978,,20448,生坂村　　　　,Ikusaka-mura,"1,639","1,628",11,"1,650",169,774,696,...,13,18,52,66,"1,407",665,664,344,202,225,110,133,6,2,20448,
301  ,20450       ,A           ,  ,,979,,20450,山形村　　　　,Yamagata-mura,"8,400","8,237",163,"8,526","1,121","4,830","2,436",...,49,93,255,213,"7,212","3,012","3,009","1,898",623,822,381,265,19,13,20450,
301  ,20451       ,A           ,  ,,980,,20451,朝日村　　　　,Asahi-mura,"4,279","4,238",41,"4,317",525,"2,379","1,375",...,29,69,89,99,"3,660","1,474","1,471",925,237,456,195,140,22,5,20451,
301  ,20452       ,A           ,  ,,981,,20452,筑北村　　　　,Chikuhoku-mura,"4,149","4,121",28,"4,044",314,"1,905","1,930",...,12,78,94,130,"3,364","1,687","1,683",973,446,707,360,299,13,3,20452,
301  ,20481       ,A           ,  ,,982,,20481,池田町　　　　,Ikeda-machi,"9,382","9,258",120,"9,239",926,"4,730","3,708",...,38,176,261,253,"8,724","3,543","3,533","2,158",801,"1,270",691,500,17,13,20481,
301  ,20482       ,A           ,  ,,983,,20482,松川村　　　　,Matsukawa-mura,"9,599","9,455",134,"9,586","1,069","5,188","3,305",...,42,107,378,302,"7,245","3,577","3,565","2,154",830,"1,092",542,388,28,16,20482,
301  ,20485       ,A           ,  ,,984,,20485,白馬村　　　　,Hakuba-mura,"8,575","8,222",292,"9,159",961,"4,726","2,785",...,39,102,475,522,"8,607","3,709","3,696","2,057","1,225",979,576,375,33,12,20485,
301  ,20486       ,A           ,  ,,985,,20486,小谷村　　　　,Otari-mura,"2,647","2,586",61,"2,726",269,"1,364","1,014",...,14,43,124,158,"2,648","1,145","1,117",566,384,339,180,172,6,2,20486,
301  ,20521       ,A           ,  ,,986,,20521,坂城町　　　　,Sakaki-machi,"14,004","13,607",377,"14,132","1,530","7,333","5,018",...,48,240,518,496,"15,029","5,461","5,452","3,208","1,428","1,753",915,677,35,10,20521,
301  ,20541       ,A           ,  ,,987,,20541,小布施町　　　,Obuse-machi,"10,660","10,611",47,"10,993","1,396","5,504","3,748",...,62,155,321,238,"9,042","3,680","3,673","2,277",627,"1,199",622,378,28,8,20541,
301  ,20543       ,A           ,  ,,988,,20543,高山村　　　　,Takayama-mura,"6,617","6,519",98,"6,525",718,"3,458","2,441",...,21,106,154,191,"5,417","2,321","2,318","1,381",458,791,381,262,17,7,20543,
301  ,20561       ,A           ,  ,,989,,20561,山ノ内町　　　,Yamanouchi-machi,"11,352","11,179",163,"11,398",976,"5,580","4,762",...,39,216,347,375,"9,965","4,419","4,415","2,251","1,244","1,462",720,730,32,12,20561,
301  ,20562       ,A           ,  ,,990,,20562,木島平村　　　,Kijimadaira-mura,"4,375","4,326",21,"4,364",470,"2,074","1,761",...,12,108,128,114,"3,875","1,567","1,563",829,362,512,255,227,12,5,20562,
301  ,20563       ,A           ,  ,,991,,20563,野沢温泉村　　,Nozawaonsen-mura,"3,279","3,247",32,"3,524",375,"1,629","1,257",...,11,65,169,173,"3,035","1,153","1,151",549,281,334,136,156,9,2,20563,
301  ,20583       ,A           ,  ,,992,,20583,信濃町　　　　,Shinano-machi,"7,739","7,680",59,"7,698",661,"3,661","3,416",...,35,138,216,271,"7,225","3,062","3,058","1,799",751,"1,178",607,490,21,4,20583,
301  ,20588       ,A           ,  ,,993,,20588,小川村　　　　,Ogawa-mura,"2,215","2,199",16,"2,263",188,"1,010","1,017",...,12,49,69,74,"1,816",965,963,516,309,362,190,214,10,1,20588,
301  ,20590       ,A           ,  ,,994,,20590,飯綱町　　　　,Iizuna-machi,"10,296","10,252",43,"10,364","1,019","5,094","4,182",...,47,191,244,288,"8,338","3,767","3,756","2,278",729,"1,422",755,474,26,12,20590,
301  ,20602       ,A           ,  ,,995,,20602,栄村　　　　　,Sakae-mura,"1,660","1,645",15,"1,591",103,654,902,...,4,55,41,57,"1,648",692,691,361,212,267,146,155,5,1,20602,
301  ,21000       ,A           ,  ,,996,,21   ,岐阜県　　　,Gifu-ken,"1,978,742","1,900,727","48,979","1,967,862","240,520","1,105,215","593,751","806,499","11,124","26,175","60,139","64,655","1,911,876","780,730","779,029","446,358","228,715","200,156","107,033","85,160","6,525","2,565",21   ,
301  ,21201       ,A           ,  ,,997,,21201,岐阜市　　　　,Gifu-shi,"402,557","377,921","6,362","400,937","45,760","219,393","113,093","304,103","2,512","5,282","12,243","12,769","411,497","173,386","173,032","91,761","63,107","38,899","20,817","20,523","1,517",549,21201,
301  ,21202       ,A           ,  ,,998,,21202,大垣市　　　　,Ogaki-shi,"158,286","152,167","4,934","158,049","20,339","92,709","43,465","95,817","1,058","1,940","4,861","5,589","163,768","62,277","62,189","36,075","18,425","14,684","7,522","6,393",631,227,21202,
301  ,21203       ,A           ,  ,,999,,21203,高山市　　　　,Takayama-shi,"84,419","83,650",706,"83,281","10,547","45,399","28,093","34,502",509,"1,237","2,025","2,386","85,345","32,748","32,634","17,067","9,728","8,303","4,382","4,094",267,126,21203,
301  ,21204       ,A           ,  ,,1000,,21204,多治見市　　　,Tajimi-shi,"106,732","104,293","1,870","106,181","12,253","60,458","33,321","53,785",546,"1,353","2,813","3,242","96,784","42,656","42,571","27,603","10,999","12,644","6,907","4,760",315,131,21204,
301  ,21205       ,A           ,  ,,1001,,21205,関市　　　　　,Seki-shi,"85,283","82,699","1,952","84,825","10,487","47,961","25,999","25,199",468,"1,069","2,420","2,604","87,254","33,438","33,358","19,565","9,529","8,901","4,965","3,409",287,113,21205,
301  ,21206       ,A           ,  ,,1002,,21206,中津川市　　　,Nakatsugawa-shi,"76,570","74,256","1,755","74,532","9,113","41,736","24,980","7,046",366,"1,113","2,105","2,132","75,477","29,690","29,636","15,853","8,760","7,786","4,117","3,338",243,80,21206,
301  ,21207       ,A           ,  ,,1003,,21207,美濃市　　　　,Mino-shi,"19,247","18,725",486,"19,279","2,112","10,121","6,973",...,84,334,532,528,"20,224","7,452","7,445","4,222","1,985","2,361","1,315",909,33,24,21207,
301  ,21208       ,A           ,  ,,1004,,21208,瑞浪市　　　　,Mizunami-shi,"37,150","36,064",941,"35,731","4,187","21,105","11,639","13,116",216,550,"1,215","1,283","35,022","14,521","14,456","8,140","4,363","3,737","1,899","1,694",137,41,21208,
301  ,21209       ,A           ,  ,,1005,,21209,羽島市　　　　,Hashima-shi,"65,649","64,062",987,"66,775","8,480","38,380","18,140","24,774",355,747,"2,030","2,884","57,394","24,842","24,789","14,945","6,525","6,334","3,231","2,325",234,105,21209,
301  ,21210       ,A           ,  ,,1006,,21210,恵那市　　　　,Ena-shi,"47,774","46,751",818,"46,868","5,499","25,118","16,856","5,656",212,786,"1,221","1,369","46,943","18,158","18,067","9,840","4,924","5,087","2,648","2,365",138,46,21210,
301  ,21211       ,A           ,  ,,1007,,21211,美濃加茂市　　,Minokamo-shi,"56,689","50,418","4,642","57,540","8,277","32,868","12,916","11,211",351,572,"2,448","2,150","55,378","21,880","21,849","12,667","6,331","4,361","2,329","1,697",179,67,21211,
301  ,21212       ,A           ,  ,,1008,,21212,土岐市　　　　,Toki-shi,"55,348","53,526","1,640","54,990","6,553","30,878","17,692","23,040",231,840,"1,293","1,563","53,195","21,359","21,333","12,914","5,504","6,274","3,174","2,597",145,71,21212,
301  ,21213       ,A           ,  ,,1009,,21213,各務原市　　　,Kakamigahara-shi,"144,521","140,275","2,974","144,940","18,832","83,147","40,954","87,517",839,"1,665","4,705","4,580","136,598","57,129","57,049","35,278","15,867","15,012","8,335","5,669",541,185,21213,
301  ,21214       ,A           ,  ,,1010,,21214,可児市　　　　,Kani-shi,"99,968","91,223","7,335","100,207","12,949","57,717","27,764","33,761",547,"1,087","3,444","3,768","96,289","39,996","39,951","24,723","11,109","10,546","6,053","3,650",333,138,21214,
301  ,21215       ,A           ,  ,,1011,,21215,山県市　　　　,Yamagata-shi,"25,280","24,668",593,"25,233","2,616","13,520","9,115",...,92,396,548,674,"22,143","9,511","9,486","5,715","2,346","3,153","1,766","1,220",57,32,21215,
301  ,21216       ,A           ,  ,,1012,,21216,瑞穂市　　　　,Mizuho-shi,"56,388","53,139","2,158","56,329","8,590","34,645","11,829","21,483",526,476,"2,653","2,520","46,187","22,502","22,476","13,045","7,047","4,164","2,168","1,556",282,85,21216,
301  ,21217       ,A           ,  ,,1013,,21217,飛騨市　　　　,Hida-shi,"22,538","22,407",122,"22,106","2,393","11,032","9,102","5,015",105,422,461,635,"21,833","8,196","8,174","4,265","1,978","2,588","1,343","1,080",53,21,21217,
301  ,21218       ,A           ,  ,,1014,,21218,本巣市　　　　,Motosu-shi,"32,928","32,205",576,"33,109","4,187","18,511","10,038",...,166,414,"1,243","1,047","33,062","11,720","11,697","7,224","2,585","3,327","1,787","1,143",87,46,21218,
301  ,21219       ,A           ,  ,,1015,,21219,郡上市　　　　,Gujo-shi,"38,997","38,474",493,"38,450","4,575","19,746","14,612",...,166,736,786,996,"38,276","14,562","14,463","7,590","3,780","4,186","2,263","1,963",80,35,21219,
301  ,21220       ,A           ,  ,,1016,,21220,下呂市　　　　,Gero-shi,"30,428","29,921",463,"29,495","3,246","14,670","12,298",...,116,577,683,923,"30,297","11,686","11,656","5,546","3,461","3,383","1,846","1,706",78,26,21220,
301  ,21221       ,A           ,  ,,1017,,21221,海津市　　　　,Kaizu-shi,"32,735","32,000",686,"32,084","3,270","18,152","11,257",...,107,457,756,921,"29,117","11,600","11,572","6,718","2,488","3,700","1,883","1,139",53,35,21221,
301  ,21302       ,A           ,  ,,1018,,21302,岐南町　　　　,Ginan-cho,"25,881","24,976",574,"26,227","3,774","15,941","5,822","14,934",284,277,"1,327","1,368","24,949","10,585","10,568","6,143","3,434","1,991","1,017",912,135,58,21302,
301  ,21303       ,A           ,  ,,1019,,21303,笠松町　　　　,Kasamatsu-cho,"22,208","21,670",321,"21,816","2,740","13,011","6,210","13,073",156,278,"1,057",970,"20,146","8,595","8,578","5,125","2,454","2,082","1,053",893,91,35,21303,
301  ,21341       ,A           ,  ,,1020,,21341,養老町　　　　,Yoro-cho,"26,882","26,413",438,"26,397","2,848","14,822","9,162",...,66,394,596,750,"24,418","9,405","9,380","5,499","1,908","2,938","1,455","1,003",54,26,21341,
301  ,21361       ,A           ,  ,,1021,,21361,垂井町　　　　,Tarui-cho,"26,402","25,607",794,"26,058","3,272","14,765","8,280","13,027",112,364,744,799,"23,558","9,580","9,556","5,732","2,351","2,653","1,375",971,73,29,21361,
301  ,21362       ,A           ,  ,,1022,,21362,関ケ原町　　　,Sekigahara-cho,"6,610","6,462",139,"6,287",584,"3,338","2,649",...,20,131,127,206,"6,498","2,507","2,503","1,420",644,893,494,351,12,6,21362,
301  ,21381       ,A           ,  ,,1023,,21381,神戸町　　　　,Godo-cho,"18,585","18,192",363,"18,409","2,177","10,309","5,973","6,346",97,228,530,536,"15,885","6,810","6,802","4,088","1,583","2,064","1,085",681,61,22,21381,
301  ,21382       ,A           ,  ,,1024,,21382,輪之内町　　　,Wanouchi-cho,"9,654","9,175",456,"9,267","1,300","5,753","2,571",...,48,111,307,308,"9,431","3,439","3,420","1,871",906,765,361,190,26,18,21382,
301  ,21383       ,A           ,  ,,1025,,21383,安八町　　　　,Anpachi-cho,"14,355","14,041",275,"14,465","1,875","8,306","4,111",...,58,205,557,494,"12,526","5,013","5,008","3,099","1,059","1,387",700,403,35,20,21383,
301  ,21401       ,A           ,  ,,1026,,21401,揖斐川町　　　,Ibigawa-cho,"19,529","19,306",222,"19,062","1,993","10,003","7,523",...,69,373,391,563,"19,037","7,067","7,046","3,953","1,619","2,318","1,289","1,047",42,21,21401,
301  ,21403       ,A           ,  ,,1027,,21403,大野町　　　　,Ono-cho,"22,041","21,750",262,"21,798","2,794","12,579","6,608",...,77,270,497,593,"17,890","7,547","7,517","4,895","1,307","2,222","1,164",700,34,34,21403,
301  ,21404       ,A           ,  ,,1028,,21404,池田町　　　　,Ikeda-cho,"23,360","22,827",520,"22,714","2,976","13,427","6,911",...,95,302,598,674,"20,089","8,395","8,371","4,940","2,031","2,189","1,180",864,45,18,21404,
301  ,21421       ,A           ,  ,,1029,,21421,北方町　　　　,Kitagata-cho,"18,139","17,702",436,"18,697","2,501","11,063","4,455","13,094",144,148,809,807,"14,773","7,418","7,412","4,398","2,272","1,602",842,801,68,27,21421,
301  ,21501       ,A           ,  ,,1030,,21501,坂祝町　　　　,Sakahogi-cho,"8,071","7,506",503,"8,213","1,046","4,686","2,254",...,48,104,478,333,"7,668","3,200","3,195","1,807",986,780,414,275,26,12,21501,
301  ,21502       ,A           ,  ,,1031,,21502,富加町　　　　,Tomika-cho,"5,626","5,491",135,"5,847",792,"3,016","1,817",...,55,75,243,130,"5,900","1,967","1,954","1,151",422,537,289,183,17,9,21502,
301  ,21503       ,A           ,  ,,1032,,21503,川辺町　　　　,Kawabe-cho,"9,860","9,648",200,"9,843","1,239","5,449","3,158",...,50,143,276,367,"7,928","3,702","3,697","2,253",863,"1,047",575,441,18,6,21503,
301  ,21504       ,A           ,  ,,1033,,21504,七宗町　　　　,Hichiso-cho,"3,402","3,375",27,"3,290",283,"1,551","1,568",...,12,80,67,84,"2,997","1,312","1,310",674,329,469,289,242,5,3,21504,
301  ,21505       ,A           ,  ,,1034,,21505,八百津町　　　,Yaotsu-cho,"10,195","10,050",139,"10,092",999,"5,089","4,097",...,40,178,184,223,"9,492","3,879","3,868","2,311",908,"1,349",795,600,18,12,21505,
301  ,21506       ,A           ,  ,,1035,,21506,白川町　　　　,Shirakawa-cho,"7,412","7,308",104,"7,194",586,"3,355","3,471",...,15,172,145,212,"6,997","2,872","2,856","1,389",756,961,594,481,14,7,21506,
301  ,21507       ,A           ,  ,,1036,,21507,東白川村　　　,Higashishirakawa-mura,"2,016","1,996",20,"2,072",185,921,910,...,7,36,45,52,"1,862",780,776,383,194,268,164,126,5,1,21507,
301  ,21521       ,A           ,  ,,1037,,21521,御嵩町　　　　,Mitake-cho,"17,516","16,906",529,"17,682","2,090","9,755","5,565",...,82,229,613,548,"16,200","6,768","6,757","4,214","1,663","2,074","1,068",704,52,18,21521,
301  ,21604       ,A           ,  ,,1038,,21604,白川村　　　　,Shirakawa-mura,"1,511","1,482",29,"1,491",201,810,500,...,17,24,63,75,"1,549",580,572,257,185,137,80,62,4,0,21604,
301  ,22000       ,A           ,  ,,1039,,22   ,静岡県　　　,Shizuoka-ken,"3,633,202","3,523,817","86,046","3,606,469","438,723","2,071,258","1,084,282","2,237,324","20,575","47,334","127,118","133,272","3,625,491","1,483,472","1,480,969","829,251","472,201","366,333","182,564","166,069","13,127","4,957",22   ,
301  ,22100       ,A           ,  ,,1040,,22100,静岡市　　　　,Shizuoka-shi,"693,389","676,457","9,764","677,736","78,274","395,897","209,628","618,980","3,949","9,276","23,452","24,852","713,197","297,421","296,944","162,706","103,930","73,338","35,471","35,920","2,627",929,22100,
301  ,22101       ,A           ,  ,,1041,,22101,　葵区　　　　　,  Aoi-ku,"249,297","244,300","2,756","245,555","29,111","139,810","77,416","214,936","1,448","3,426","8,619","8,965","270,866","105,124","104,937","59,586","34,881","27,068","13,373","13,503",894,331,22101,
301  ,22102       ,A           ,  ,,1042,,22102,　駿河区　　　　,  Suruga-ku,"213,026","205,684","4,268","206,532","24,659","127,440","56,905","204,377","1,361","2,457","9,074","9,729","214,124","96,437","96,295","49,591","38,501","20,182","9,713","10,127","1,001",299,22102,
301  ,22103       ,A           ,  ,,1043,,22103,　清水区　　　　,  Shimizu-ku,"231,066","226,473","2,740","225,649","24,504","128,647","75,307","199,667","1,140","3,393","5,759","6,158","228,207","95,860","95,712","53,529","30,548","26,088","12,385","12,290",732,299,22103,
301  ,22130       ,A           ,  ,,1044,,22130,浜松市　　　　,Hamamatsu-shi,"790,718","764,849","22,368","788,985","101,461","457,684","220,925","479,900","4,945","9,386","32,859","33,365","783,766","320,749","320,221","181,232","102,460","74,800","37,625","32,164","3,178",983,22130,
301  ,22138       ,A           ,  ,,1045,,22138,　中央区　　　　,  Chuo-ku,...,...,...,"607,645",...,...,...,...,...,...,...,...,...,...,...,...,...,...,...,...,...,...,22138,
301  ,22139       ,A           ,  ,,1046,,22139,　浜名区,  Hamana-ku,...,...,...,"155,846",...,...,...,...,...,...,...,...,...,...,...,...,...,...,...,...,...,...,22139,
301  ,22140       ,A           ,  ,,1047,,22140,　天竜区　　　　,  Tenryu-ku,"26,726","26,359",350,"25,494","2,076","12,336","12,183",...,63,595,613,765,"25,897","10,640","10,587","5,856","3,011","3,854","2,139","1,988",48,23,22140,
301  ,22203       ,A           ,  ,,1048,,22203,沼津市　　　　,Numazu-shi,"189,386","183,966","4,042","187,826","19,162","107,423","60,488","162,233",955,"2,903","6,235","6,631","204,356","83,438","83,299","44,552","30,215","20,661","10,343","11,422",683,292,22203,
301  ,22205       ,A           ,  ,,1049,,22205,熱海市　　　　,Atami-shi,"34,208","33,383",494,"33,934","1,993","15,252","16,376","12,289",73,826,"1,928","1,848","37,413","18,440","18,380","7,629","9,384","4,890","2,911","5,240",88,39,22205,
301  ,22206       ,A           ,  ,,1050,,22206,三島市　　　　,Mishima-shi,"107,783","105,537","1,192","106,176","13,054","61,582","31,677","83,728",573,"1,322","3,831","4,184","103,237","46,106","46,047","26,470","15,326","11,429","6,168","5,390",373,157,22206,
301  ,22207       ,A           ,  ,,1051,,22207,富士宮市　　　,Fujinomiya-shi,"128,105","125,528","1,914","128,169","15,768","73,531","37,925","75,330",661,"1,632","3,649","3,893","122,282","51,425","51,315","29,619","15,141","13,120","6,492","5,376",398,216,22207,
301  ,22208       ,A           ,  ,,1052,,22208,伊東市　　　　,Ito-shi,"65,491","64,442",494,"65,433","5,503","30,839","27,965","25,831",211,"1,275","2,294","2,332","63,019","30,820","30,756","16,478","11,384","9,634","5,849","6,251",165,100,22208,
301  ,22209       ,A           ,  ,,1053,,22209,島田市　　　　,Shimada-shi,"95,719","94,095","1,306","95,698","12,022","53,013","30,176","52,851",548,"1,319","2,255","2,284","88,727","35,395","35,344","20,729","8,694","9,661","4,585","3,758",294,118,22209,
301  ,22210       ,A           ,  ,,1054,,22210,富士市　　　　,Fuji-shi,"245,392","239,087","4,998","247,887","30,431","143,917","69,314","200,725","1,459","2,894","6,756","6,639","242,701","97,333","97,177","55,946","28,127","23,423","11,147","9,713",991,401,22210,
301  ,22211       ,A           ,  ,,1055,,22211,磐田市　　　　,Iwata-shi,"166,672","157,073","7,346","166,684","21,544","94,843","47,581","74,115",970,"2,004","5,221","5,457","171,086","65,059","64,969","37,107","19,177","16,060","7,866","5,783",545,187,22211,
301  ,22212       ,A           ,  ,,1056,,22212,焼津市　　　　,Yaizu-shi,"136,845","131,992","4,355","136,343","16,571","78,621","40,865","79,375",790,"1,686","3,866","3,903","128,682","53,243","53,171","30,822","14,783","13,952","6,474","5,556",477,192,22212,
301  ,22213       ,A           ,  ,,1057,,22213,掛川市　　　　,Kakegawa-shi,"114,954","110,464","4,090","115,419","15,655","66,367","32,043","32,071",734,"1,434","3,741","3,629","115,361","43,770","43,682","24,950","12,293","10,236","5,043","3,572",390,164,22213,
301  ,22214       ,A           ,  ,,1058,,22214,藤枝市　　　　,Fujieda-shi,"141,342","139,161","1,618","140,979","18,165","79,594","42,602","86,656",728,"1,718","3,682","4,159","130,492","53,974","53,920","33,034","13,450","15,035","7,526","5,246",488,183,22214,
301  ,22215       ,A           ,  ,,1059,,22215,御殿場市　　　,Gotemba-shi,"86,614","84,088","2,100","84,240","11,327","52,570","22,176","39,305",555,"1,027","3,874","4,628","86,611","33,529","33,406","18,193","10,864","7,019","3,406","2,869",339,149,22215,
301  ,22216       ,A           ,  ,,1060,,22216,袋井市　　　　,Fukuroi-shi,"87,864","82,773","4,336","88,429","12,764","52,796","21,310","18,966",620,897,"3,108","3,328","86,696","34,072","34,018","19,018","10,361","6,864","3,292","2,426",378,123,22216,
301  ,22219       ,A           ,  ,,1061,,22219,下田市　　　　,Shimoda-shi,"20,183","19,971",173,"19,710","1,684","9,887","8,535",...,62,389,776,832,"20,917","9,641","9,629","4,905","3,769","2,887","1,561","1,969",54,35,22219,
301  ,22220       ,A           ,  ,,1062,,22220,裾野市　　　　,Susono-shi,"50,911","49,896",712,"49,225","6,853","30,028","13,667","20,017",312,566,"1,779","2,259","52,141","20,717","20,694","11,555","6,748","4,712","2,429","1,698",199,87,22220,
301  ,22221       ,A           ,  ,,1063,,22221,湖西市　　　　,Kosai-shi,"57,885","54,565","3,284","58,079","6,973","34,646","16,070","31,583",281,642,"2,435","2,504","65,179","23,005","22,984","13,119","6,906","5,657","2,818","2,040",156,67,22221,
301  ,22222       ,A           ,  ,,1064,,22222,伊豆市　　　　,Izu-shi,"28,190","27,992",197,"28,271","2,328","13,861","11,999",...,83,564,999,"1,124","26,940","11,449","11,423","6,341","3,316","3,872","2,032","1,921",50,35,22222,
301  ,22223       ,A           ,  ,,1065,,22223,御前崎市　　　,Omaezaki-shi,"31,103","29,928",914,"30,288","3,673","17,564","9,537",...,156,435,806,989,"30,129","11,500","11,484","5,889","3,272","2,714","1,229","1,036",82,40,22223,
301  ,22224       ,A           ,  ,,1066,,22224,菊川市　　　　,Kikugawa-shi,"47,789","44,020","3,473","47,541","6,711","27,785","12,864","11,272",313,523,"1,730","1,808","45,103","17,759","17,732","9,650","5,035","3,879","1,845","1,304",171,57,22224,
301  ,22225       ,A           ,  ,,1067,,22225,伊豆の国市　　,Izunokuni-shi,"46,804","45,977",554,"46,664","5,328","25,354","15,750","24,875",239,702,"1,552","1,606","44,990","19,085","19,051","10,581","5,840","5,152","2,631","2,586",144,64,22225,
301  ,22226       ,A           ,  ,,1068,,22226,牧之原市　　　,Makinohara-shi,"43,502","41,325","1,968","43,067","5,064","24,348","13,834","9,118",173,616,"1,384","1,664","49,988","15,904","15,881","8,338","4,171","4,011","1,760","1,498",96,52,22226,
301  ,22301       ,A           ,  ,,1069,,22301,東伊豆町　　　,Higashiizu-cho,"11,488","11,348",140,"11,305",774,"5,189","5,516",...,19,258,541,519,"11,159","5,502","5,486","2,588","2,299","1,705","1,010","1,263",22,15,22301,
301  ,22302       ,A           ,  ,,1070,,22302,河津町　　　　,Kawazu-cho,"6,870","6,826",44,"6,552",644,"3,266","2,960",...,20,149,184,233,"6,485","2,936","2,933","1,555",967,923,530,567,16,10,22302,
301  ,22304       ,A           ,  ,,1071,,22304,南伊豆町　　　,Minamiizu-cho,"7,877","7,829",45,"7,505",659,"3,339","3,873",...,33,174,205,265,"7,500","3,314","3,305","1,766","1,084","1,173",667,741,19,4,22304,
301  ,22305       ,A           ,  ,,1072,,22305,松崎町　　　　,Matsuzaki-cho,"6,038","6,016",21,"5,824",463,"2,620","2,948",...,14,159,152,192,"5,675","2,663","2,660","1,407",850,940,552,588,12,7,22305,
301  ,22306       ,A           ,  ,,1073,,22306,西伊豆町　　　,Nishiizu-cho,"7,090","6,996",88,"6,842",435,"2,972","3,654",...,11,183,168,248,"7,000","3,400","3,397","1,735","1,287","1,229",694,851,9,7,22306,
301  ,22325       ,A           ,  ,,1074,,22325,函南町　　　　,Kannami-cho,"36,794","36,503",282,"36,650","4,286","20,397","12,069","22,887",194,513,"1,267","1,482","29,640","14,780","14,757","9,107","3,991","4,251","2,289","1,783",150,46,22325,
301  ,22341       ,A           ,  ,,1075,,22341,清水町　　　　,Shimizu-cho,"31,710","30,294","1,154","31,823","4,012","19,101","8,285","28,665",205,422,"1,430","1,435","30,482","12,973","12,956","7,525","4,022","2,879","1,421","1,291",98,53,22341,
301  ,22342       ,A           ,  ,,1076,,22342,長泉町　　　　,Nagaizumi-cho,"43,336","42,629",401,"43,528","6,880","26,520","9,556","39,022",377,414,"2,310","2,239","40,942","17,482","17,455","10,445","5,391","3,291","1,735","1,430",229,56,22342,
301  ,22344       ,A           ,  ,,1077,,22344,小山町　　　　,Oyama-cho,"18,568","18,372",196,"17,263","2,165","10,794","5,569",...,73,259,822,999,"19,420","6,442","6,367","3,431","1,805","1,619",740,717,57,16,22344,
301  ,22424       ,A           ,  ,,1078,,22424,吉田町　　　　,Yoshida-cho,"28,919","27,238","1,555","29,255","3,689","17,590","7,468","7,530",157,325,"1,205","1,092","30,423","11,265","11,259","6,036","3,530","2,454","1,066",869,90,43,22424,
301  ,22429       ,A           ,  ,,1079,,22429,川根本町　　　,Kawanehon-cho,"6,206","6,119",87,"5,907",403,"2,727","3,076",...,14,153,136,168,"6,061","2,639","2,632","1,309",853,984,500,526,15,6,22429,
301  ,22461       ,A           ,  ,,1080,,22461,森町　　　　　,Mori-machi,"17,457","17,078",341,"17,232","2,005","9,341","6,001",...,68,289,486,482,"17,691","6,242","6,235","3,484","1,476","1,879",857,705,44,24,22461,
301  ,23000       ,A           ,  ,,1081,,23   ,愛知県　　　,Aichi-ken,"7,542,415","7,164,758","231,369","7,500,882","973,642","4,502,713","1,864,603","5,942,244","51,152","81,183","335,392","342,800","7,629,723","3,238,301","3,233,126","1,794,260","1,175,221","674,079","352,211","323,796","33,434","11,061",23   ,
301  ,23100       ,A           ,  ,,1082,,23100,名古屋市　　　,Nagoya-shi,"2,332,176","2,184,995","69,501","2,297,745","275,484","1,388,348","566,154","2,303,019","16,325","26,126","146,317","145,105","2,594,018","1,122,103","1,119,847","550,240","505,343","202,250","105,495","130,300","12,105","3,717",23100,
301  ,23101       ,A           ,  ,,1083,,23101,　千種区　　　　,  Chikusa-ku,"165,245","154,533","5,711","159,792","19,283","101,329","39,379","165,245","1,048","1,671","12,394","11,830","177,394","86,281","86,205","39,098","43,832","14,174","7,914","10,800",783,201,23101,
301  ,23102       ,A           ,  ,,1084,,23102,　東区　　　　　,  Higashi-ku,"84,392","78,273","3,364","83,832","9,642","53,876","17,986","84,392",694,805,"7,839","7,039","126,399","45,762","45,719","19,409","24,529","6,439","3,395","4,979",559,156,23102,
301  ,23103       ,A           ,  ,,1086,,23103,　北区　　　　　,  Kita-ku,"162,956","157,609","5,292","161,540","17,222","98,464","47,154","162,956","1,059","2,142","9,440","9,087","148,326","79,169","79,067","39,492","34,929","16,410","8,335","12,628",830,286,23103,
301  ,23104       ,A           ,  ,,1087,,23104,　西区　　　　　,  Nishi-ku,"151,082","142,914","3,740","147,287","16,979","93,632","35,800","151,082","1,077","1,713","9,660","9,082","157,456","74,257","74,170","34,970","34,824","12,764","6,335","8,281",899,231,23104,
301  ,23105       ,A           ,  ,,1088,,23105,　中村区　　　　,  Nakamura-ku,"138,599","128,453","4,210","136,097","12,848","83,337","35,868","138,599",998,"1,804","11,963","11,791","239,848","74,793","74,572","28,572","41,683","11,641","5,808","9,739",957,209,23105,
301  ,23106       ,A           ,  ,,1089,,23106,　中区　　　　　,  Naka-ku,"93,100","69,066","5,254","95,845","5,716","48,598","15,440","93,100",660,807,"14,490","12,612","294,608","63,159","63,022","14,510","45,473","4,997","2,594","4,644",974,213,23106,
301  ,23107       ,A           ,  ,,1090,,23107,　昭和区　　　　,  Showa-ku,"107,599","101,342","3,461","106,277","13,014","66,597","25,086","107,599",779,"1,128","7,599","7,731","121,955","55,059","54,971","24,815","27,945","8,914","4,896","6,274",534,154,23107,
301  ,23108       ,A           ,  ,,1091,,23108,　瑞穂区　　　　,  Mizuho-ku,"108,332","94,820","1,422","107,407","12,066","57,233","26,996","108,332",731,"1,230","6,210","5,912","107,992","51,641","51,581","24,975","22,123","9,866","5,343","6,431",524,118,23108,
301  ,23109       ,A           ,  ,,1092,,23109,　熱田区　　　　,  Atsuta-ku,"66,957","62,654","1,940","65,383","6,774","40,539","17,269","66,957",451,750,"4,819","4,655","87,830","33,791","33,741","15,151","16,708","5,882","2,907","4,269",354,83,23109,
301  ,23110       ,A           ,  ,,1093,,23110,　中川区　　　　,  Nakagawa-ku,"220,728","210,061","6,367","216,476","25,896","135,275","54,337","217,817","1,574","2,594","11,928","12,622","194,572","101,148","101,018","52,217","41,423","19,254","9,514","11,555","1,262",412,23110,
301  ,23111       ,A           ,  ,,1094,,23111,　港区　　　　　,  Minato-ku,"143,715","134,299","8,293","142,160","16,363","81,593","39,032","136,046",789,"1,813","6,887","6,455","164,696","63,885","63,790","34,991","24,120","14,307","7,035","7,800",529,268,23111,
301  ,23112       ,A           ,  ,,1095,,23112,　南区　　　　　,  Minami-ku,"134,510","127,897","5,662","132,797","14,261","79,069","40,043","134,510",819,"1,995","6,555","8,752","135,989","62,606","62,270","31,780","25,978","13,807","6,771","9,518",625,191,23112,
301  ,23113       ,A           ,  ,,1096,,23113,　守山区　　　　,  Moriyama-ku,"176,587","173,266","3,290","176,680","24,936","99,649","42,753","160,947","1,402","2,063","8,050","7,797","153,225","74,939","74,701","43,551","26,776","15,306","8,030","7,505",760,297,23113,
301  ,23114       ,A           ,  ,,1097,,23114,　緑区　　　　　,  Midori-ku,"248,802","240,412","4,990","249,299","37,454","151,029","56,715","247,325","1,938","2,374","9,771","10,562","198,195","101,566","101,206","65,616","29,693","21,830","11,902","9,854","1,104",413,23114,
301  ,23115       ,A           ,  ,,1098,,23115,　名東区　　　　,  Meito-ku,"164,755","154,277","3,327","160,016","22,683","97,071","35,530","164,585","1,126","1,562","10,232","10,378","141,161","75,958","75,864","40,839","31,032","13,260","7,394","8,149",637,226,23115,
301  ,23116       ,A           ,  ,,1099,,23116,　天白区　　　　,  Tempaku-ku,"164,817","155,119","3,178","156,857","20,347","101,057","36,766","163,527","1,180","1,675","8,480","8,800","144,372","78,089","77,950","40,254","34,275","13,399","7,322","7,874",774,259,23116,
301  ,23201       ,A           ,  ,,1100,,23201,豊橋市　　　　,Toyohashi-shi,"371,920","350,303","16,916","368,686","48,558","221,467","95,757","276,142","2,325","4,226","9,605","11,831","361,317","151,377","151,163","86,036","49,573","33,519","16,596","14,696","1,458",548,23201,
301  ,23202       ,A           ,  ,,1101,,23202,岡崎市　　　　,Okazaki-shi,"384,654","368,415","10,887","383,915","54,174","234,846","89,678","299,580","2,772","3,469","12,754","13,657","365,085","156,619","156,422","92,496","50,092","32,852","17,376","12,984","1,740",538,23202,
301  ,23203       ,A           ,  ,,1102,,23203,一宮市　　　　,Ichinomiya-shi,"380,073","368,050","5,774","378,496","48,805","221,207","102,543","276,660","2,296","4,631","10,072","10,674","334,135","152,075","151,843","92,506","44,704","37,309","19,124","16,014","1,375",544,23203,
301  ,23204       ,A           ,  ,,1102,,23204,瀬戸市　　　　,Seto-shi,"127,792","122,745","3,971","127,411","15,806","72,686","38,195","94,830",691,"1,577","3,632","3,806","116,028","52,273","52,184","33,313","14,976","14,651","7,865","6,413",343,165,23204,
301  ,23205       ,A           ,  ,,1103,,23205,半田市　　　　,Handa-shi,"117,884","112,672","3,862","117,207","15,247","72,492","28,591","104,191",736,"1,240","4,214","4,531","118,122","49,006","48,938","29,038","15,994","10,612","5,476","4,776",440,196,23205,
301  ,23206       ,A           ,  ,,1104,,23206,春日井市　　　,Kasugai-shi,"308,681","297,652","6,657","307,473","40,928","182,975","79,532","267,960","2,105","3,140","10,392","11,053","281,390","131,000","130,809","79,861","42,681","30,599","17,188","14,040","1,354",444,23206,
301  ,23207       ,A           ,  ,,1105,,23207,豊川市　　　　,Toyokawa-shi,"184,661","177,239","6,115","186,376","25,338","109,442","48,237","123,059","1,286","2,095","6,372","5,875","172,462","72,220","72,002","43,208","20,888","16,819","8,501","7,065",787,266,23207,
301  ,23208       ,A           ,  ,,1106,,23208,津島市　　　　,Tsushima-shi,"60,942","59,227","1,347","60,129","6,588","35,520","18,299","29,812",273,795,"2,196","2,175","57,394","24,258","24,212","14,663","6,950","6,472","3,310","2,959",203,92,23208,
301  ,23209       ,A           ,  ,,1107,,23209,碧南市　　　　,Hekinan-shi,"72,458","66,802","5,045","72,534","9,872","44,522","17,247","65,484",470,802,"2,882","2,687","71,348","28,277","28,258","15,908","8,865","5,961","2,797","2,322",232,101,23209,
301  ,23210       ,A           ,  ,,1108,,23210,刈谷市　　　　,Kariya-shi,"153,834","147,066","4,708","152,948","20,887","96,421","31,028","125,248","1,308","1,327","8,139","7,894","186,355","67,708","67,646","36,291","26,812","11,497","6,184","5,279",943,192,23210,
301  ,23211       ,A           ,  ,,1109,,23211,豊田市　　　　,Toyota-shi,"422,330","400,702","15,974","416,383","56,365","261,645","97,411","246,109","2,748","3,739","14,721","15,299","469,093","176,840","176,644","96,814","63,907","35,602","18,649","12,250","1,852",549,23211,
301  ,23212       ,A           ,  ,,1110,,23212,安城市　　　　,Anjo-shi,"187,990","179,259","7,101","188,418","27,665","119,010","39,497","129,121","1,411","1,681","7,291","9,164","199,391","75,310","75,253","44,098","23,991","13,987","7,025","5,495",932,254,23212,
301  ,23213       ,A           ,  ,,1111,,23213,西尾市　　　　,Nishio-shi,"169,046","159,336","8,909","170,258","23,576","100,848","43,373","85,818",995,"1,983","5,453","5,477","164,217","62,024","61,910","35,435","16,576","13,870","6,471","4,922",588,241,23213,
301  ,23214       ,A           ,  ,,1112,,23214,蒲郡市　　　　,Gamagori-shi,"79,538","75,822","3,025","78,140","9,583","45,717","23,404","54,735",423,"1,066","2,150","2,176","74,404","30,970","30,879","17,688","9,026","7,807","3,814","3,660",229,103,23214,
301  ,23215       ,A           ,  ,,1113,,23215,犬山市　　　　,Inuyama-shi,"73,090","70,376","2,218","72,005","8,825","42,172","21,416","35,638",357,885,"2,492","2,798","70,270","29,453","29,394","17,972","8,691","7,883","4,329","3,089",221,87,23215,
301  ,23216       ,A           ,  ,,1114,,23216,常滑市　　　　,Tokoname-shi,"58,710","56,500","1,273","58,621","8,495","34,460","14,737","40,983",336,710,"2,511","2,473","61,339","24,566","24,537","13,690","8,682","5,372","2,660","2,436",222,67,23216,
301  ,23217       ,A           ,  ,,1115,,23217,江南市　　　　,Konan-shi,"98,255","93,572","1,544","98,729","11,679","54,529","26,630","57,758",531,"1,223","3,214","3,107","82,300","38,697","38,655","23,773","10,180","9,982","5,272","4,064",336,141,23217,
301  ,23219       ,A           ,  ,,1116,,23219,小牧市　　　　,Komaki-shi,"148,831","138,972","9,011","149,715","19,321","91,387","37,160","117,528",878,"1,491","6,559","6,689","176,255","62,633","62,568","36,627","21,072","14,175","7,797","5,676",564,207,23219,
301  ,23220       ,A           ,  ,,1117,,23220,稲沢市　　　　,Inazawa-shi,"134,751","130,832","3,083","133,592","17,241","79,173","37,287","55,108",807,"1,626","4,384","4,387","129,117","52,005","51,909","32,136","13,788","13,353","6,921","5,039",463,177,23220,
301  ,23221       ,A           ,  ,,1118,,23221,新城市　　　　,Shinshiro-shi,"44,355","43,264",885,"43,122","4,732","23,319","16,032","8,746",152,728,"1,021","1,298","43,444","16,633","16,593","9,383","4,274","5,093","2,742","1,974",77,37,23221,
301  ,23222       ,A           ,  ,,1119,,23222,東海市　　　　,Tokai-shi,"113,787","110,079","1,753","113,354","16,453","69,809","25,005","103,436",883,"1,094","4,484","4,645","115,790","49,077","49,045","27,895","18,138","9,637","5,139","4,468",558,191,23222,
301  ,23223       ,A           ,  ,,1120,,23223,大府市　　　　,Obu-shi,"93,123","88,574","2,611","93,016","14,194","57,143","19,927","70,900",800,787,"3,933","4,276","95,861","38,310","38,274","22,977","12,516","7,490","3,943","2,882",454,100,23223,
301  ,23224       ,A           ,  ,,1121,,23224,知多市　　　　,Chita-shi,"84,364","81,839","1,902","83,610","10,966","49,179","23,461","56,442",479,968,"2,961","3,362","65,854","34,025","33,994","21,520","9,631","9,126","5,038","3,387",316,117,23224,
301  ,23225       ,A           ,  ,,1122,,23225,知立市　　　　,Chiryu-shi,"72,193","66,343","4,729","72,214","9,755","46,716","14,360","57,028",576,596,"4,257","4,137","59,934","31,694","31,671","17,214","12,198","5,340","2,754","2,458",445,104,23225,
301  ,23226       ,A           ,  ,,1123,,23226,尾張旭市　　　,Owariasahi-shi,"83,144","81,078","1,309","83,947","11,404","49,283","21,475","79,410",565,803,"3,138","3,024","66,903","33,977","33,925","22,252","9,550","8,527","4,773","3,425",260,110,23226,
301  ,23227       ,A           ,  ,,1124,,23227,高浜市　　　　,Takahama-shi,"46,106","42,490","3,290","49,249","6,997","29,738","8,896","43,672",359,431,"2,559","2,493","42,551","18,239","18,225","10,667","5,813","3,148","1,434","1,311",197,81,23227,
301  ,23228       ,A           ,  ,,1125,,23228,岩倉市　　　　,Iwakura-shi,"47,983","44,522","2,321","47,839","5,890","28,702","11,995","42,229",376,539,"2,576","2,483","39,048","21,498","21,478","12,090","7,917","4,576","2,446","2,337",251,74,23228,
301  ,23229       ,A           ,  ,,1126,,23229,豊明市　　　　,Toyoake-shi,"69,295","65,397","3,021","68,038","8,577","41,574","18,123","58,111",475,695,"2,720","2,899","65,892","29,101","29,069","17,360","9,636","6,795","3,769","2,868",285,103,23229,
301  ,23230       ,A           ,  ,,1127,,23230,日進市　　　　,Nisshin-shi,"91,520","89,895","1,396","94,033","13,492","51,836","18,044","55,888",832,729,"4,229","4,113","83,994","36,460","36,416","22,334","10,085","6,970","4,034","2,528",488,123,23230,
301  ,23231       ,A           ,  ,,1128,,23231,田原市　　　　,Tahara-shi,"59,360","57,899","1,152","58,855","7,422","33,453","16,698","11,495",334,793,"1,838","1,895","64,278","21,300","21,272","10,126","6,310","4,573","2,010","1,616",163,67,23231,
301  ,23232       ,A           ,  ,,1129,,23232,愛西市　　　　,Aisai-shi,"60,829","59,796",838,"61,128","6,865","34,544","19,192","13,064",302,878,"1,757","1,755","49,231","21,718","21,690","13,908","4,298","6,698","3,414","2,220",140,90,23232,
301  ,23233       ,A           ,  ,,1130,,23233,清須市　　　　,Kiyosu-shi,"67,352","61,185","1,201","68,891","8,696","36,320","15,188","58,154",617,663,"3,214","3,525","62,295","28,929","28,907","15,356","10,509","5,704","2,870","2,461",419,106,23233,
301  ,23234       ,A           ,  ,,1131,,23234,北名古屋市　　,Kitanagoya-shi,"86,385","83,633","1,950","86,168","12,192","52,510","20,797","76,046",725,847,"3,677","3,822","77,622","36,117","36,085","21,672","11,792","7,830","4,145","3,574",486,124,23234,
301  ,23235       ,A           ,  ,,1132,,23235,弥富市　　　　,Yatomi-shi,"43,025","40,802","1,521","43,722","5,294","25,765","11,260","23,740",306,517,"1,930","1,906","42,653","17,066","17,038","9,830","5,186","3,909","1,973","1,418",160,57,23235,
301  ,23236       ,A           ,  ,,1133,,23236,みよし市　　　,Miyoshi-shi,"61,952","58,362","2,026","61,427","8,981","40,028","11,234","38,299",478,430,"2,953","3,030","62,638","24,129","24,094","14,896","7,419","4,152","2,292","1,421",273,80,23236,
301  ,23237       ,A           ,  ,,1134,,23237,あま市　　　　,Ama-shi,"86,126","83,979","2,048","88,756","11,511","51,573","23,031","71,101",588,977,"3,448","3,358","71,995","34,041","34,012","21,705","9,123","8,652","4,463","3,585",384,148,23237,
301  ,23238       ,A           ,  ,,1135,,23238,長久手市　　　,Nagakute-shi,"60,162","55,657",737,"61,113","10,084","36,234","9,840","47,492",583,374,"3,056","3,035","63,489","26,304","26,278","14,819","10,221","3,872","2,189","1,427",317,79,23238,
301  ,23302       ,A           ,  ,,1136,,23302,東郷町　　　　,Togo-cho,"43,903","42,122","1,220","43,973","6,537","26,144","10,206","28,487",295,363,"1,917","1,609","36,275","16,823","16,795","11,024","4,494","3,847","2,151","1,398",119,59,23302,
301  ,23342       ,A           ,  ,,1137,,23342,豊山町　　　　,Toyoyama-cho,"15,613","14,728",430,"15,917","2,285","8,756","3,444","14,772",113,150,837,920,"19,886","6,598","6,584","3,574","2,330","1,295",661,586,62,41,23342,
301  ,23361       ,A           ,  ,,1138,,23361,大口町　　　　,Oguchi-cho,"24,305","23,585",608,"24,212","3,456","13,797","5,769","13,452",190,213,"1,004","1,011","33,351","9,150","9,137","5,411","2,530","1,920",981,687,91,29,23361,
301  ,23362       ,A           ,  ,,1139,,23362,扶桑町　　　　,Fuso-cho,"34,133","33,289",424,"35,104","4,616","20,033","8,992","25,932",247,386,"1,627","1,442","26,748","13,509","13,494","8,432","3,704","3,318","1,769","1,229",123,61,23362,
301  ,23424       ,A           ,  ,,1140,,23424,大治町　　　　,Oharu-cho,"32,399","30,915",696,"33,567","4,890","19,868","6,667","31,574",254,308,"1,642","1,422","24,592","13,468","13,440","7,897","4,540","2,562","1,310","1,112",141,83,23424,
301  ,23425       ,A           ,  ,,1141,,23425,蟹江町　　　　,Kanie-cho,"37,338","35,190","1,415","37,098","4,552","22,565","9,473","29,080",246,440,"1,761","1,706","30,409","16,104","16,080","9,216","5,558","3,498","1,781","1,714",182,61,23425,
301  ,23427       ,A           ,  ,,1142,,23427,飛島村　　　　,Tobishima-mura,"4,575","4,328",246,"4,711",647,"2,504","1,419",...,15,77,215,117,"12,923","1,506","1,503",756,399,366,151,100,9,6,23427,
301  ,23441       ,A           ,  ,,1143,,23441,阿久比町　　　,Agui-cho,"28,383","27,890",305,"28,318","4,817","15,837","7,513","6,876",178,291,861,852,"24,679","10,134","10,118","6,868","2,085","2,715","1,430",866,76,36,23441,
301  ,23442       ,A           ,  ,,1144,,23442,東浦町　　　　,Higashiura-cho,"49,596","47,856","1,314","50,204","6,701","29,566","12,836","34,472",343,561,"1,936","1,814","41,183","19,406","19,373","12,638","5,202","4,899","2,658","1,834",177,67,23442,
301  ,23445       ,A           ,  ,,1145,,23445,南知多町　　　,Minamichita-cho,"16,617","16,196",389,"16,017","1,471","8,614","6,451",...,54,313,358,"1,249","15,744","6,533","6,519","3,448","1,933","2,089","1,095",975,41,16,23445,
301  ,23446       ,A           ,  ,,1146,,23446,美浜町　　　　,Mihama-cho,"22,496","21,975",306,"20,903","2,216","12,971","6,820",...,74,298,655,"1,366","20,456","9,530","9,488","4,941","3,507","2,385","1,233","1,028",37,23,23446,
301  ,23447       ,A           ,  ,,1147,,23447,武豊町　　　　,Taketoyo-cho,"43,535","41,900","1,109","43,374","5,869","26,033","10,795","31,238",307,479,"1,666","1,474","37,528","18,122","18,109","10,887","5,962","4,208","2,264","1,726",140,74,23447,
301  ,23501       ,A           ,  ,,1148,,23501,幸田町　　　　,Kota-cho,"42,449","41,137","1,233","42,296","6,979","26,024","9,198","22,325",311,365,"1,618","1,656","39,668","15,810","15,786","9,565","4,370","3,050","1,628",909,164,77,23501,
301  ,23561       ,A           ,  ,,1149,,23561,設楽町　　　　,Shitara-cho,"4,437","4,394",26,"4,188",328,"1,828","2,263",...,11,137,104,155,"4,823","1,845","1,837",940,582,675,429,380,3,4,23561,
301  ,23562       ,A           ,  ,,1150,,23562,東栄町　　　　,Toei-cho,"2,942","2,925",17,"2,774",256,"1,176","1,490",...,10,88,61,74,"2,865","1,294","1,289",636,472,430,282,319,5,4,23562,
301  ,23563       ,A           ,  ,,1151,,23563,豊根村　　　　,Toyone-mura,"1,017",997,20,963,80,404,533,...,1,33,29,19,"1,081",437,435,230,146,158,110,94,4,0,23563,
301  ,24000       ,A           ,  ,,1152,,24   ,三重県　　　,Mie-ken,"1,770,254","1,698,876","44,721","1,757,527","211,090","997,052","522,073","774,064","10,489","23,341","54,373","60,770","1,745,312","742,598","741,183","423,745","244,698","182,336","102,675","88,354","6,443","2,481",24   ,
301  ,24201       ,A           ,  ,,1153,,24201,津市　　　　　,Tsu-shi,"274,537","263,787","7,377","271,000","33,180","156,532","80,745","137,562","1,662","3,643","8,757","9,205","282,357","117,663","117,385","67,084","41,018","28,395","16,446","14,340","1,034",365,24201,
301  ,24202       ,A           ,  ,,1154,,24202,四日市市　　　,Yokkaichi-shi,"305,424","292,356","8,530","307,825","37,575","184,945","78,647","205,948","2,118","3,529","10,374","12,516","319,793","133,331","133,143","74,914","48,273","29,106","15,956","14,153","1,394",450,24202,
301  ,24203       ,A           ,  ,,1155,,24203,伊勢市　　　　,Ise-shi,"122,765","120,782",991,"120,306","14,205","68,102","39,098","54,923",694,"1,697","3,043","3,623","122,959","51,580","51,470","30,182","16,538","13,612","7,414","7,434",402,152,24203,
301  ,24204       ,A           ,  ,,1157,,24204,松阪市　　　　,Matsusaka-shi,"159,145","154,343","3,859","157,316","19,629","90,248","47,785","74,258",945,"2,245","3,801","4,630","152,292","65,481","65,361","38,120","20,322","15,921","8,883","8,463",591,256,24204,
301  ,24205       ,A           ,  ,,1158,,24205,桑名市　　　　,Kuwana-shi,"138,613","133,240","3,707","138,963","17,826","81,466","37,083","74,955",852,"1,552","5,010","5,323","128,564","56,362","56,285","34,285","16,941","13,655","7,509","5,832",515,169,24205,
301  ,24207       ,A           ,  ,,1159,,24207,鈴鹿市　　　　,Suzuka-shi,"195,670","178,822","6,432","195,589","22,929","108,792","47,973","111,739","1,222","2,124","6,427","6,656","185,194","82,158","82,048","44,860","27,820","17,545","9,735","6,836",829,311,24207,
301  ,24208       ,A           ,  ,,1160,,24208,名張市　　　　,Nabari-shi,"76,387","75,035",965,"75,248","9,146","41,820","24,835","42,957",370,909,"1,800","2,124","67,501","31,466","31,398","20,081","8,610","9,469","5,688","3,647",241,123,24208,
301  ,24209       ,A           ,  ,,1161,,24209,尾鷲市　　　　,Owase-shi,"16,252","15,903",184,"15,877","1,396","7,323","7,122","8,540",54,366,407,525,"16,734","8,153","8,133","4,404","3,295","2,490","1,620","1,843",40,24,24209,
301  ,24210       ,A           ,  ,,1162,,24210,亀山市　　　　,Kameyama-shi,"49,835","46,951","1,658","49,313","6,292","26,400","12,773","6,256",292,602,"1,943","1,890","49,763","20,617","20,582","10,846","7,005","4,469","2,521","1,739",191,66,24210,
301  ,24211       ,A           ,  ,,1163,,24211,鳥羽市　　　　,Toba-shi,"17,525","17,282",165,"16,842","1,596","8,890","6,885",...,57,321,434,628,"18,578","7,382","7,360","3,792","2,557","2,192","1,241","1,238",36,10,24211,
301  ,24212       ,A           ,  ,,1164,,24212,熊野市　　　　,Kumano-shi,"15,965","15,833",104,"15,299","1,525","7,265","7,113",...,61,355,398,508,"16,254","7,751","7,733","4,254","3,130","2,361","1,521","2,018",32,15,24212,
301  ,24214       ,A           ,  ,,1165,,24214,いなべ市　　　,Inabe-shi,"44,973","42,758","1,842","44,697","5,479","26,529","12,301",...,294,588,"1,929","2,223","49,654","18,075","18,043","9,283","6,333","4,091","2,187","1,451",138,58,24214,
301  ,24215       ,A           ,  ,,1166,,24215,志摩市　　　　,Shima-shi,"46,057","45,497",330,"45,114","3,968","22,746","18,818",...,154,906,949,"1,226","43,015","19,568","19,523","11,037","5,986","6,277","3,347","3,491",90,61,24215,
301  ,24216       ,A           ,  ,,1167,,24216,伊賀市　　　　,Iga-shi,"88,766","82,535","4,993","85,989","9,603","47,834","28,933","21,409",441,"1,360","2,465","2,941","94,910","36,615","36,538","18,084","12,849","8,610","4,816","4,258",291,123,24216,
301  ,24303       ,A           ,  ,,1168,,24303,木曽岬町　　　,Kisosaki-cho,"6,023","5,494",302,"5,939",540,"3,118","2,010",...,16,85,221,247,"5,732","2,208","2,204","1,212",552,693,334,193,13,10,24303,
301  ,24324       ,A           ,  ,,1169,,24324,東員町　　　　,Toin-cho,"25,784","25,189",593,"25,838","3,520","14,229","8,011","11,887",201,274,677,719,"22,435","9,539","9,522","6,495","1,981","3,032","1,776",828,57,30,24324,
301  ,24341       ,A           ,  ,,1170,,24341,菰野町　　　　,Komono-cho,"40,559","39,310",770,"41,056","5,598","23,816","10,630","14,437",251,462,"1,325","1,314","34,317","15,382","15,351","9,425","4,048","3,600","1,977","1,427",104,60,24341,
301  ,24343       ,A           ,  ,,1170,,24343,朝日町　　　　,Asahi-cho,"11,021","10,810",164,"11,065","2,069","6,797","2,104",...,106,75,395,431,"9,164","4,112","4,109","2,755","1,061",723,421,339,39,21,24343,
301  ,24344       ,A           ,  ,,1171,,24344,川越町　　　　,Kawagoe-cho,"15,123","14,545",543,"15,643","2,173","10,045","2,848","9,193",143,127,"1,016",924,"14,396","6,602","6,595","3,543","2,567","1,028",507,468,96,28,24344,
301  ,24441       ,A           ,  ,,1172,,24441,多気町　　　　,Taki-cho,"14,021","13,882",138,"13,817","1,752","7,320","4,848",...,60,216,348,356,"14,650","5,124","5,108","2,921","1,268","1,467",835,558,28,23,24441,
301  ,24442       ,A           ,  ,,1173,,24442,明和町　　　　,Meiwa-cho,"22,445","22,193",176,"22,867","2,906","12,450","7,009",...,144,295,656,583,"19,812","8,067","8,041","5,140","1,691","2,181","1,158",823,69,43,24442,
301  ,24443       ,A           ,  ,,1174,,24443,大台町　　　　,Odai-cho,"8,668","8,557",103,"8,411",807,"4,093","3,755",...,42,169,218,263,"8,320","3,639","3,628","2,080","1,141","1,218",739,759,22,9,24443,
301  ,24461       ,A           ,  ,,1175,,24461,玉城町　　　　,Tamaki-cho,"15,041","14,806",164,"15,107","2,096","8,548","4,258",...,103,189,433,398,"14,515","5,404","5,391","3,466","1,164","1,357",726,480,43,27,24461,
301  ,24470       ,A           ,  ,,1176,,24470,度会町　　　　,Watarai-cho,"7,847","7,790",46,"7,708",878,"4,120","2,834",...,35,104,149,147,"6,142","2,689","2,683","1,636",470,830,433,283,19,10,24470,
301  ,24471       ,A           ,  ,,1177,,24471,大紀町　　　　,Taiki-cho,"7,815","7,731",83,"7,395",565,"3,312","3,934",...,14,185,124,187,"7,049","3,404","3,391","2,028","1,070","1,299",788,809,13,4,24471,
301  ,24472       ,A           ,  ,,1178,,24472,南伊勢町　　　,Minamiise-cho,"10,989","10,905",79,"10,926",648,"4,442","5,867",...,31,307,198,245,"10,362","4,977","4,963","2,699","1,685","1,929","1,145","1,280",28,3,24472,
301  ,24543       ,A           ,  ,,1179,,24543,紀北町　　　　,Kihoku-cho,"14,604","14,313",275,"14,131","1,165","6,692","6,686",...,36,338,344,417,"14,118","6,814","6,779","3,923","2,464","2,249","1,366","1,554",36,15,24543,
301  ,24561       ,A           ,  ,,1180,,24561,御浜町　　　　,Mihama-cho,"8,079","8,032",46,"7,938",859,"3,916","3,301",...,31,163,219,225,"7,732","3,711","3,700","2,276","1,265","1,128",726,847,18,4,24561,
301  ,24562       ,A           ,  ,,1181,,24562,紀宝町　　　　,Kiho-cho,"10,321","10,195",102,"10,308","1,165","5,262","3,867",...,60,155,313,296,"9,000","4,724","4,716","2,920","1,594","1,409",860,963,34,11,24562,
301  ,25000       ,A           ,  ,,1182,,25   ,滋賀県　　　,Shiga-ken,"1,413,610","1,359,501","28,704","1,410,534","191,369","824,781","365,311","754,141","9,766","15,043","50,774","50,762","1,369,233","571,374","570,529","330,640","182,011","129,496","70,197","53,625","5,642","1,836",25   ,
301  ,25201       ,A           ,  ,,1183,,25201,大津市　　　　,Otsu-shi,"345,070","334,545","4,035","343,916","45,482","200,166","90,578","280,334","2,350","3,562","11,471","10,976","313,359","146,088","145,891","88,738","47,764","34,606","19,513","16,248","1,317",442,25201,
301  ,25202       ,A           ,  ,,1184,,25202,彦根市　　　　,Hikone-shi,"113,647","109,859","2,274","111,118","14,888","67,948","28,299","67,923",674,"1,243","4,218","4,610","113,885","48,212","48,137","26,784","17,194","10,248","5,597","4,510",462,158,25202,
301  ,25203       ,A           ,  ,,1185,,25203,長浜市　　　　,Nagahama-shi,"113,636","108,099","3,253","113,940","14,546","63,648","32,349","34,968",746,"1,431","2,495","3,038","110,884","42,570","42,513","23,301","11,986","10,366","5,271","4,212",419,152,25203,
301  ,25204       ,A           ,  ,,1186,,25204,近江八幡市　　,Omihachiman-shi,"81,122","79,187","1,376","81,875","11,335","46,578","22,493","36,622",630,938,"2,957","2,840","73,849","31,403","31,367","19,288","8,381","7,863","4,266","3,026",336,100,25204,
301  ,25206       ,A           ,  ,,1187,,25206,草津市　　　　,Kusatsu-shi,"143,913","133,964","2,306","139,939","19,712","86,272","30,057","115,741","1,067","1,079","7,779","6,198","153,844","66,944","66,870","32,579","30,517","11,254","6,262","4,620",597,159,25206,
301  ,25207       ,A           ,  ,,1188,,25207,守山市　　　　,Moriyama-shi,"83,236","81,266","1,025","85,856","13,642","50,266","18,098","61,282",780,676,"3,056","3,050","74,903","31,796","31,762","20,516","8,473","6,692","3,653","2,432",358,104,25207,
301  ,25208       ,A           ,  ,,1189,,25208,栗東市　　　　,Ritto-shi,"68,820","67,317","1,297","70,469","11,355","43,973","13,138","48,038",739,545,"3,226","3,628","67,551","26,688","26,671","17,711","6,877","5,010","2,661","1,903",468,135,25208,
301  ,25209       ,A           ,  ,,1190,,25209,甲賀市　　　　,Koka-shi,"88,358","84,041","3,201","88,493","11,240","50,912","24,909","18,388",533,"1,027","2,705","2,854","89,014","33,641","33,553","19,377","9,452","8,237","4,295","2,965",314,89,25209,
301  ,25210       ,A           ,  ,,1191,,25210,野洲市　　　　,Yasu-shi,"50,513","49,474",599,"50,711","7,139","29,647","13,189","24,842",350,516,"2,239","1,860","52,035","19,659","19,643","11,952","5,523","4,731","2,572","1,598",225,64,25210,
301  ,25211       ,A           ,  ,,1192,,25211,湖南市　　　　,Konan-shi,"54,460","50,648","3,083","54,382","7,187","33,062","13,387","29,212",289,442,"2,308","2,631","53,106","22,498","22,455","12,901","7,546","5,086","2,754","1,792",185,88,25211,
301  ,25212       ,A           ,  ,,1193,,25212,高島市　　　　,Takashima-shi,"46,377","45,715",462,"45,783","4,959","24,449","16,648",...,223,753,"1,242","1,320","44,050","18,037","17,983","10,768","4,779","5,551","3,152","2,634",145,46,25212,
301  ,25213       ,A           ,  ,,1194,,25213,東近江市　　　,Higashiomi-shi,"112,819","107,969","3,536","112,064","15,176","65,768","30,209","36,791",730,"1,315","3,670","3,900","106,988","42,899","42,817","23,691","12,816","9,583","4,915","3,760",462,151,25213,
301  ,25214       ,A           ,  ,,1195,,25214,米原市　　　　,Maibara-shi,"37,225","36,417",524,"37,375","4,759","20,960","11,058",...,219,521,892,"1,096","34,796","13,385","13,369","8,081","2,973","3,654","1,916","1,372",112,40,25214,
301  ,25383       ,A           ,  ,,1196,,25383,日野町　　　　,Hino-cho,"20,964","20,149",557,"20,861","2,575","11,656","6,424",...,107,293,736,852,"21,575","7,932","7,918","4,305","2,287","2,049","1,037",733,79,31,25383,
301  ,25384       ,A           ,  ,,1197,,25384,竜王町　　　　,Ryuo-cho,"11,789","11,650",98,"11,433","1,506","6,897","3,315",...,61,142,404,493,"17,222","4,435","4,425","2,218","1,424",988,528,382,32,12,25384,
301  ,25425       ,A           ,  ,,1198,,25425,愛荘町　　　　,Aisho-cho,"20,893","18,815",798,"21,194","3,150","11,474","4,595",...,141,230,770,848,"20,640","7,841","7,834","4,160","2,357","1,448",753,570,81,39,25425,
301  ,25441       ,A           ,  ,,1199,,25441,豊郷町　　　　,Toyosato-cho,"7,132","6,908",188,"7,196","1,035","4,069","1,983",...,42,105,273,241,"6,965","2,629","2,610","1,525",727,644,313,282,23,12,25441,
301  ,25442       ,A           ,  ,,1200,,25442,甲良町　　　　,Kora-cho,"6,362","6,243",55,"6,511",714,"3,477","2,118",...,32,112,129,153,"6,188","2,211","2,209","1,228",459,691,311,270,11,4,25442,
301  ,25443       ,A           ,  ,,1201,,25443,多賀町　　　　,Taga-cho,"7,274","7,235",37,"7,418",969,"3,559","2,464",...,53,113,204,174,"8,379","2,506","2,502","1,517",476,795,428,316,16,10,25443,
301  ,26000       ,A           ,  ,,1202,,26   ,京都府　　　,Kyoto-fu,"2,578,087","2,460,764","52,442","2,488,075","293,465","1,467,216","734,493","2,176,168","15,068","31,491","108,308","110,943","2,622,355","1,190,527","1,188,903","622,055","489,815","267,953","143,699","153,688","9,571","3,514",26   ,
301  ,26100       ,A           ,  ,,1203,,26100,京都市　　　　,Kyoto-shi,"1,463,723","1,369,358","39,386","1,379,529","153,005","847,046","394,406","1,397,972","8,372","17,139","71,781","73,120","1,586,326","729,524","728,744","336,394","350,775","140,815","72,500","95,220","6,128","1,997",26100,
301  ,26101       ,A           ,  ,,1204,,26101,　北区　　　　　,  Kita-ku,"117,165","107,850","2,380","107,370","11,696","65,757","32,695","110,238",547,"1,427","4,771","5,115","120,786","57,187","57,119","26,565","25,897","11,785","6,186","7,325",359,136,26101,
301  ,26102       ,A           ,  ,,1205,,26102,　上京区　　　　,  Kamigyo-ku,"83,832","79,186","2,725","75,335","7,021","51,097","22,094","83,832",344,"1,026","5,196","5,220","99,271","48,004","47,960","16,073","29,233","7,206","3,613","6,583",268,80,26102,
301  ,26103       ,A           ,  ,,1206,,26103,　左京区　　　　,  Sakyo-ku,"166,039","153,765","6,288","151,480","17,068","94,764","44,736","150,655",784,"1,818","7,694","7,723","174,471","85,726","85,624","36,171","45,201","15,963","8,419","9,987",499,175,26103,
301  ,26104       ,A           ,  ,,1207,,26104,　中京区　　　　,  Nakagyo-ku,"110,488","101,604","2,453","105,269","11,312","66,427","25,905","110,488",656,"1,227","7,645","7,280","152,398","60,634","60,593","23,606","34,157","8,956","4,536","7,136",516,118,26104,
301  ,26105       ,A           ,  ,,1208,,26105,　東山区　　　　,  Higashiyama-ku,"36,602","35,528","1,008","33,145","2,716","20,201","11,489","35,395",130,575,"2,431","2,481","51,808","20,562","20,523","7,372","11,895","3,787","1,865","3,254",145,49,26105,
301  ,26106       ,A           ,  ,,1209,,26106,　下京区　　　　,  Shimogyo-ku,"82,784","75,318","2,300","77,273","7,767","50,506","17,827","82,784",491,885,"6,813","6,251","133,059","48,309","48,283","16,298","29,778","6,066","3,001","5,077",469,89,26106,
301  ,26107       ,A           ,  ,,1210,,26107,　南区　　　　　,  Minami-ku,"101,970","96,372","5,095","100,516","11,471","61,989","25,594","101,602",719,"1,189","7,030","6,538","136,438","50,485","50,453","24,277","23,429","9,181","4,439","7,077",649,161,26107,
301  ,26108       ,A           ,  ,,1211,,26108,　右京区　　　　,  Ukyo-ku,"202,047","186,826","4,618","191,571","21,865","114,420","54,886","191,995","1,257","2,394","8,525","8,646","190,884","97,849","97,755","48,603","43,850","20,364","10,501","12,879",807,298,26108,
301  ,26109       ,A           ,  ,,1212,,26109,　伏見区　　　　,  Fushimi-ku,"277,858","262,441","7,916","267,005","30,129","160,493","78,621","263,649","1,696","3,368","11,362","12,231","274,488","131,284","131,128","66,959","56,932","27,796","13,976","18,692","1,169",446,26109,
301  ,26110       ,A           ,  ,,1213,,26110,　山科区　　　　,  Yamashina-ku,"135,101","128,393","2,085","126,647","13,713","75,339","40,258","129,182",797,"1,677","5,088","5,428","124,517","64,402","64,280","32,056","28,492","13,944","7,298","9,628",653,232,26110,
301  ,26111       ,A           ,  ,,1214,,26111,　西京区　　　　,  Nishikyo-ku,"149,837","142,075","2,518","143,918","18,247","86,053","40,301","138,152",951,"1,553","5,226","6,207","128,206","65,082","65,026","38,414","21,911","15,767","8,666","7,582",594,213,26111,
301  ,26201       ,A           ,  ,,1215,,26201,福知山市　　　,Fukuchiyama-shi,"77,306","75,194",979,"75,385","10,041","42,693","22,974","39,021",602,"1,111","2,709","2,916","81,268","33,632","33,528","18,373","12,390","7,852","4,637","4,389",296,99,26201,
301  ,26202       ,A           ,  ,,1216,,26202,舞鶴市　　　　,Maizuru-shi,"80,336","78,084",836,"76,732","9,756","43,185","25,438","54,252",531,"1,187","3,040","4,053","78,703","35,188","35,098","19,148","13,193","8,918","5,047","5,122",276,131,26202,
301  ,26203       ,A           ,  ,,1217,,26203,綾部市　　　　,Ayabe-shi,"31,846","31,169",431,"31,526","3,462","15,767","12,313","12,169",160,604,909,"1,000","33,071","13,735","13,699","7,748","4,572","4,184","2,457","2,232",94,45,26203,
301  ,26204       ,A           ,  ,,1218,,26204,宇治市　　　　,Uji-shi,"179,630","177,026","2,533","180,943","21,985","103,635","53,800","175,891",997,"2,205","5,824","6,061","157,716","73,595","73,443","48,464","20,581","21,326","11,545","9,623",574,259,26204,
301  ,26205       ,A           ,  ,,1219,,26205,宮津市　　　　,Miyazu-shi,"16,758","16,620",126,"16,325","1,595","7,873","7,245","5,198",70,332,445,554,"17,931","7,292","7,270","4,077","2,425","2,393","1,387","1,400",43,20,26205,
301  ,26206       ,A           ,  ,,1220,,26206,亀岡市　　　　,Kameoka-shi,"86,174","84,393",836,"86,765","10,707","48,207","25,959","58,828",472,"1,010","2,530","2,402","75,448","34,431","34,370","22,083","9,260","10,012","5,550","3,856",251,131,26206,
301  ,26207       ,A           ,  ,,1221,,26207,城陽市　　　　,Joyo-shi,"74,607","73,382",633,"74,031","8,530","40,018","25,105","67,603",390,"1,007","2,012","2,083","64,455","30,484","30,438","20,303","8,063","10,106","5,658","3,947",229,102,26207,
301  ,26208       ,A           ,  ,,1222,,26208,向日市　　　　,Muko-shi,"56,859","55,852",470,"56,571","7,849","32,857","15,164","56,655",402,604,"2,018","2,088","45,207","23,525","23,510","15,440","6,621","5,992","3,205","2,916",226,89,26208,
301  ,26209       ,A           ,  ,,1223,,26209,長岡京市　　　,Nagaokakyo-shi,"80,608","79,500",627,"82,308","11,065","46,950","22,021","79,760",577,827,"3,311","2,848","73,444","33,728","33,687","21,887","10,283","8,597","4,778","4,114",303,75,26209,
301  ,26210       ,A           ,  ,,1224,,26210,八幡市　　　　,Yawata-shi,"70,433","68,543","1,572","69,219","8,188","39,701","22,054","62,182",336,861,"2,325","2,229","63,941","30,554","30,528","19,037","9,720","8,745","4,826","4,306",194,99,26210,
301  ,26211       ,A           ,  ,,1225,,26211,京田辺市　　　,Kyotanabe-shi,"73,753","70,681",915,"71,865","10,641","43,138","17,311","61,736",445,682,"3,065","2,542","72,948","31,693","31,665","18,188","11,821","6,739","3,918","2,647",181,103,26211,
301  ,26212       ,A           ,  ,,1226,,26212,京丹後市　　　,Kyotango-shi,"50,860","50,235",414,"51,031","5,662","25,593","19,292",...,284,938,901,"1,257","49,491","20,138","20,093","11,516","5,455","6,254","3,342","3,087",148,60,26212,
301  ,26213       ,A           ,  ,,1227,,26213,南丹市　　　　,Nantan-shi,"31,629","30,964",325,"30,123","3,252","16,680","11,139","8,043",165,536,"1,055","1,147","33,176","13,195","13,134","6,726","4,909","3,494","1,916","1,691",69,35,26213,
301  ,26214       ,A           ,  ,,1228,,26214,木津川市　　　,Kizugawa-shi,"77,907","76,459",561,"79,828","12,926","44,873","19,188","47,046",580,679,"2,293","2,388","62,661","29,802","29,762","21,022","6,789","7,616","4,529","2,744",214,108,26214,
301  ,26303       ,A           ,  ,,1229,,26303,大山崎町　　　,Oyamazaki-cho,"15,953","15,781",111,"16,651","2,327","9,183","4,351","15,057",180,173,792,665,"13,504","6,549","6,540","4,513","1,702","1,785","1,007",786,75,19,26303,
301  ,26322       ,A           ,  ,,1230,,26322,久御山町　　　,Kumiyama-cho,"15,250","14,503",513,"15,387","1,772","8,361","4,875","11,749",71,188,679,712,"28,497","6,322","6,311","3,709","2,025","1,776",930,843,49,24,26322,
301  ,26343       ,A           ,  ,,1231,,26343,井手町　　　　,Ide-cho,"7,406","7,165",206,"6,989",677,"4,124","2,562",...,39,111,264,223,"6,969","3,161","3,160","1,775","1,050",923,483,467,27,17,26343,
301  ,26344       ,A           ,  ,,1232,,26344,宇治田原町　　,Ujitawara-cho,"8,911","8,551",358,"8,829","1,017","5,187","2,683",...,38,110,310,287,"9,217","3,421","3,416","2,055",894,960,539,327,24,18,26344,
301  ,26364       ,A           ,  ,,1233,,26364,笠置町　　　　,Kasagi-cho,"1,144","1,120",3,"1,116",48,470,582,...,1,35,19,27,"1,039",522,522,289,160,211,119,105,5,0,26364,
301  ,26365       ,A           ,  ,,1234,,26365,和束町　　　　,Wazuka-cho,"3,478","3,459",16,"3,499",237,"1,584","1,655",...,11,68,52,92,"3,081","1,379","1,377",759,346,535,306,250,3,9,26365,
301  ,26366       ,A           ,  ,,1235,,26366,精華町　　　　,Seika-cho,"36,198","35,785",316,"36,543","5,089","21,907","9,035","23,006",186,321,"1,110","1,193","29,937","13,530","13,516","9,878","2,668","3,634","2,143","1,118",78,38,26366,
301  ,26367       ,A           ,  ,,1236,,26367,南山城村　　　,Minamiyamashiro-mura,"2,391","2,366",20,"2,447",154,"1,077","1,158",...,7,44,57,70,"2,104","1,023","1,023",605,266,412,258,198,2,2,26367,
301  ,26407       ,A           ,  ,,1237,,26407,京丹波町　　　,Kyotamba-cho,"12,907","12,721",150,"12,742","1,083","6,045","5,705",...,40,291,359,377,"12,241","5,217","5,205","2,964","1,405","1,856","1,115",904,17,17,26407,
301  ,26463       ,A           ,  ,,1238,,26463,伊根町　　　　,Ine-cho,"1,928","1,920",8,"1,914",178,814,934,...,8,41,47,46,"1,888",849,847,426,284,300,174,181,6,2,26463,
301  ,26465       ,A           ,  ,,1239,,26465,与謝野町　　　,Yosano-cho,"20,092","19,933",97,"19,777","2,219","10,248","7,544",...,104,387,401,563,"18,092","8,038","8,017","4,676","2,158","2,518","1,330","1,215",59,15,26465,
301  ,27000       ,A           ,  ,,1240,,27   ,大阪府　　　,Osaka-fu,"8,837,685","8,411,856","208,681","8,775,708","1,029,499","5,199,504","2,361,723","8,478,518","57,315","106,277","416,425","405,633","9,182,101","4,135,879","4,126,995","2,192,989","1,727,107","864,452","452,935","567,399","40,362","14,462",27   ,
301  ,27100       ,A           ,  ,,1241,,27100,大阪市　　　　,Osaka-shi,"2,752,412","2,550,968","121,586","2,757,642","290,649","1,686,757","676,821","2,752,002","18,399","34,239","193,552","180,586","3,534,521","1,469,718","1,464,615","617,938","784,785","225,065","111,698","213,260","16,488","5,052",27100,
301  ,27102       ,A           ,  ,,1242,,27102,　都島区　　　　,  Miyakojima-ku,"107,904","100,596","2,924","106,172","11,855","65,956","25,393","107,904",682,"1,119","7,391","6,393","104,863","56,944","56,899","24,429","30,272","8,968","4,619","7,384",583,166,27102,
301  ,27103       ,A           ,  ,,1243,,27103,　福島区　　　　,  Fukushima-ku,"79,328","75,661","1,438","80,985","9,680","52,725","14,675","79,328",725,726,"7,296","5,702","91,295","42,631","42,612","17,880","22,923","5,305","2,488","3,987",679,132,27103,
301  ,27104       ,A           ,  ,,1244,,27104,　此花区　　　　,  Konohana-ku,"65,251","61,949","1,759","64,760","7,368","38,420","17,779","65,251",389,903,"3,149","3,289","82,546","32,318","32,292","15,915","14,890","6,355","3,005","5,202",299,115,27104,
301  ,27106       ,A           ,  ,,1245,,27106,　西区　　　　　,  Nishi-ku,"105,862","96,440","3,979","108,340","12,132","72,783","15,481","105,862",823,714,"11,575","10,301","179,332","63,874","63,849","21,376","40,763","5,380","2,703","4,761",922,239,27106,
301  ,27107       ,A           ,  ,,1246,,27107,　港区　　　　　,  Minato-ku,"80,948","75,119","2,524","79,362","8,285","47,811","21,531","80,948",454,"1,026","4,530","4,296","84,560","42,612","42,554","18,217","22,591","7,241","3,477","6,715",356,136,27107,
301  ,27108       ,A           ,  ,,1247,,27108,　大正区　　　　,  Taisho-ku,"62,083","60,197","1,391","61,666","6,297","35,413","19,826","62,083",311,978,"2,332","2,747","65,038","29,859","29,821","15,249","12,988","6,875","3,293","5,877",213,131,27108,
301  ,27109       ,A           ,  ,,1248,,27109,　天王寺区　　　,  Tennoji-ku,"82,148","73,757","4,239","82,881","10,986","51,695","15,324","82,148",666,678,"6,687","5,711","118,934","42,163","42,127","18,683","21,114","5,342","2,654","4,468",526,136,27109,
301  ,27111       ,A           ,  ,,1249,,27111,　浪速区　　　　,  Naniwa-ku,"75,504","64,005","8,858","76,774","5,215","54,418","13,222","75,504",458,730,"11,960","10,161","106,527","53,297","53,274","11,470","40,054","3,372","1,609","6,014",745,194,27111,
301  ,27113       ,A           ,  ,,1250,,27113,　西淀川区　　　,  Nishiyodogawa-ku,"95,864","91,191","3,594","97,910","10,842","59,239","24,429","95,864",563,"1,228","5,921","5,452","100,039","46,266","46,221","23,102","20,884","8,561","4,170","6,722",485,173,27113,
301  ,27114       ,A           ,  ,,1251,,27114,　東淀川区　　　,  Higashiyodogawa-ku,"177,120","163,638","6,233","171,536","16,710","110,322","42,318","177,120","1,143","2,143","11,638","11,197","168,784","99,699","99,606","37,584","58,105","13,978","6,924","13,567","1,160",345,27114,
301  ,27115       ,A           ,  ,,1252,,27115,　東成区　　　　,  Higashinari-ku,"84,906","75,589","6,123","85,478","8,546","52,177","20,671","84,906",560,"1,037","6,617","6,490","80,991","45,487","45,439","18,610","24,815","6,945","3,288","6,006",543,135,27115,
301  ,27116       ,A           ,  ,,1253,,27116,　生野区　　　　,  Ikuno-ku,"127,309","94,978","23,657","126,376","11,098","69,989","37,208","127,309",699,"1,814","8,082","8,185","124,269","67,616","67,455","26,844","37,293","11,837","5,510","11,253",640,221,27116,
301  ,27117       ,A           ,  ,,1254,,27117,　旭区　　　　　,  Asahi-ku,"89,670","86,717","2,043","90,111","9,290","52,468","26,621","89,670",552,"1,226","5,624","4,419","82,391","45,303","45,238","21,270","21,867","8,965","4,517","8,131",392,152,27117,
301  ,27118       ,A           ,  ,,1255,,27118,　城東区　　　　,  Joto-ku,"169,043","162,659","4,699","169,335","20,361","104,015","42,613","169,043","1,210","2,006","8,897","9,016","148,887","82,712","82,645","42,414","36,830","15,119","7,633","12,663",895,275,27118,
301  ,27119       ,A           ,  ,,1256,,27119,　阿倍野区　　　,  Abeno-ku,"110,995","105,910","2,838","111,459","14,056","65,950","27,619","110,995",744,"1,270","6,195","6,712","117,909","53,649","53,578","27,263","24,038","9,559","4,882","7,970",526,139,27119,
301  ,27120       ,A           ,  ,,1257,,27120,　住吉区　　　　,  Sumiyoshi-ku,"153,056","149,654","3,380","151,786","16,463","88,910","41,844","153,056","1,014","2,087","8,425","7,816","140,933","78,098","78,022","36,430","38,553","13,784","6,966","13,288",772,274,27120,
301  ,27121       ,A           ,  ,,1258,,27121,　東住吉区　　　,  Higashisumiyoshi-ku,"127,849","122,086","3,015","132,223","14,088","73,906","36,491","127,849",924,"2,116","7,909","7,078","114,736","62,025","61,907","30,479","28,494","11,821","5,952","10,846",634,237,27121,
301  ,27122       ,A           ,  ,,1259,,27122,　西成区　　　　,  Nishinari-ku,"106,111","98,417","7,324","105,285","6,903","53,196","38,771","106,111",348,"3,031","8,285","7,243","109,053","66,379","62,769","17,571","42,214","8,094","3,975","18,855",416,185,27122,
301  ,27123       ,A           ,  ,,1260,,27123,　淀川区　　　　,  Yodogawa-ku,"183,444","171,531","6,484","182,540","17,948","119,665","40,271","183,444","1,328","1,792","14,344","13,737","226,413","104,193","104,126","39,475","60,382","13,809","6,632","12,886","1,455",354,27123,
301  ,27124       ,A           ,  ,,1261,,27124,　鶴見区　　　　,  Tsurumi-ku,"112,691","109,136","1,879","111,880","16,544","69,064","25,397","112,691",871,"1,167","4,806","4,968","98,489","48,884","48,836","29,583","17,007","9,313","4,705","6,321",525,206,27124,
301  ,27125       ,A           ,  ,,1262,,27125,　住之江区　　　,  Suminoe-ku,"120,072","113,468","3,669","117,506","12,539","68,120","36,509","120,072",573,"1,696","5,392","5,029","139,732","59,913","59,842","30,159","27,416","12,855","6,657","10,943",406,252,27125,
301  ,27126       ,A           ,  ,,1263,,27126,　平野区　　　　,  Hirano-ku,"192,152","179,982","7,354","188,716","21,032","111,618","53,440","191,742","1,145","2,926","7,694","9,060","179,244","92,872","92,747","47,235","41,199","18,406","9,466","16,366",825,373,27126,
301  ,27127       ,A           ,  ,,1264,,27127,　北区　　　　　,  Kita-ku,"139,376","125,044","4,888","138,945","12,854","93,449","23,734","139,376","1,249","1,094","14,054","12,368","420,354","85,785","85,672","27,256","54,591","7,990","3,948","7,447","1,315",262,27127,
301  ,27128       ,A           ,  ,,1265,,27128,　中央区　　　　,  Chuo-ku,"103,726","93,244","7,294","115,616","9,557","75,448","15,654","103,726",968,732,"14,749","13,216","449,202","67,139","67,084","19,444","45,502","5,191","2,625","5,588","1,176",220,27128,
301  ,27140       ,A           ,  ,,1266,,27140,堺市　　　　　,Sakai-shi,"826,161","799,358","12,486","817,041","102,091","471,667","233,131","788,173","5,350","10,243","33,873","34,400","777,430","366,079","365,535","212,556","135,073","86,201","46,089","51,619","3,553","1,345",27140,
301  ,27141       ,A           ,  ,,1267,,27141,　堺区　　　　　,  Sakai-ku,"148,682","139,894","4,177","147,400","15,567","87,217","40,015","148,682",930,"1,957","8,421","7,688","171,528","73,809","73,687","34,569","35,866","13,729","6,811","11,111",832,253,27141,
301  ,27142       ,A           ,  ,,1268,,27142,　中区　　　　　,  Naka-ku,"121,236","118,103","1,213","119,112","16,169","69,471","33,015","114,935",830,"1,494","4,367","4,792","112,927","50,213","50,101","30,970","16,298","12,179","6,341","5,975",515,259,27142,
301  ,27143       ,A           ,  ,,1269,,27143,　東区　　　　　,  Higashi-ku,"85,043","83,167",728,"85,962","10,637","47,086","25,672","82,755",592,"1,129","3,413","3,224","68,513","36,889","36,839","22,668","12,357","9,849","5,281","5,360",316,115,27143,
301  ,27144       ,A           ,  ,,1270,,27144,　西区　　　　　,  Nishi-ku,"135,375","131,697","1,567","135,680","18,049","78,818","35,596","133,725",886,"1,641","5,505","5,195","129,579","58,120","58,032","34,806","20,123","13,167","6,858","7,729",569,241,27144,
301  ,27145       ,A           ,  ,,1271,,27145,　南区　　　　　,  Minami-ku,"138,464","134,930","2,460","134,369","15,817","72,947","48,005","121,593",573,"1,740","3,378","4,255","120,770","59,706","59,639","38,607","18,313","18,584","10,942","10,153",313,189,27145,
301  ,27146       ,A           ,  ,,1272,,27146,　北区　　　　　,  Kita-ku,"159,757","154,803","1,789","156,912","21,130","95,504","39,094","157,863","1,381","1,762","7,096","7,892","131,382","72,497","72,419","41,215","28,090","14,287","7,472","9,481",889,230,27146,
301  ,27147       ,A           ,  ,,1273,,27147,　美原区　　　　,  Mihara-ku,"37,604","36,764",552,"37,606","4,722","20,624","11,734","28,620",158,520,"1,693","1,354","42,731","14,845","14,818","9,721","4,026","4,406","2,384","1,810",119,58,27147,
301  ,27202       ,A           ,  ,,1274,,27202,岸和田市　　　,Kishiwada-shi,"190,658","185,196","2,413","188,002","23,665","110,325","53,497","174,616","1,219","2,526","5,031","5,218","174,784","79,073","78,951","46,871","25,983","19,037","9,754","10,795",697,343,27202,
301  ,27203       ,A           ,  ,,1275,,27203,豊中市　　　　,Toyonaka-shi,"401,558","396,053","5,287","406,836","54,916","240,797","105,379","401,558","3,022","4,419","17,858","18,060","357,171","176,967","176,759","108,061","61,489","39,201","20,991","25,642","1,673",567,27203,
301  ,27204       ,A           ,  ,,1276,,27204,池田市　　　　,Ikeda-shi,"104,993","100,902","1,882","102,969","12,844","61,529","27,786","96,121",682,"1,122","4,578","4,595","95,726","48,611","48,542","26,879","19,613","10,706","5,814","5,841",409,132,27204,
301  ,27205       ,A           ,  ,,1277,,27205,吹田市　　　　,Suita-shi,"385,567","370,207","4,718","382,681","51,990","231,248","88,508","385,567","2,958","3,534","20,386","19,343","371,024","180,099","179,962","98,795","75,156","34,412","19,123","19,773","1,755",460,27205,
301  ,27206       ,A           ,  ,,1278,,27206,泉大津市　　　,Izumiotsu-shi,"74,412","72,022","1,181","73,145","8,927","45,189","18,939","74,412",471,817,"2,935","2,881","67,350","32,516","32,469","18,980","11,709","6,938","3,622","4,369",354,139,27206,
301  ,27207       ,A           ,  ,,1279,,27207,高槻市　　　　,Takatsuki-shi,"352,698","344,704","3,022","346,972","43,042","200,510","102,233","335,860","2,258","3,989","10,494","10,276","309,698","152,869","152,637","94,505","50,219","40,404","21,858","19,720","1,242",438,27207,
301  ,27208       ,A           ,  ,,1280,,27208,貝塚市　　　　,Kaizuka-shi,"84,443","83,018",865,"82,500","10,856","49,800","23,013","72,324",485,"1,079","2,377","3,001","75,009","33,284","33,194","21,036","9,640","8,087","4,230","4,444",252,137,27208,
301  ,27209       ,A           ,  ,,1281,,27209,守口市　　　　,Moriguchi-shi,"143,096","138,362","2,223","141,243","15,437","83,146","40,885","143,096","1,043","1,954","5,935","5,849","134,095","67,860","67,753","35,945","28,596","14,635","7,440","10,608",611,246,27209,
301  ,27210       ,A           ,  ,,1282,,27210,枚方市　　　　,Hirakata-shi,"397,289","377,108","3,090","394,221","45,276","212,620","110,284","386,789","2,367","4,508","12,117","11,983","355,804","172,253","172,035","102,882","56,274","44,001","24,118","19,836","1,350",544,27210,
301  ,27211       ,A           ,  ,,1283,,27211,茨木市　　　　,Ibaraki-shi,"287,730","279,012","3,216","285,715","39,221","171,964","68,701","277,984","2,228","2,736","12,370","11,094","270,079","125,089","124,953","74,396","44,862","26,688","14,445","13,230","1,410",401,27211,
301  ,27212       ,A           ,  ,,1284,,27212,八尾市　　　　,Yao-shi,"264,642","254,472","7,104","260,752","31,874","153,071","74,907","259,657","1,711","3,415","7,825","7,595","250,399","114,265","114,115","69,179","38,133","28,090","14,570","17,067","1,064",420,27212,
301  ,27213       ,A           ,  ,,1285,,27213,泉佐野市　　　,Izumisano-shi,"100,131","97,349","1,735","99,037","11,488","60,883","26,232","82,788",591,"1,187","4,556","4,434","106,183","43,864","43,783","24,257","16,739","9,371","4,733","5,245",405,192,27213,
301  ,27214       ,A           ,  ,,1286,,27214,富田林市　　　,Tondabayashi-shi,"108,699","106,571","1,311","107,342","12,109","62,665","32,782","84,296",600,"1,383","3,054","3,570","96,962","45,699","45,593","28,651","14,038","12,574","6,980","6,412",322,168,27214,
301  ,27215       ,A           ,  ,,1287,,27215,寝屋川市　　　,Neyagawa-shi,"229,733","222,654","2,626","225,735","25,895","129,383","68,059","227,418","1,396","2,982","7,051","7,283","203,414","101,538","101,408","61,278","33,872","26,543","13,549","14,888",888,384,27215,
301  ,27216       ,A           ,  ,,1288,,27216,河内長野市　　,Kawachinagano-shi,"101,692","100,308",617,"99,226","10,330","54,254","36,016","67,427",475,"1,430","2,327","2,692","86,977","42,367","42,308","28,358","11,413","14,323","8,439","6,061",267,120,27216,
301  ,27217       ,A           ,  ,,1289,,27217,松原市　　　　,Matsubara-shi,"117,641","113,842","1,482","116,669","12,546","66,990","35,266","116,796",688,"1,628","4,154","3,697","107,303","51,902","51,830","30,496","18,236","13,353","6,868","7,812",455,217,27217,
301  ,27218       ,A           ,  ,,1290,,27218,大東市　　　　,Daito-shi,"119,367","113,702","2,528","116,376","13,870","70,833","31,451","117,979",708,"1,353","3,841","4,165","114,850","52,686","52,642","30,557","18,958","12,551","6,300","6,848",446,226,27218,
301  ,27219       ,A           ,  ,,1291,,27219,和泉市　　　　,Izumi-shi,"184,495","180,355","2,263","182,841","24,884","109,891","46,995","155,837","1,124","1,862","5,681","5,746","162,169","73,701","73,587","47,928","20,988","17,786","9,646","8,215",622,334,27219,
301  ,27220       ,A           ,  ,,1292,,27220,箕面市　　　　,Minoh-shi,"136,868","132,176","2,373","139,318","20,385","80,023","35,261","126,819",837,"1,383","5,925","5,384","120,336","58,088","58,008","35,993","19,567","13,644","7,884","6,450",397,185,27220,
301  ,27221       ,A           ,  ,,1293,,27221,柏原市　　　　,Kashiwara-shi,"68,775","66,678","1,280","66,952","7,611","40,004","19,964","62,639",361,788,"2,395","2,365","64,371","30,009","29,958","17,942","10,322","7,824","4,174","3,958",243,95,27221,
301  ,27222       ,A           ,  ,,1294,,27222,羽曳野市　　　,Habikino-shi,"108,736","107,037",950,"108,213","12,338","61,958","33,318","98,257",638,"1,478","3,407","3,361","94,505","45,008","44,917","28,623","13,499","12,531","6,709","6,250",365,203,27222,
301  ,27223       ,A           ,  ,,1295,,27223,門真市　　　　,Kadoma-shi,"119,764","115,558","2,833","117,139","11,764","70,541","35,573","119,764",616,"1,704","4,822","4,931","129,495","57,379","57,320","29,678","24,643","12,894","6,290","9,731",531,217,27223,
301  ,27224       ,A           ,  ,,1296,,27224,摂津市　　　　,Settsu-shi,"87,456","84,206","1,382","86,351","10,852","52,197","22,099","87,265",709,969,"4,242","4,394","95,603","40,243","40,206","22,271","16,162","8,509","4,352","4,846",439,173,27224,
301  ,27225       ,A           ,  ,,1297,,27225,高石市　　　　,Takaishi-shi,"55,635","54,653",465,"56,481","7,006","32,402","15,666","55,635",400,755,"1,846","2,143","51,835","23,130","23,099","14,905","7,009","5,944","3,103","3,276",236,96,27225,
301  ,27226       ,A           ,  ,,1298,,27226,藤井寺市　　　,Fujiidera-shi,"63,688","62,269",685,"62,700","7,725","36,982","18,074","63,688",390,807,"2,191","2,583","55,102","27,814","27,773","16,853","9,559","6,820","3,624","4,061",256,89,27226,
301  ,27227       ,A           ,  ,,1299,,27227,東大阪市　　　,Higashiosaka-shi,"493,940","434,587","13,235","478,539","52,269","283,589","135,791","492,760","2,894","6,267","16,885","16,363","512,261","232,303","231,950","120,127","98,901","49,964","24,827","32,399","2,174",860,27227,
301  ,27228       ,A           ,  ,,1300,,27228,泉南市　　　　,Sennan-shi,"60,102","58,905",589,"58,789","7,512","34,209","17,776","47,818",374,722,"1,441","2,655","56,726","23,123","23,053","14,852","6,278","6,592","3,419","3,079",217,98,27228,
301  ,27229       ,A           ,  ,,1301,,27229,四條畷市　　　,Shijonawate-shi,"55,177","54,477",481,"54,355","6,925","32,625","15,149","52,416",326,638,"1,803","1,948","47,508","22,415","22,380","14,510","6,560","5,702","3,002","2,883",207,77,27229,
301  ,27230       ,A           ,  ,,1302,,27230,交野市　　　　,Katano-shi,"75,033","74,472",499,"77,272","9,641","43,621","21,581","71,172",491,810,"2,560","2,261","59,183","29,569","29,517","21,210","6,832","8,781","4,950","3,557",271,98,27230,
301  ,27231       ,A           ,  ,,1303,,27231,大阪狭山市　　,Osakasayama-shi,"58,435","57,309",376,"58,031","7,924","33,101","16,429","49,712",402,623,"1,908","1,961","52,958","24,216","24,187","15,635","7,480","6,243","3,593","3,172",164,84,27231,
301  ,27232       ,A           ,  ,,1304,,27232,阪南市　　　　,Hannan-shi,"51,254","50,808",342,"50,788","5,615","28,470","17,072","34,121",230,695,"1,178","1,542","41,684","20,774","20,732","14,170","5,190","6,748","3,899","3,010",147,79,27232,
301  ,27301       ,A           ,  ,,1305,,27301,島本町　　　　,Shimamoto-cho,"30,927","30,668",224,"31,681","4,589","17,749","8,491","30,122",226,325,"1,034",861,"24,496","12,747","12,732","8,922","3,290","3,531","2,006","1,694",86,23,27301,
301  ,27321       ,A           ,  ,,1306,,27321,豊能町　　　　,Toyono-cho,"18,279","18,183",93,"18,183","1,201","8,387","8,666","10,149",39,276,396,505,"13,636","7,580","7,575","5,643","1,379","3,722","2,387",996,26,27,27321,
301  ,27322       ,A           ,  ,,1307,,27322,能勢町　　　　,Nose-cho,"9,079","8,979",95,"9,125",606,"4,579","3,767",...,21,157,280,295,"8,528","3,645","3,620","2,202",893,"1,375",796,507,15,14,27322,
301  ,27341       ,A           ,  ,,1308,,27341,忠岡町　　　　,Tadaoka-cho,"16,567","16,112",437,"16,573","1,968","9,791","4,778","16,567",86,241,609,580,"15,048","6,749","6,733","4,168","2,049","1,723",889,966,60,25,27341,
301  ,27361       ,A           ,  ,,1309,,27361,熊取町　　　　,Kumatori-cho,"43,763","42,825",245,"42,854","5,665","24,799","12,444","35,960",271,473,"1,185","1,193","36,092","17,256","17,219","11,382","4,694","4,932","2,806","1,758",116,73,27361,
301  ,27362       ,A           ,  ,,1310,,27362,田尻町　　　　,Tajiri-cho,"8,434","8,270",104,"8,493","1,165","5,202","1,996","7,023",57,87,"1,109","1,074","9,072","3,734","3,729","1,971","1,548",702,336,415,30,14,27362,
301  ,27366       ,A           ,  ,,1311,,27366,岬町　　　　　,Misaki-cho,"14,741","14,478",91,"14,516","1,173","7,404","5,966",...,44,274,335,"1,748","12,600","6,273","6,256","3,841","1,918","2,115","1,199","1,212",34,19,27366,
301  ,27381       ,A           ,  ,,1312,,27381,太子町　　　　,Taishi-cho,"13,009","12,830",111,"12,813","1,553","7,476","3,844","9,482",63,141,338,398,"10,170","5,048","5,036","3,434","1,204","1,491",886,570,31,19,27381,
301  ,27382       ,A           ,  ,,1313,,27382,河南町　　　　,Kanan-cho,"15,697","15,320",141,"14,815","1,685","8,615","4,901","6,449",47,179,455,497,"15,410","6,392","6,384","3,788","1,960","1,814","1,029",630,40,22,27382,
301  ,27383       ,A           ,  ,,1314,,27383,千早赤阪村　　,Chihayaakasaka-mura,"4,909","4,893",15,"4,782",417,"2,258","2,232",...,18,79,86,123,"4,534","1,944","1,940","1,321",394,885,508,294,14,7,27383,
301  ,28000       ,A           ,  ,,1315,,28   ,兵庫県　　　,Hyogo-ken,"5,465,002","5,215,927","87,280","5,426,863","660,205","3,075,863","1,546,543","4,306,048","33,565","66,541","190,531","197,928","5,249,636","2,402,484","2,399,358","1,371,842","862,511","570,359","310,554","313,735","20,844","7,902",28   ,
301  ,28100       ,A           ,  ,,1316,,28100,神戸市　　　　,Kobe-shi,"1,525,152","1,402,061","33,009","1,500,425","171,315","843,645","419,161","1,432,655","8,941","17,978","65,553","69,785","1,560,753","734,920","734,091","379,662","318,372","156,019","87,612","101,752","6,028","2,255",28100,
301  ,28101       ,A           ,  ,,1317,,28101,　東灘区　　　　,  Higashinada-ku,"213,562","197,434","4,183","210,593","26,649","123,659","50,482","211,988","1,460","2,025","9,362","10,214","202,448","102,465","102,396","55,210","43,572","19,613","11,191","12,496",840,272,28101,
301  ,28102       ,A           ,  ,,1318,,28102,　灘区　　　　　,  Nada-ku,"136,747","124,091","3,139","132,017","16,059","78,114","33,112","135,651",854,"1,515","6,652","6,562","128,946","70,009","69,950","32,115","35,014","11,670","6,232","9,086",604,192,28102,
301  ,28105       ,A           ,  ,,1319,,28105,　兵庫区　　　　,  Hyogo-ku,"109,144","95,426","3,763","109,542","9,815","60,038","29,278","107,472",662,"1,607","7,493","7,434","124,576","61,186","61,091","23,329","34,558","9,712","4,773","9,915",689,204,28105,
301  ,28106       ,A           ,  ,,1320,,28106,　長田区　　　　,  Nagata-ku,"94,791","82,841","4,917","95,349","8,261","48,679","30,875","94,338",476,"1,567","4,885","5,267","97,219","49,601","49,539","21,651","24,689","10,331","5,192","9,906",439,180,28106,
301  ,28107       ,A           ,  ,,1321,,28107,　須磨区　　　　,  Suma-ku,"158,719","148,933","2,792","156,438","17,077","84,297","50,399","154,006",962,"2,058","5,520","5,912","141,979","74,352","74,269","42,446","28,193","19,399","11,126","11,904",527,229,28107,
301  ,28108       ,A           ,  ,,1322,,28108,　垂水区　　　　,  Tarumi-ku,"215,302","203,714","1,972","212,714","27,359","114,792","63,128","204,420","1,241","2,690","6,809","7,591","171,623","97,680","97,579","57,160","35,803","23,946","13,773","15,323",671,336,28108,
301  ,28109       ,A           ,  ,,1323,,28109,　北区　　　　　,  Kita-ku,"210,492","202,796","1,816","210,065","24,766","114,238","65,667","176,172","1,118","2,637","6,157","6,926","176,263","88,489","88,319","56,217","26,643","25,111","14,835","12,152",601,302,28109,
301  ,28110       ,A           ,  ,,1324,,28110,　中央区　　　　,  Chuo-ku,"147,518","119,907","8,156","140,070","12,699","84,360","31,090","146,885",987,"1,356","11,522","11,445","284,412","90,870","90,807","28,868","58,449","10,288","5,454","10,671",919,206,28110,
301  ,28111       ,A           ,  ,,1325,,28111,　西区　　　　　,  Nishi-ku,"238,877","226,919","2,271","233,637","28,630","135,468","65,130","201,723","1,181","2,523","7,153","8,434","233,287","100,268","100,141","62,666","31,451","25,949","15,036","10,299",738,334,28111,
301  ,28201       ,A           ,  ,,1326,,28201,姫路市　　　　,Himeji-shi,"530,495","516,789","10,045","525,884","69,356","310,280","142,411","392,599","3,564","6,272","13,241","13,880","531,747","224,106","223,793","130,598","75,447","51,327","26,889","27,660","2,268",850,28201,
301  ,28202       ,A           ,  ,,1327,,28202,尼崎市　　　　,Amagasaki-shi,"459,593","407,327","8,420","458,046","47,978","246,316","120,113","459,593","3,315","5,883","17,728","16,446","443,929","221,404","221,148","109,359","95,671","44,902","22,205","28,198","2,542",814,28202,
301  ,28203       ,A           ,  ,,1328,,28203,明石市　　　　,Akashi-shi,"303,601","295,326","3,356","306,760","41,155","177,638","79,617","289,204","2,562","3,323","11,263","9,478","274,720","133,647","133,488","81,010","47,314","30,396","16,511","18,784","1,334",488,28203,
301  ,28204       ,A           ,  ,,1329,,28204,西宮市　　　　,Nishinomiya-shi,"485,587","472,036","6,104","482,594","64,958","293,519","115,944","454,756","3,332","4,705","19,621","18,717","430,122","215,651","215,454","128,206","78,102","44,755","24,225","25,821","1,992",622,28204,
301  ,28205       ,A           ,  ,,1330,,28205,洲本市　　　　,Sumoto-shi,"41,236","40,665",284,"41,339","4,339","21,327","15,169","9,846",199,682,"1,347","1,594","42,506","17,792","17,736","9,871","6,049","4,917","2,795","3,110",129,64,28205,
301  ,28206       ,A           ,  ,,1331,,28206,芦屋市　　　　,Ashiya-shi,"93,922","91,172","1,441","94,780","11,455","52,989","27,654","91,486",506,"1,090","3,948","4,095","80,555","42,522","42,475","26,204","14,703","10,691","6,167","6,601",308,109,28206,
301  ,28207       ,A           ,  ,,1332,,28207,伊丹市　　　　,Itami-shi,"198,138","195,319","2,802","201,383","27,159","119,497","51,476","197,972","1,408","2,120","6,950","7,501","184,573","82,481","82,384","53,508","24,916","20,101","10,569","10,572",771,348,28207,
301  ,28208       ,A           ,  ,,1333,,28208,相生市　　　　,Aioi-shi,"28,355","27,903",400,"27,468","3,238","14,479","10,414","15,591",160,440,667,877,"28,055","11,806","11,779","7,133","3,678","3,695","2,070","1,983",75,30,28208,
301  ,28209       ,A           ,  ,,1334,,28209,豊岡市　　　　,Toyooka-shi,"77,489","76,516",633,"76,574","9,482","41,006","26,522","16,948",408,"1,242","1,722","2,134","78,477","30,180","30,115","16,663","8,519","8,400","4,227","3,774",243,112,28209,
301  ,28210       ,A           ,  ,,1335,,28210,加古川市　　　,Kakogawa-shi,"260,878","255,588","2,520","258,691","32,871","151,933","72,332","203,937","1,676","3,070","7,562","7,411","234,987","107,195","107,075","69,289","30,985","28,899","15,628","12,107","1,005",381,28210,
301  ,28212       ,A           ,  ,,1336,,28212,赤穂市　　　　,Ako-shi,"45,892","45,210",352,"44,816","5,217","25,047","15,093","29,076",199,642,"1,050","1,186","44,586","18,911","18,876","11,406","5,676","5,433","3,113","2,568",126,57,28212,
301  ,28213       ,A           ,  ,,1337,,28213,西脇市　　　　,Nishiwaki-shi,"38,673","37,647",662,"38,185","4,568","20,732","12,974","14,886",197,545,998,"1,177","37,350","15,167","15,146","8,504","4,393","4,198","2,218","1,959",128,47,28213,
301  ,28214       ,A           ,  ,,1338,,28214,宝塚市　　　　,Takarazuka-shi,"226,432","223,032","2,535","228,934","29,195","129,846","63,689","214,586","1,270","2,503","7,301","7,974","183,303","95,465","95,366","63,068","27,457","25,216","14,431","12,579",606,286,28214,
301  ,28215       ,A           ,  ,,1339,,28215,三木市　　　　,Miki-shi,"75,294","73,407","1,650","74,028","8,230","40,261","26,408","50,357",349,997,"2,131","2,428","75,974","30,370","30,318","18,756","8,509","9,690","5,351","3,787",238,102,28215,
301  ,28216       ,A           ,  ,,1340,,28216,高砂市　　　　,Takasago-shi,"87,722","86,145","1,080","87,360","11,169","50,316","25,596","78,330",534,"1,073","2,327","2,682","87,810","36,712","36,676","23,587","11,003","10,237","5,522","4,879",301,122,28216,
301  ,28217       ,A           ,  ,,1341,,28217,川西市　　　　,Kawanishi-shi,"152,321","151,029","1,182","154,071","18,392","84,625","49,188","146,514",823,"1,942","4,720","5,105","123,592","63,331","63,272","42,899","17,215","19,559","11,306","9,008",468,216,28217,
301  ,28218       ,A           ,  ,,1342,,28218,小野市　　　　,Ono-shi,"47,562","46,502",828,"47,166","6,325","27,104","13,844","17,014",255,581,"1,461","1,484","48,324","17,810","17,784","10,836","4,614","4,717","2,360","1,899",142,67,28218,
301  ,28219       ,A           ,  ,,1343,,28219,三田市　　　　,Sanda-shi,"109,238","108,024",776,"107,208","13,945","65,910","28,853","81,941",508,"1,070","2,935","3,771","104,676","42,401","42,368","29,223","10,231","11,303","6,493","3,656",265,117,28219,
301  ,28220       ,A           ,  ,,1344,,28220,加西市　　　　,Kasai-shi,"42,700","41,399","1,269","41,944","4,596","23,521","14,366","9,100",186,682,"1,328","1,275","45,882","16,245","16,222","8,924","4,595","4,724","2,461","1,702",121,49,28220,
301  ,28221       ,A           ,  ,,1345,,28221,丹波篠山市,Tambasasayama-shi,"39,611","38,570",762,"39,647","4,470","20,427","13,862",...,187,621,"1,303","1,216","37,781","15,605","15,567","8,987","4,266","4,511","2,525","2,115",102,61,28221,
301  ,28222       ,A           ,  ,,1346,,28222,養父市　　　　,Yabu-shi,"22,129","22,006",106,"21,489","2,447","10,876","8,750",...,103,397,367,545,"22,403","8,388","8,369","4,675","2,141","2,640","1,440","1,298",43,19,28222,
301  ,28223       ,A           ,  ,,1347,,28223,丹波市　　　　,Tamba-shi,"61,471","60,447",928,"60,897","7,433","32,235","21,535",...,344,"1,031","1,359","1,584","59,866","23,033","22,959","12,848","6,038","6,513","3,597","2,964",175,63,28223,
301  ,28224       ,A           ,  ,,1348,,28224,南あわじ市　　,Minamiawaji-shi,"44,137","43,424",355,"44,469","5,190","22,362","15,956",...,219,780,"1,108","1,378","42,837","17,047","17,011","9,417","4,738","4,841","2,509","2,346",116,62,28224,
301  ,28225       ,A           ,  ,,1349,,28225,朝来市　　　　,Asago-shi,"28,989","28,614",323,"28,239","3,394","14,817","10,351",...,143,469,720,832,"28,547","11,399","11,362","6,373","3,159","3,269","1,721","1,537",82,29,28225,
301  ,28226       ,A           ,  ,,1350,,28226,淡路市　　　　,Awaji-shi,"41,967","41,488",302,"41,969","4,495","20,946","16,265",...,211,807,"1,267","1,515","41,427","17,494","17,459","9,735","5,688","5,102","2,905","3,142",114,44,28226,
301  ,28227       ,A           ,  ,,1351,,28227,宍粟市　　　　,Shiso-shi,"34,819","34,552",236,"34,572","4,000","18,121","12,648",...,177,610,544,826,"32,688","12,882","12,856","7,431","2,973","3,933","2,128","1,697",103,52,28227,
301  ,28228       ,A           ,  ,,1352,,28228,加東市　　　　,Kato-shi,"40,645","38,177","1,726","39,681","5,119","23,844","10,757","5,855",258,437,"1,755","1,898","44,147","17,070","17,032","8,538","6,466","3,434","1,751","1,469",166,67,28228,
301  ,28229       ,A           ,  ,,1353,,28229,たつの市　　　,Tatsuno-shi,"74,316","72,643",499,"73,201","8,995","40,382","22,963","13,709",374,"1,002","1,671","1,936","72,387","27,757","27,655","16,889","6,751","7,960","4,193","3,145",215,83,28229,
301  ,28301       ,A           ,  ,,1354,,28301,猪名川町　　　,Inagawa-cho,"29,680","29,491",189,"29,100","3,839","16,422","9,411","21,075",71,355,608,825,"23,398","10,995","10,977","8,331","1,831","3,770","2,286","1,175",44,41,28301,
301  ,28365       ,A           ,  ,,1355,,28365,多可町　　　　,Taka-cho,"19,261","18,977",283,"18,966","1,951","9,809","7,306",...,72,288,335,500,"17,211","6,562","6,544","3,626","1,301","2,172","1,131",698,42,18,28365,
301  ,28381       ,A           ,  ,,1356,,28381,稲美町　　　　,Inami-cho,"30,268","29,785",405,"30,599","3,820","16,615","9,716","8,490",173,362,"1,009",850,"29,858","11,384","11,370","7,730","2,473","3,733","1,998","1,332",74,39,28381,
301  ,28382       ,A           ,  ,,1357,,28382,播磨町　　　　,Harima-cho,"33,604","32,868",466,"34,916","4,785","19,308","9,160","33,172",236,358,"1,420","1,204","29,234","13,792","13,781","9,065","3,890","3,769","1,993","1,676",135,45,28382,
301  ,28442       ,A           ,  ,,1358,,28442,市川町　　　　,Ichikawa-cho,"11,231","11,082",129,"10,897","1,124","5,894","4,184",...,44,207,187,261,"9,882","4,324","4,320","2,616","1,027","1,510",752,606,32,17,28442,
301  ,28443       ,A           ,  ,,1359,,28443,福崎町　　　　,Fukusaki-cho,"19,377","18,514",445,"18,767","2,442","10,516","5,454",...,108,240,732,655,"21,929","7,795","7,784","4,046","2,763","1,812",936,776,58,27,28443,
301  ,28446       ,A           ,  ,,1360,,28446,神河町　　　　,Kamikawa-cho,"10,616","10,553",62,"10,391","1,151","5,399","4,055",...,41,195,199,363,"9,217","3,779","3,768","2,204",799,"1,237",640,520,26,13,28446,
301  ,28464       ,A           ,  ,,1361,,28464,太子町　　　　,Taishi-cho,"33,477","33,011",231,"33,577","4,844","19,172","9,045","17,356",213,341,948,"1,017","27,349","12,757","12,745","8,456","3,084","3,434","1,940","1,266",107,43,28464,
301  ,28481       ,A           ,  ,,1362,,28481,上郡町　　　　,Kamigori-cho,"13,879","13,760",119,"13,913","1,239","6,882","5,454",...,39,241,356,362,"13,528","5,537","5,524","3,372","1,414","1,980","1,092",863,28,10,28481,
301  ,28501       ,A           ,  ,,1363,,28501,佐用町　　　　,Sayo-cho,"15,863","15,712",143,"15,166","1,462","7,533","6,853",...,45,360,284,396,"16,019","5,927","5,902","3,210","1,568","2,009","1,133","1,010",34,9,28501,
301  ,28585       ,A           ,  ,,1364,,28585,香美町　　　　,Kami-cho,"16,064","15,965",99,"15,657","1,661","7,870","6,530",...,64,344,283,421,"15,261","5,912","5,888","3,077","1,432","1,973",943,938,34,15,28585,
301  ,28586       ,A           ,  ,,1365,,28586,新温泉町　　　,Shinonsen-cho,"13,318","13,191",124,"13,094","1,401","6,442","5,464",...,51,256,223,344,"12,746","4,929","4,919","2,510","1,260","1,578",788,763,24,9,28586,
301  ,29000       ,A           ,  ,,1366,,29   ,奈良県　　　,Nara-ken,"1,324,473","1,302,289","11,505","1,315,207","154,271","737,675","414,576","887,863","7,315","17,166","40,270","41,589","1,206,425","544,981","543,908","340,422","159,204","153,769","86,726","70,741","4,205","1,780",29   ,
301  ,29201       ,A           ,  ,,1367,,29201,奈良市　　　　,Nara-shi,"354,630","346,733","3,047","349,385","39,706","197,673","110,212","308,712","1,963","4,513","10,943","10,633","336,006","155,305","155,069","93,428","52,480","41,495","23,936","20,921","1,097",434,29201,
301  ,29202       ,A           ,  ,,1368,,29202,大和高田市　　,Yamatotakada-shi,"61,744","60,995",532,"62,413","5,978","35,924","19,318","45,872",328,856,"2,052","2,105","54,235","26,095","26,064","16,083","7,840","7,208","3,698","3,882",233,99,29202,
301  ,29203       ,A           ,  ,,1369,,29203,大和郡山市　　,Yamatokoriyama-shi,"83,285","82,022",666,"83,255","9,044","45,680","27,301","63,759",421,"1,119","2,461","2,423","88,012","34,216","34,153","21,472","9,734","10,321","5,733","4,462",309,115,29203,
301  ,29204       ,A           ,  ,,1370,,29204,天理市　　　　,Tenri-shi,"63,889","62,432",740,"61,328","7,701","38,373","16,877","26,505",374,773,"2,376","2,744","63,891","25,619","25,377","13,815","9,006","5,772","3,048","2,728",235,77,29204,
301  ,29205       ,A           ,  ,,1371,,29205,橿原市　　　　,Kashihara-shi,"120,922","118,165",904,"119,250","14,419","69,671","34,502","94,037",783,"1,381","3,780","3,912","113,394","51,330","51,271","30,948","16,669","13,022","7,150","6,097",523,171,29205,
301  ,29206       ,A           ,  ,,1372,,29206,桜井市　　　　,Sakurai-shi,"54,857","53,981",597,"54,878","6,330","30,665","17,491","24,857",289,736,"1,553","1,712","48,019","22,011","21,979","13,745","5,950","6,237","3,276","3,019",186,107,29206,
301  ,29207       ,A           ,  ,,1373,,29207,五條市　　　　,Gojo-shi,"27,927","27,640",280,"27,477","2,049","13,295","10,360","5,791",79,514,622,788,"28,919","10,897","10,873","5,936","2,950","3,474","1,831","1,618",78,31,29207,
301  ,29208       ,A           ,  ,,1374,,29208,御所市　　　　,Gose-shi,"24,096","23,764",266,"23,677","1,843","12,075","10,102","8,049",90,460,579,650,"24,076","9,996","9,970","5,660","3,039","3,324","1,807","1,823",60,39,29208,
301  ,29209       ,A           ,  ,,1375,,29209,生駒市　　　　,Ikoma-shi,"116,675","114,942","1,213","117,332","16,057","66,351","33,430","99,233",663,"1,160","3,574","3,638","96,066","47,666","47,617","32,708","12,585","13,497","8,243","5,940",304,149,29209,
301  ,29210       ,A           ,  ,,1376,,29210,香芝市　　　　,Kashiba-shi,"78,113","76,817",508,"78,585","11,918","46,856","18,430","61,714",562,689,"2,448","2,551","61,705","29,609","29,573","20,690","6,710","7,064","4,004","2,580",284,116,29210,
301  ,29211       ,A           ,  ,,1377,,29211,葛城市　　　　,Katsuragi-shi,"36,832","36,460",349,"37,905","5,610","20,796","10,338","16,482",253,408,"1,131",943,"31,367","13,288","13,270","8,938","2,731","3,663","2,026","1,377",99,38,29211,
301  ,29212       ,A           ,  ,,1378,,29212,宇陀市　　　　,Uda-shi,"28,121","27,833",238,"27,346","2,481","13,770","11,793",...,70,540,530,960,"24,150","10,852","10,812","6,557","2,608","4,057","2,293","1,735",72,34,29212,
301  ,29322       ,A           ,  ,,1379,,29322,山添村　　　　,Yamazoe-mura,"3,226","3,185",34,"3,130",255,"1,401","1,557",...,7,65,42,70,"3,111","1,110","1,101",485,243,376,197,169,5,3,29322,
301  ,29342       ,A           ,  ,,1380,,29342,平群町　　　　,Heguri-cho,"18,009","17,882",99,"18,319","1,815","9,177","6,968",...,92,246,557,478,"13,706","7,173","7,164","5,073","1,448","2,824","1,682",956,40,24,29342,
301  ,29343       ,A           ,  ,,1381,,29343,三郷町　　　　,Sango-cho,"23,219","23,002",148,"22,479","2,785","12,779","7,530","22,267",128,311,908,858,"18,384","9,494","9,463","6,002","2,847","2,670","1,558","1,227",71,38,29343,
301  ,29344       ,A           ,  ,,1382,,29344,斑鳩町　　　　,Ikaruga-cho,"27,587","27,322",181,"28,134","3,831","15,222","8,393","24,066",171,357,858,780,"21,456","10,902","10,891","7,614","2,477","3,338","1,891","1,331",68,35,29344,
301  ,29345       ,A           ,  ,,1383,,29345,安堵町　　　　,Ando-cho,"7,225","7,005",203,"7,056",650,"3,966","2,544",...,18,104,302,285,"6,172","3,068","3,064","1,852",946,945,481,394,25,7,29345,
301  ,29361       ,A           ,  ,,1384,,29361,川西町　　　　,Kawanishi-cho,"8,167","7,998",157,"8,094",978,"4,360","2,809",...,30,106,194,221,"8,016","3,206","3,204","2,106",754,"1,080",614,422,12,12,29361,
301  ,29362       ,A           ,  ,,1385,,29362,三宅町　　　　,Miyake-cho,"6,439","6,354",83,"6,502",632,"3,475","2,330",...,26,89,160,213,"4,992","2,645","2,639","1,728",638,924,510,353,11,13,29362,
301  ,29363       ,A           ,  ,,1386,,29363,田原本町　　　,Tawaramoto-cho,"31,177","30,885",208,"31,570","3,677","17,273","9,959","18,796",226,437,"1,011",982,"28,943","11,905","11,879","7,770","2,727","3,574","1,985","1,323",127,56,29363,
301  ,29385       ,A           ,  ,,1387,,29385,曽爾村　　　　,Soni-mura,"1,295","1,280",15,"1,296",85,542,668,...,6,29,48,50,"1,234",593,592,310,201,235,137,124,1,0,29385,
301  ,29386       ,A           ,  ,,1388,,29386,御杖村　　　　,Mitsue-mura,"1,479","1,470",9,"1,412",50,534,891,...,7,54,44,47,"1,400",705,700,351,263,277,191,198,3,1,29386,
301  ,29401       ,A           ,  ,,1389,,29401,高取町　　　　,Takatori-cho,"6,729","6,699",9,"6,187",610,"3,304","2,782",...,17,114,111,178,"6,748","2,320","2,303","1,436",474,840,476,328,8,6,29401,
301  ,29402       ,A           ,  ,,1390,,29402,明日香村　　　,Asuka-mura,"5,179","5,154",15,"5,168",526,"2,517","2,131",...,21,95,95,132,"4,665","1,786","1,776","1,066",330,658,360,208,9,5,29402,
301  ,29424       ,A           ,  ,,1391,,29424,上牧町　　　　,Kammaki-cho,"21,714","21,577",137,"21,367","2,105","11,826","7,783","15,269",95,359,732,748,"18,000","8,558","8,534","5,917","2,083","2,815","1,602","1,217",48,30,29424,
301  ,29425       ,A           ,  ,,1392,,29425,王寺町　　　　,Oji-cho,"24,043","23,647",195,"23,858","3,507","13,527","6,735","20,935",195,286,836,931,"20,204","10,031","10,025","6,524","2,839","2,718","1,543","1,129",88,32,29425,
301  ,29426       ,A           ,  ,,1393,,29426,広陵町　　　　,Koryo-cho,"33,810","33,517",178,"35,159","4,980","19,828","8,849","21,487",252,347,945,904,"27,731","11,921","11,913","8,680","1,890","3,360","1,829",964,78,42,29426,
301  ,29427       ,A           ,  ,,1394,,29427,河合町　　　　,Kawai-cho,"17,018","16,887",111,"16,818","1,714","8,648","6,574","10,032",64,246,481,537,"15,728","6,792","6,771","4,585","1,592","2,538","1,515",913,36,15,29427,
301  ,29441       ,A           ,  ,,1395,,29441,吉野町　　　　,Yoshino-cho,"6,229","6,164",65,"6,036",373,"2,620","3,236",...,11,182,111,156,"6,283","2,659","2,656","1,452",812,"1,093",631,616,14,8,29441,
301  ,29442       ,A           ,  ,,1396,,29442,大淀町　　　　,Oyodo-cho,"16,728","16,479",207,"16,147","1,641","9,261","5,784",...,42,257,424,473,"15,575","6,509","6,498","4,129","1,651","2,037","1,082",959,40,24,29442,
301  ,29443       ,A           ,  ,,1397,,29443,下市町　　　　,Shimoichi-cho,"5,037","5,000",37,"4,595",325,"2,353","2,359",...,6,112,78,132,"4,532","2,139","2,137","1,142",688,770,436,502,12,4,29443,
301  ,29444       ,A           ,  ,,1398,,29444,黒滝村　　　　,Kurotaki-mura,623,617,6,612,43,236,344,...,3,28,17,27,640,307,307,154,120,115,71,81,2,3,29444,
301  ,29446       ,A           ,  ,,1399,,29446,天川村　　　　,Tenkawa-mura,"1,176","1,175",1,"1,231",96,482,598,...,0,29,33,45,"1,256",561,561,295,200,207,127,142,1,3,29446,
301  ,29447       ,A           ,  ,,1400,,29447,野迫川村　　　,Nosegawa-mura,357,351,6,334,12,164,180,...,1,9,13,10,383,204,203,71,111,52,34,56,0,0,29447,
301  ,29449       ,A           ,  ,,1401,,29449,十津川村　　　,Totsukawa-mura,"3,061","3,043",18,"2,850",230,"1,526","1,305",...,7,65,102,137,"3,276","1,410","1,403",705,594,469,255,314,16,1,29449,
301  ,29450       ,A           ,  ,,1402,,29450,下北山村　　　,Shimokitayama-mura,753,746,7,811,53,334,366,...,4,15,45,29,837,447,446,205,232,117,84,136,3,2,29450,
301  ,29451       ,A           ,  ,,1403,,29451,上北山村　　　,Kamikitayama-mura,444,443,1,440,15,199,230,...,0,11,18,23,487,265,265,113,141,78,52,76,0,0,29451,
301  ,29452       ,A           ,  ,,1404,,29452,川上村　　　　,Kawakami-mura,"1,156","1,143",13,"1,233",69,444,642,...,5,32,29,39,"1,296",625,625,293,289,220,140,197,5,5,29452,
301  ,29453       ,A           ,  ,,1405,,29453,東吉野村　　　,Higashiyoshino-mura,"1,502","1,480",22,"1,538",78,548,875,...,6,32,27,45,"1,530",762,760,384,312,305,198,224,2,1,29453,
301  ,30000       ,A           ,  ,,1406,,30   ,和歌山県　　,Wakayama-ken,"922,584","911,408","6,029","913,297","105,360","503,704","305,500","348,232","5,238","14,308","22,143","24,266","908,429","394,483","393,489","233,292","127,908","106,315","59,239","64,404","3,193","1,386",30   ,
301  ,30201       ,A           ,  ,,1407,,30201,和歌山市　　　,Wakayama-shi,"356,729","352,193","3,045","356,472","42,340","201,722","109,950","274,582","2,288","5,119","7,776","8,232","369,960","157,666","157,310","93,002","54,986","39,294","21,845","25,088","1,500",579,30201,
301  ,30202       ,A           ,  ,,1408,,30202,海南市　　　　,Kainan-shi,"48,369","47,835",256,"47,158","4,867","25,370","17,720","14,155",205,840,"1,023","1,137","46,606","20,088","20,039","12,122","5,852","6,173","3,456","3,359",136,55,30202,
301  ,30203       ,A           ,  ,,1409,,30203,橋本市　　　　,Hashimoto-shi,"60,818","60,238",313,"59,475","6,957","33,405","20,116",...,316,894,"1,347","1,615","52,762","24,028","23,975","15,607","6,075","7,341","4,107","3,384",170,70,30203,
301  ,30204       ,A           ,  ,,1410,,30204,有田市　　　　,Arida-shi,"26,538","26,242",137,"25,721","2,769","14,289","9,270","5,833",117,420,480,710,"25,292","10,270","10,250","6,095","2,625","3,049","1,643","1,453",72,34,30204,
301  ,30205       ,A           ,  ,,1411,,30205,御坊市　　　　,Gobo-shi,"23,481","22,999",163,"21,540","2,496","13,155","7,333","5,163",126,318,578,881,"26,937","10,123","10,076","5,368","3,633","2,468","1,290","1,521",82,30,30205,
301  ,30206       ,A           ,  ,,1412,,30206,田辺市　　　　,Tanabe-shi,"69,870","68,975",252,"68,448","7,944","37,608","23,429","28,986",391,"1,139","1,606","2,040","71,064","31,215","31,114","17,686","11,024","8,214","4,435","5,400",214,97,30206,
301  ,30207       ,A           ,  ,,1413,,30207,新宮市　　　　,Shingu-shi,"27,171","26,508",163,"26,333","2,869","13,339","10,111","14,386",137,466,718,930,"29,601","13,123","13,075","7,139","5,283","3,492","2,083","2,821",70,52,30207,
301  ,30208       ,A           ,  ,,1414,,30208,紀の川市　　　,Kinokawa-shi,"58,816","58,120",397,"59,578","6,553","32,440","19,449",...,292,918,"1,511","1,365","54,709","23,351","23,316","14,639","5,987","6,790","3,742","3,287",192,85,30208,
301  ,30209       ,A           ,  ,,1415,,30209,岩出市　　　　,Iwade-shi,"53,967","52,937",383,"54,059","7,295","32,952","12,849",...,406,542,"1,757","1,707","44,279","21,999","21,965","14,268","6,220","4,909","2,685","2,140",238,117,30209,
301  ,30304       ,A           ,  ,,1416,,30304,紀美野町　　　,Kimino-cho,"8,256","8,221",35,"7,912",585,"3,662","4,009",...,24,182,153,160,"7,809","3,474","3,465","2,047","1,038","1,326",757,765,16,8,30304,
301  ,30341       ,A           ,  ,,1417,,30341,かつらぎ町　　,Katsuragi-cho,"15,967","15,864",77,"15,625","1,643","7,867","6,425",...,68,298,327,372,"15,880","6,223","6,210","3,654","1,697","2,035","1,097","1,145",36,16,30341,
301  ,30343       ,A           ,  ,,1418,,30343,九度山町　　　,Kudoyama-cho,"3,856","3,850",4,"3,888",286,"1,773","1,792",...,12,101,242,113,"3,372","1,528","1,524",872,414,588,315,322,2,2,30343,
301  ,30344       ,A           ,  ,,1419,,30344,高野町　　　　,Koya-cho,"2,970","2,936",29,"2,676",227,"1,502","1,220",...,9,60,124,152,"3,419","1,408","1,402",600,665,375,207,328,6,6,30344,
301  ,30361       ,A           ,  ,,1420,,30361,湯浅町　　　　,Yuasa-cho,"11,122","11,018",37,"10,944","1,185","5,766","4,089","5,127",49,178,230,295,"11,221","4,599","4,591","2,629","1,419","1,342",725,854,37,13,30361,
301  ,30362       ,A           ,  ,,1421,,30362,広川町　　　　,Hirogawa-cho,"6,781","6,717",44,"6,545",818,"3,521","2,413",...,28,108,139,167,"6,200","2,481","2,476","1,435",606,713,391,360,18,10,30362,
301  ,30366       ,A           ,  ,,1422,,30366,有田川町　　　,Aridagawa-cho,"25,258","25,167",76,"25,412","3,273","13,621","8,325",...,176,425,562,565,"23,804","9,506","9,480","5,842","2,274","2,603","1,507","1,418",81,49,30366,
301  ,30381       ,A           ,  ,,1423,,30381,美浜町　　　　,Mihama-cho,"6,867","6,831",29,"6,452",690,"3,590","2,566",...,36,116,225,295,"5,842","2,863","2,852","1,699",912,845,514,514,17,6,30381,
301  ,30382       ,A           ,  ,,1424,,30382,日高町　　　　,Hidaka-cho,"7,673","7,644",17,"7,986","1,197","4,135","2,317",...,56,103,302,228,"5,642","2,896","2,892","1,912",644,773,446,399,25,10,30382,
301  ,30383       ,A           ,  ,,1425,,30383,由良町　　　　,Yura-cho,"5,364","5,314",37,"5,183",500,"2,724","2,088",...,17,123,130,159,"4,917","2,261","2,248","1,233",760,691,392,444,12,4,30383,
301  ,30390       ,A           ,  ,,1426,,30390,印南町　　　　,Inami-cho,"7,720","7,684",32,"7,757",942,"3,910","2,855",...,35,153,145,225,"7,123","2,993","2,990","1,773",754,937,547,528,14,10,30390,
301  ,30391       ,A           ,  ,,1427,,30391,みなべ町　　　,Minabe-cho,"11,818","11,710",77,"11,767","1,427","6,413","3,929",...,60,189,252,309,"11,876","4,277","4,268","2,378","1,036","1,193",586,569,30,15,30391,
301  ,30392       ,A           ,  ,,1428,,30392,日高川町　　　,Hidakagawa-cho,"9,219","9,185",33,"9,202","1,093","4,737","3,388",...,57,201,217,241,"8,597","3,592","3,585","2,121","1,001","1,054",597,642,30,13,30392,
301  ,30401       ,A           ,  ,,1429,,30401,白浜町　　　　,Shirahama-cho,"20,262","19,989",145,"20,161","1,940","10,121","8,017",...,88,396,794,854,"20,536","9,382","9,346","4,993","3,695","2,627","1,491","1,863",50,28,30401,
301  ,30404       ,A           ,  ,,1430,,30404,上富田町　　　,Kamitonda-cho,"15,236","15,095",38,"15,720","2,148","8,838","4,112",...,131,171,612,486,"13,995","6,368","6,349","4,008","1,885","1,516",828,900,56,28,30404,
301  ,30406       ,A           ,  ,,1431,,30406,すさみ町　　　,Susami-cho,"3,685","3,649",22,"3,607",301,"1,568","1,795",...,15,79,91,80,"3,525","1,790","1,786",935,732,564,324,520,8,3,30406,
301  ,30421       ,A           ,  ,,1432,,30421,那智勝浦町　　,Nachikatsuura-cho,"14,137","14,016",107,"13,778","1,351","6,556","6,200",...,36,271,340,403,"13,446","6,795","6,775","3,816","2,563","2,138","1,282","1,684",41,17,30421,
301  ,30422       ,A           ,  ,,1433,,30422,太地町　　　　,Taiji-cho,"2,791","2,779",10,"2,844",202,"1,335","1,251",...,12,65,108,86,"2,309","1,315","1,310",744,500,418,241,328,4,2,30422,
301  ,30424       ,A           ,  ,,1434,,30424,古座川町　　　,Kozagawa-cho,"2,480","2,468",12,"2,363",184,926,"1,370",...,6,80,41,54,"2,446","1,248","1,244",664,516,441,281,383,8,4,30424,
301  ,30427       ,A           ,  ,,1435,,30427,北山村　　　　,Kitayama-mura,404,404,0,394,40,182,182,...,2,4,8,11,454,223,222,104,111,52,36,72,0,0,30427,
301  ,30428       ,A           ,  ,,1436,,30428,串本町　　　　,Kushimoto-cho,"14,959","14,820",59,"14,297","1,238","6,677","6,930",...,43,349,305,394,"14,806","7,398","7,354","3,907","3,001","2,354","1,389","1,913",28,23,30428,
301  ,31000       ,A           ,  ,,1437,,31   ,鳥取県　　　,Tottori-ken,"553,407","543,979","4,310","540,207","68,330","300,002","177,046","210,681","3,752","8,031","14,135","15,891","552,505","219,742","219,069","115,881","70,641","54,676","26,164","27,170","1,981",763,31   ,
301  ,31201       ,A           ,  ,,1438,,31201,鳥取市　　　　,Tottori-shi,"188,465","185,241","1,306","181,203","23,684","106,218","54,990","103,827","1,290","2,370","3,918","4,759","194,088","77,029","76,800","39,713","26,983","17,446","8,220","8,223",715,249,31201,
301  ,31202       ,A           ,  ,,1439,,31202,米子市　　　　,Yonago-shi,"147,317","143,338","1,170","145,163","19,171","82,094","42,337","76,322","1,178","1,897","4,594","4,825","152,603","62,134","61,991","32,661","22,306","13,546","6,769","7,361",688,246,31202,
301  ,31203       ,A           ,  ,,1440,,31203,倉吉市　　　　,Kurayoshi-shi,"46,485","45,956",303,"44,212","5,723","24,287","16,034","14,727",301,735,"1,191","1,443","52,159","18,309","18,214","9,697","5,901","4,803","2,330","2,686",147,61,31203,
301  ,31204       ,A           ,  ,,1441,,31204,境港市　　　　,Sakaiminato-shi,"32,740","32,151",482,"32,696","3,912","17,948","10,736","15,805",196,460,"1,174","1,114","32,745","13,128","13,084","7,609","3,889","3,710","1,774","1,816",98,54,31204,
301  ,31302       ,A           ,  ,,1442,,31302,岩美町　　　　,Iwami-cho,"10,799","10,718",76,"10,903","1,143","5,598","4,053",...,67,206,291,281,"9,041","3,926","3,912","2,210",926,"1,293",590,556,27,4,31302,
301  ,31325       ,A           ,  ,,1443,,31325,若桜町　　　　,Wakasa-cho,"2,864","2,834",30,"2,766",191,"1,279","1,393",...,11,66,49,81,"2,566","1,182","1,180",615,369,449,229,259,5,2,31325,
301  ,31328       ,A           ,  ,,1444,,31328,智頭町　　　　,Chizu-cho,"6,427","6,359",68,"6,257",621,"3,005","2,801",...,18,125,119,177,"6,036","2,400","2,395","1,159",662,780,365,424,17,4,31328,
301  ,31329       ,A           ,  ,,1445,,31329,八頭町　　　　,Yazu-cho,"15,937","15,868",69,"15,748","1,853","8,289","5,792",...,96,282,273,392,"12,978","5,326","5,315","2,939",996,"1,645",704,651,33,18,31329,
301  ,31364       ,A           ,  ,,1446,,31364,三朝町　　　　,Misasa-cho,"6,060","5,995",61,"5,936",676,"2,962","2,408",...,23,131,122,134,"5,335","2,230","2,222","1,124",601,676,314,368,7,1,31364,
301  ,31370       ,A           ,  ,,1447,,31370,湯梨浜町　　　,Yurihama-cho,"16,055","15,955",91,"16,334","2,264","8,602","5,139",...,146,313,449,458,"12,777","5,682","5,659","3,208","1,299","1,487",698,746,53,25,31370,
301  ,31371       ,A           ,  ,,1448,,31371,琴浦町　　　　,Kotoura-cho,"16,365","16,166",199,"16,165","1,979","8,356","6,028",...,94,278,355,486,"15,384","5,769","5,751","3,001","1,374","1,710",780,772,44,24,31371,
301  ,31372       ,A           ,  ,,1449,,31372,北栄町　　　　,Hokuei-cho,"14,228","14,121",104,"14,327","1,793","7,352","5,060",...,87,216,330,368,"12,659","4,987","4,975","2,767","1,066","1,520",681,645,36,18,31372,
301  ,31384       ,A           ,  ,,1450,,31384,日吉津村　　　,Hiezu-son,"3,501","3,448",32,"3,620",507,"1,979",986,...,31,45,173,139,"3,513","1,243","1,240",686,300,264,122,112,16,5,31384,
301  ,31386       ,A           ,  ,,1451,,31386,大山町　　　　,Daisen-cho,"15,370","15,251",119,"15,048","1,684","7,491","6,195",...,66,317,333,384,"13,138","5,247","5,225","2,774","1,148","1,747",785,732,30,17,31386,
301  ,31389       ,A           ,  ,,1452,,31389,南部町　　　　,Nambu-cho,"10,323","10,228",92,"10,272","1,179","5,261","3,879",...,51,151,307,268,"8,849","3,548","3,531","1,869",775,"1,079",522,465,14,15,31389,
301  ,31390       ,A           ,  ,,1453,,31390,伯耆町　　　　,Hoki-cho,"10,696","10,636",47,"10,297","1,282","5,148","4,243",...,58,185,259,277,"8,879","3,648","3,637","2,032",757,"1,181",583,478,29,16,31390,
301  ,31401       ,A           ,  ,,1454,,31401,日南町　　　　,Nichinan-cho,"4,196","4,168",28,"3,998",296,"1,708","2,190",...,16,109,81,124,"4,095","1,791","1,785",811,626,611,333,424,2,1,31401,
301  ,31402       ,A           ,  ,,1455,,31402,日野町　　　　,Hino-cho,"2,907","2,884",23,"2,742",183,"1,253","1,471",...,10,77,63,102,"3,077","1,210","1,204",561,422,405,201,267,7,2,31402,
301  ,31403       ,A           ,  ,,1456,,31403,江府町　　　　,Kofu-cho,"2,672","2,662",10,"2,520",189,"1,172","1,311",...,13,68,54,79,"2,583",953,949,445,241,324,164,185,13,1,31403,
301  ,32000       ,A           ,  ,,1457,,32   ,島根県　　　,Shimane-ken,"671,126","656,197","8,230","650,624","81,641","352,656","227,881","171,792","4,161","10,434","17,828","19,717","671,741","269,892","268,462","140,016","89,036","68,835","36,340","35,331","2,167",813,32   ,
301  ,32201       ,A           ,  ,,1456.4,,32201,松江市　　　　,Matsue-shi,"203,616","198,573","1,336","196,021","25,931","113,547","59,498","106,434","1,409","2,668","5,700","6,246","209,721","85,593","85,329","44,549","31,422","19,078","9,962","9,384",777,264,32201,
301  ,32202       ,A           ,  ,,1457.7,,32202,浜田市　　　　,Hamada-shi,"54,592","53,624",651,"49,678","5,940","28,524","19,445","9,474",281,977,"1,594","1,967","55,882","24,370","23,821","12,103","9,361","6,160","3,428","3,849",164,66,32202,
301  ,32203       ,A           ,  ,,1459,,32203,出雲市　　　　,Izumo-shi,"172,775","166,846","4,158","172,607","23,315","95,332","51,944","38,443","1,302","2,321","4,455","4,607","170,387","64,408","64,211","33,316","18,810","14,650","7,042","5,913",652,226,32203,
301  ,32204       ,A           ,  ,,1460,,32204,益田市　　　　,Masuda-shi,"45,003","44,089",347,"43,708","5,284","21,988","17,017","10,385",242,731,"1,142","1,278","45,285","18,870","18,805","10,314","6,135","5,430","3,172","3,126",116,61,32204,
301  ,32205       ,A           ,  ,,1462,,32205,大田市　　　　,Oda-shi,"32,846","32,347",338,"32,195","3,655","15,778","13,264",...,163,631,784,880,"32,516","13,343","13,296","7,325","4,054","4,253","2,279","2,337",85,37,32205,
301  ,32206       ,A           ,  ,,1463,,32206,安来市　　　　,Yasugi-shi,"37,062","36,697",262,"35,855","4,277","18,817","13,835","7,056",165,649,788,907,"36,112","12,835","12,798","6,690","3,036","3,763","1,789","1,545",90,38,32206,
301  ,32207       ,A           ,  ,,1464,,32207,江津市　　　　,Gotsu-shi,"22,959","22,650",282,"21,751","2,403","11,467","9,008",...,109,411,608,726,"22,465","9,953","9,894","5,351","3,501","2,952","1,698","1,994",53,31,32207,
301  ,32209       ,A           ,  ,,1465,,32209,雲南市　　　　,Unnan-shi,"36,007","35,771",212,"35,085","4,041","17,487","14,422",...,159,650,749,901,"33,841","12,432","12,391","6,219","2,810","3,773","1,789","1,620",82,31,32209,
301  ,32343       ,A           ,  ,,1466,,32343,奥出雲町　　　,Okuizumo-cho,"11,849","11,759",89,"11,339","1,160","5,341","5,130",...,50,257,260,331,"11,472","4,356","4,341","1,925","1,242","1,352",679,654,16,7,32343,
301  ,32386       ,A           ,  ,,1467,,32386,飯南町　　　　,Iinan-cho,"4,577","4,535",42,"4,482",463,"1,998","2,114",...,21,107,135,142,"4,709","1,769","1,754",852,529,564,317,324,6,7,32386,
301  ,32441       ,A           ,  ,,1468,,32441,川本町　　　　,Kawamoto-machi,"3,248","3,229",19,"3,034",320,"1,477","1,433",...,14,57,127,122,"3,687","1,407","1,396",717,537,444,281,298,6,2,32441,
301  ,32448       ,A           ,  ,,1469,,32448,美郷町　　　　,Misato-cho,"4,355","4,337",18,"4,134",498,"1,772","2,084",...,17,128,107,108,"3,890","1,844","1,835",956,633,624,367,442,11,3,32448,
301  ,32449       ,A           ,  ,,1470,,32449,邑南町　　　　,Onan-cho,"10,163","10,063",84,"9,734","1,084","4,478","4,582",...,46,227,223,252,"10,049","3,994","3,958","2,097","1,246","1,262",770,781,17,12,32449,
301  ,32501       ,A           ,  ,,1471,,32501,津和野町　　　,Tsuwano-cho,"6,875","6,823",52,"6,583",593,"2,944","3,337",...,32,149,178,227,"6,499","3,090","3,084","1,548","1,127","1,014",610,734,10,10,32501,
301  ,32505       ,A           ,  ,,1472,,32505,吉賀町　　　　,Yoshika-cho,"6,077","5,855",221,"5,717",573,"2,745","2,720",...,37,119,194,174,"6,151","2,833","2,822","1,412","1,167",828,520,553,12,5,32505,
301  ,32525       ,A           ,  ,,1473,,32525,海士町　　　　,Ama-cho,"2,267","2,255",12,"2,214",244,"1,118",905,...,12,32,169,180,"2,304","1,068","1,060",530,455,313,206,179,9,0,32525,
301  ,32526       ,A           ,  ,,1474,,32526,西ノ島町　　　,Nishinoshima-cho,"2,788","2,757",31,"2,548",253,"1,246","1,289",...,16,69,140,146,"2,739","1,415","1,409",711,631,447,290,305,7,0,32526,
301  ,32527       ,A           ,  ,,1475,,32527,知夫村　　　　,Chibu-mura,634,631,3,592,69,281,284,...,2,10,37,60,623,350,340,145,180,87,65,93,3,1,32527,
301  ,32528       ,A           ,  ,,1476,,32528,隠岐の島町　　,Okinoshima-cho,"13,433","13,356",73,"13,347","1,538","6,316","5,570",...,84,241,438,463,"13,409","5,962","5,918","3,256","2,160","1,841","1,076","1,200",51,12,32528,
301  ,33000       ,A           ,  ,,1477,,33   ,岡山県　　　,Okayama-ken,"1,888,432","1,810,900","25,116","1,851,125","229,352","1,032,394","557,991","917,819","12,371","24,901","61,443","67,064","1,889,120","801,409","799,611","435,515","284,926","190,885","103,306","94,208","7,399","2,787",33   ,
301  ,33100       ,A           ,  ,,1478,,33100,岡山市　　　　,Okayama-shi,"724,691","694,651","11,844","698,671","92,756","424,785","185,732","505,374","5,158","8,047","30,406","33,318","744,752","327,620","326,986","169,536","134,334","64,507","34,812","35,368","3,229","1,086",33100,
301  ,33101       ,A           ,  ,,1479,,33101,　北区　　　　　,  Kita-ku,"314,523","296,466","6,307","294,773","38,193","187,763","74,229","225,885","2,205","3,284","15,041","16,401","365,715","155,323","154,998","69,065","77,230","25,115","13,698","15,539","1,532",421,33101,
301  ,33102       ,A           ,  ,,1480,,33102,　中区　　　　　,  Naka-ku,"149,232","144,707","2,072","146,472","21,064","87,075","38,220","126,993","1,134","1,647","6,274","6,638","133,768","65,547","65,426","36,707","24,234","13,423","7,354","7,986",618,256,33102,
301  ,33103       ,A           ,  ,,1481,,33103,　東区　　　　　,  Higashi-ku,"93,108","90,354","1,420","91,985","10,893","52,132","28,622","41,305",532,"1,264","3,278","3,551","88,851","37,471","37,392","22,664","10,974","10,031","5,463","4,311",323,129,33103,
301  ,33104       ,A           ,  ,,1482,,33104,　南区　　　　　,  Minami-ku,"167,828","163,124","2,045","165,441","22,606","97,815","44,661","111,191","1,287","1,852","5,813","6,728","156,418","69,279","69,170","41,100","21,896","15,938","8,297","7,532",756,280,33104,
301  ,33202       ,A           ,  ,,1483,,33202,倉敷市　　　　,Kurashiki-shi,"474,592","440,084","4,361","475,914","58,486","249,921","125,532","305,435","3,580","5,388","12,257","12,552","469,637","199,082","198,749","109,898","68,504","45,783","24,541","19,321","2,189",779,33202,
301  ,33203       ,A           ,  ,,1484,,33203,津山市　　　　,Tsuyama-shi,"99,937","97,681",832,"96,314","12,449","55,234","30,544","25,202",658,"1,372","2,696","3,260","101,183","41,213","41,075","22,111","14,181","9,750","5,224","5,106",392,159,33203,
301  ,33204       ,A           ,  ,,1485,,33204,玉野市　　　　,Tamano-shi,"56,531","55,556",615,"54,946","5,608","28,734","21,774","15,918",249,"1,009","1,371","1,507","55,797","24,090","24,020","14,486","7,531","7,966","4,510","3,858",168,77,33204,
301  ,33205       ,A           ,  ,,1486,,33205,笠岡市　　　　,Kasaoka-shi,"46,088","45,238",490,"44,773","4,419","23,004","17,064","9,296",176,792,"1,113","1,330","45,957","18,466","18,406","10,650","5,513","5,681","3,028","3,003",113,60,33205,
301  ,33207       ,A           ,  ,,1487,,33207,井原市　　　　,Ibara-shi,"38,384","37,788",512,"37,396","3,880","20,028","14,355","5,846",185,743,803,990,"36,493","14,732","14,694","8,408","3,938","4,590","2,265","2,136",105,53,33207,
301  ,33208       ,A           ,  ,,1488,,33208,総社市　　　　,Soja-shi,"69,030","66,634","1,593","69,731","9,589","39,165","19,408","26,147",509,804,"2,445","2,241","63,908","27,110","27,066","15,679","8,189","6,624","3,517","2,563",254,100,33208,
301  ,33209       ,A           ,  ,,1489,,33209,高梁市　　　　,Takahashi-shi,"29,072","28,056",900,"26,861","2,546","14,264","11,904","5,703",86,579,747,"1,110","31,269","12,886","12,838","5,862","5,342","3,521","1,991","2,175",68,25,33209,
301  ,33210       ,A           ,  ,,1490,,33210,新見市　　　　,Niimi-shi,"28,079","27,757",271,"26,657","2,676","13,644","11,606",...,109,582,597,778,"27,555","11,324","11,287","5,595","3,725","3,390","1,925","1,878",69,26,33210,
301  ,33211       ,A           ,  ,,1491,,33211,備前市　　　　,Bizen-shi,"32,320","31,623",548,"31,411","2,961","16,406","12,732",...,122,579,773,994,"34,132","13,486","13,444","7,693","4,218","4,379","2,492","2,250",70,34,33211,
301  ,33212       ,A           ,  ,,1492,,33212,瀬戸内市　　　,Setouchi-shi,"36,048","35,407",420,"36,484","4,071","19,264","12,422",...,173,580,"1,297","1,565","35,895","14,068","14,030","8,728","3,671","4,302","2,322","1,874",99,44,33212,
301  ,33213       ,A           ,  ,,1493,,33213,赤磐市　　　　,Akaiwa-shi,"42,661","42,018",483,"42,973","5,745","22,267","14,377","13,868",250,557,"1,185","1,202","37,379","16,439","16,406","10,858","3,805","5,244","2,995","2,161",115,69,33213,
301  ,33214       ,A           ,  ,,1494,,33214,真庭市　　　　,Maniwa-shi,"42,725","42,384",291,"41,685","4,863","20,687","17,061",...,214,860,842,"1,120","41,988","15,845","15,781","8,216","4,218","4,749","2,560","2,406",103,52,33214,
301  ,33215       ,A           ,  ,,1495,,33215,美作市　　　　,Mimasaka-shi,"25,939","25,456",380,"25,524","2,612","12,356","10,800",...,99,543,618,735,"25,468","10,793","10,761","5,636","3,577","3,278","1,829","2,019",54,32,33215,
301  ,33216       ,A           ,  ,,1496,,33216,浅口市　　　　,Asakuchi-shi,"32,772","32,437",225,"32,987","3,589","17,005","12,047",...,200,525,859,910,"29,472","12,615","12,591","7,904","3,034","4,313","2,264","1,717",78,40,33216,
301  ,33346       ,A           ,  ,,1497,,33346,和気町　　　　,Wake-cho,"13,623","13,351",248,"13,151","1,266","6,727","5,598",...,39,290,384,421,"13,114","5,296","5,270","3,058","1,491","1,770",957,857,35,21,33346,
301  ,33423       ,A           ,  ,,1498,,33423,早島町　　　　,Hayashima-cho,"12,368","12,285",67,"12,764","2,027","6,881","3,433","5,030",91,151,544,420,"12,877","4,522","4,514","3,070",974,"1,224",706,470,43,22,33423,
301  ,33445       ,A           ,  ,,1499,,33445,里庄町　　　　,Satosho-cho,"10,950","10,795",155,"11,007","1,525","5,965","3,454",...,71,127,316,275,"10,376","4,138","4,128","2,664",996,"1,222",643,517,32,9,33445,
301  ,33461       ,A           ,  ,,1500,,33461,矢掛町　　　　,Yakage-cho,"13,414","13,039",368,"13,273","1,423","6,726","5,207",...,63,242,350,349,"13,108","5,000","4,986","2,794","1,278","1,633",836,689,19,12,33461,
301  ,33586       ,A           ,  ,,1501,,33586,新庄村　　　　,Shinjo-son,813,802,11,832,99,368,346,...,8,23,23,33,722,331,331,158,104,96,59,59,3,1,33586,
301  ,33606       ,A           ,  ,,1502,,33606,鏡野町　　　　,Kagamino-cho,"12,062","11,950",84,"12,265","1,485","5,873","4,674",...,74,221,319,384,"11,478","4,643","4,618","2,587","1,270","1,386",780,775,33,14,33606,
301  ,33622       ,A           ,  ,,1503,,33622,勝央町　　　　,Shoo-cho,"10,888","10,835",46,"10,833","1,580","5,821","3,465",...,78,151,364,366,"12,008","4,089","4,079","2,428","1,067","1,097",588,515,38,24,33622,
301  ,33623       ,A           ,  ,,1504,,33623,奈義町　　　　,Nagi-cho,"5,578","5,552",26,"5,735",736,"2,864","1,977",...,44,93,349,332,"5,543","1,942","1,934","1,137",447,588,329,292,30,11,33623,
301  ,33643       ,A           ,  ,,1505,,33643,西粟倉村　　　,Nishiawakura-son,"1,398","1,392",6,"1,340",178,725,495,...,8,28,50,62,"1,279",575,575,268,204,135,71,105,1,2,33643,
301  ,33663       ,A           ,  ,,1506,,33663,久米南町　　　,Kumenan-cho,"4,530","4,493",37,"4,406",398,"2,098","2,034",...,21,109,93,115,"4,379","1,793","1,788","1,046",520,642,388,386,4,8,33663,
301  ,33666       ,A           ,  ,,1507,,33666,美咲町　　　　,Misaki-cho,"13,053","12,978",75,"12,845","1,423","6,205","5,421",...,56,286,283,369,"12,021","5,028","5,014","2,839","1,368","1,649",904,943,29,17,33666,
301  ,33681       ,A           ,  ,,1508,,33681,吉備中央町　　,Kibichuo-cho,"10,886","10,658",228,"10,347",962,"5,377","4,529",...,50,220,359,326,"11,330","4,283","4,240","2,206","1,427","1,366",770,765,26,10,33681,
301  ,34000       ,A           ,  ,,1509,,34   ,広島県　　　,Hiroshima-ken,"2,799,702","2,713,163","47,733","2,750,540","352,678","1,580,054","811,931","1,831,138","17,903","34,940","101,885","113,294","2,804,391","1,243,527","1,241,204","695,820","462,961","293,041","166,047","157,316","10,883","3,962",34   ,
301  ,34100       ,A           ,  ,,1510,,34100,広島市　　　　,Hiroshima-shi,"1,200,754","1,159,414","17,500","1,178,773","158,290","706,497","300,882","1,039,093","8,306","12,158","55,430","59,225","1,214,150","555,123","554,462","303,650","224,636","112,952","64,186","63,569","5,202","1,754",34100,
301  ,34101       ,A           ,  ,,1511,,34101,　中区　　　　　,  Naka-ku,"142,699","133,459","3,925","136,312","14,942","87,271","33,012","142,699",926,"1,456","9,768","9,813","230,518","81,602","81,526","31,141","47,600","11,106","6,078","10,777",808,209,34101,
301  ,34102       ,A           ,  ,,1512,,34102,　東区　　　　　,  Higashi-ku,"119,353","117,158","1,740","117,840","16,030","70,462","31,823","104,525",829,"1,273","5,517","5,823","106,629","53,056","52,982","31,586","19,201","11,831","6,717","7,027",431,176,34102,
301  ,34103       ,A           ,  ,,1513,,34103,　南区　　　　　,  Minami-ku,"145,805","140,683","1,934","140,984","18,617","88,001","34,668","144,689",991,"1,424","7,475","7,393","163,294","72,206","72,145","35,132","34,174","12,529","6,769","8,787",665,200,34103,
301  ,34104       ,A           ,  ,,1514,,34104,　西区　　　　　,  Nishi-ku,"190,232","177,416","3,482","185,799","23,239","109,724","43,040","178,803","1,411","1,852","9,849","10,500","186,974","93,866","93,763","46,230","43,056","16,152","9,144","9,962",964,279,34104,
301  ,34105       ,A           ,  ,,1515,,34105,　安佐南区　　　,  Asaminami-ku,"247,020","240,833","1,999","243,209","39,022","150,821","51,954","210,136","1,997","2,057","10,589","12,401","216,376","106,284","106,180","63,745","37,402","20,023","11,458","9,405","1,109",380,34105,
301  ,34106       ,A           ,  ,,1516,,34106,　安佐北区　　　,  Asakita-ku,"138,979","136,684","1,865","138,300","16,011","74,314","47,892","84,375",642,"1,843","4,125","4,149","124,623","57,775","57,681","37,796","15,977","18,459","10,917","7,780",376,182,34106,
301  ,34107       ,A           ,  ,,1517,,34107,　安芸区　　　　,  Aki-ku,"77,103","75,514","1,465","76,289","10,565","45,694","20,678","62,274",489,807,"3,217","3,720","64,663","31,483","31,409","20,655","9,028","8,122","4,511","3,456",344,113,34107,
301  ,34108       ,A           ,  ,,1518,,34108,　佐伯区　　　　,  Saeki-ku,"139,563","137,667","1,090","140,040","19,864","80,210","37,815","111,592","1,021","1,446","4,890","5,426","121,073","58,851","58,776","37,365","18,198","14,730","8,592","6,375",505,215,34108,
301  ,34202       ,A           ,  ,,1519,,34202,呉市　　　　　,Kure-shi,"214,592","210,692","3,022","205,349","23,037","114,245","75,706","142,702","1,036","3,441","5,722","7,466","212,083","94,483","94,223","55,582","33,246","27,399","15,960","17,176",670,286,34202,
301  ,34203       ,A           ,  ,,1520,,34203,竹原市　　　　,Takehara-shi,"23,993","23,661",228,"23,064","2,126","11,643","10,082","6,084",84,452,594,769,"23,534","10,682","10,651","6,236","3,645","3,581","2,116","1,991",56,24,34203,
301  ,34204       ,A           ,  ,,1521,,34204,三原市　　　　,Mihara-shi,"90,573","88,139","2,130","88,128","10,438","47,477","32,182","44,685",395,"1,520","2,328","2,559","90,528","39,091","38,997","22,522","13,192","11,084","6,469","6,136",268,105,34204,
301  ,34205       ,A           ,  ,,1522,,34205,尾道市　　　　,Onomichi-shi,"131,170","127,797","2,718","128,324","14,313","68,334","47,641","48,121",597,"2,236","3,195","4,003","132,442","57,519","57,379","32,635","19,904","16,788","9,447","9,365",342,160,34205,
301  ,34207       ,A           ,  ,,1523,,34207,福山市　　　　,Fukuyama-shi,"460,930","446,471","8,231","458,192","60,655","260,383","132,167","264,631","3,218","5,775","10,385","13,176","459,916","193,371","192,976","109,241","64,876","46,235","24,580","21,235","1,951",686,34207,
301  ,34208       ,A           ,  ,,1524,,34208,府中市　　　　,Fuchu-shi,"37,655","37,039",562,"35,847","3,922","19,284","14,371","18,628",126,637,812,"1,577","39,303","15,030","14,988","8,499","4,301","4,631","2,443","2,146",87,38,34208,
301  ,34209       ,A           ,  ,,1525,,34209,三次市　　　　,Miyoshi-shi,"50,681","49,622",628,"48,768","5,947","25,685","18,437","8,793",294,966,"1,402","1,551","51,303","21,377","21,292","11,456","7,411","5,614","3,155","3,409",151,74,34209,
301  ,34210       ,A           ,  ,,1526,,34210,庄原市　　　　,Shobara-shi,"33,633","33,126",400,"32,005","3,438","15,411","14,579",...,157,733,787,794,"34,077","13,794","13,731","6,736","4,717","4,153","2,381","2,441",73,38,34210,
301  ,34211       ,A           ,  ,,1527,,34211,大竹市　　　　,Otake-shi,"26,319","25,944",320,"25,741","2,859","13,975","9,406","21,871",152,360,937,957,"27,650","11,591","11,568","6,783","4,060","3,428","1,925","1,758",102,37,34211,
301  ,34212       ,A           ,  ,,1528,,34212,東広島市　　　,Higashihiroshima-shi,"196,608","185,140","6,626","190,516","26,734","118,251","45,736","67,464","1,374","1,793","7,483","8,266","196,038","90,158","89,988","46,309","38,700","16,994","9,943","7,449",785,285,34212,
301  ,34213       ,A           ,  ,,1529,,34213,廿日市市　　　,Hatsukaichi-shi,"114,173","112,237","1,244","116,025","14,927","63,443","34,962","81,178",739,"1,326","3,854","3,349","104,221","47,821","47,722","31,090","13,755","13,685","7,972","5,785",395,164,34213,
301  ,34214       ,A           ,  ,,1530,,34214,安芸高田市　　,Akitakata-shi,"26,448","25,724",696,"26,611","2,621","12,684","11,112",...,106,551,827,905,"27,628","11,060","11,008","6,090","3,668","3,500","2,052","2,011",70,39,34214,
301  ,34215       ,A           ,  ,,1531,,34215,江田島市　　　,Etajima-shi,"21,930","21,315",584,"20,996","1,657","10,656","9,572",...,68,485,"1,131","1,448","21,133","10,141","10,072","5,462","3,948","3,322","2,004","2,317",63,22,34215,
301  ,34302       ,A           ,  ,,1532,,34302,府中町　　　　,Fuchu-cho,"51,155","50,362",615,"52,642","7,520","30,651","12,570","50,893",491,513,"2,098","2,331","52,565","21,615","21,595","14,023","6,561","4,964","2,731","2,508",245,67,34302,
301  ,34304       ,A           ,  ,,1533,,34304,海田町　　　　,Kaita-cho,"29,636","28,701",831,"30,840","4,391","18,016","7,061","27,732",333,309,"1,692","1,510","29,284","12,891","12,883","7,973","4,288","2,819","1,542","1,390",183,48,34304,
301  ,34307       ,A           ,  ,,1534,,34307,熊野町　　　　,Kumano-cho,"22,834","22,601",200,"23,542","2,886","11,778","8,136",...,123,327,821,598,"18,119","9,422","9,413","6,513","2,361","3,275","1,985","1,458",62,47,34307,
301  ,34309       ,A           ,  ,,1535,,34309,坂町　　　　　,Saka-cho,"12,582","12,385",182,"12,680","1,826","7,021","3,716","9,263",106,160,566,745,"14,332","5,232","5,227","3,335","1,551","1,382",770,749,50,22,34309,
301  ,34368       ,A           ,  ,,1536,,34368,安芸太田町　　,Akiota-cho,"5,740","5,698",42,"5,550",466,"2,283","2,991",...,12,154,201,220,"5,957","2,588","2,577","1,326",952,941,579,668,12,6,34368,
301  ,34369       ,A           ,  ,,1537,,34369,北広島町　　　,Kitahiroshima-cho,"17,763","17,065",485,"17,164","1,805","8,732","6,917",...,84,339,597,586,"19,711","7,677","7,640","3,862","2,860","2,138","1,294","1,234",52,30,34369,
301  ,34431       ,A           ,  ,,1538,,34431,大崎上島町　　,Osakikamijima-cho,"7,158","7,012",146,"6,908",553,"3,228","3,305",...,12,183,392,359,"7,783","3,437","3,421","1,629","1,557","1,080",692,861,15,5,34431,
301  ,34462       ,A           ,  ,,1539,,34462,世羅町　　　　,Sera-cho,"15,125","14,859",255,"14,841","1,560","6,893","6,342",...,61,310,433,665,"14,547","6,085","6,071","3,209","1,734","1,928","1,146",974,29,14,34462,
301  ,34545       ,A           ,  ,,1540,,34545,神石高原町　　,Jinsekikogen-cho,"8,250","8,159",88,"8,034",707,"3,484","4,058",...,29,212,198,235,"8,087","3,339","3,320","1,659","1,038","1,148",675,686,20,11,34545,
301  ,35000       ,A           ,  ,,1541,,35   ,山口県　　　,Yamaguchi-ken,"1,342,059","1,313,593","14,378","1,310,109","153,608","709,992","459,957","683,695","7,762","20,687","40,490","44,208","1,337,116","598,824","597,309","336,505","218,208","160,140","92,911","94,207","4,593","1,757",35   ,
301  ,35201       ,A           ,  ,,1542,,35201,下関市　　　　,Shimonoseki-shi,"255,051","249,196","3,872","247,000","28,155","133,298","90,326","167,629","1,375","4,123","5,816","7,052","251,527","115,817","115,525","64,058","43,266","31,298","17,816","19,483",795,336,35201,
301  ,35202       ,A           ,  ,,1543,,35202,宇部市　　　　,Ube-shi,"162,570","159,420","1,682","158,497","18,676","87,786","54,008","88,924","1,002","2,401","4,231","4,583","162,259","72,595","72,415","40,429","26,896","18,713","10,643","10,685",639,255,35202,
301  ,35203       ,A           ,  ,,1544,,35203,山口市　　　　,Yamaguchi-shi,"193,966","189,145","1,547","187,494","24,166","109,862","56,173","98,987","1,258","2,456","7,171","7,067","196,594","87,094","86,858","46,724","34,320","19,412","11,326","10,370",701,245,35203,
301  ,35204       ,A           ,  ,,1545,,35204,萩市　　　　　,Hagi-shi,"44,626","44,203",380,"42,709","3,910","20,919","19,613","17,514",155,906,"1,044","1,212","44,179","20,432","20,327","10,908","7,499","6,425","3,742","4,339",99,48,35204,
301  ,35206       ,A           ,  ,,1546,,35206,防府市　　　　,Hofu-shi,"113,979","111,943","1,175","113,888","14,658","63,274","35,036","74,241",749,"1,601","5,612","5,009","112,481","48,858","48,726","28,578","16,608","12,389","7,022","6,832",466,157,35206,
301  ,35207       ,A           ,  ,,1547,,35207,下松市　　　　,Kudamatsu-shi,"55,887","55,204",561,"56,866","7,779","31,231","16,521","37,015",476,725,"2,195","2,216","56,245","24,718","24,684","14,977","8,431","6,218","3,736","3,432",225,91,35207,
301  ,35208       ,A           ,  ,,1548,,35208,岩国市　　　　,Iwakuni-shi,"129,125","126,304","1,769","126,812","14,495","67,305","46,114","62,196",747,"2,093","3,599","4,190","127,557","57,911","57,762","33,519","20,672","16,341","9,810","9,979",489,176,35208,
301  ,35210       ,A           ,  ,,1549,,35210,光市　　　　　,Hikari-shi,"49,798","49,062",436,"48,854","5,702","25,763","17,834","25,061",313,724,"1,496","1,554","47,522","21,439","21,401","13,188","6,710","6,462","3,887","3,345",182,56,35210,
301  ,35211       ,A           ,  ,,1550,,35211,長門市　　　　,Nagato-shi,"32,519","32,030",457,"30,920","3,039","15,077","14,318",...,109,647,741,885,"31,917","14,135","14,095","7,519","4,876","4,504","2,593","2,844",77,36,35211,
301  ,35212       ,A           ,  ,,1551,,35212,柳井市　　　　,Yanai-shi,"30,799","30,424",164,"29,683","3,241","15,268","12,004","10,053",127,515,994,"1,085","31,822","13,932","13,902","7,775","5,120","4,051","2,373","2,797",79,31,35212,
301  ,35213       ,A           ,  ,,1552,,35213,美祢市　　　　,Mine-shi,"23,247","23,011",195,"21,476","1,963","11,302","9,898",...,60,457,483,727,"24,133","9,405","9,363","5,244","2,829","3,172","1,795","1,663",53,17,35213,
301  ,35215       ,A           ,  ,,1553,,35215,周南市　　　　,Shunan-shi,"137,540","132,140","1,162","136,179","15,493","72,235","44,734","85,975",841,"1,980","3,814","4,473","142,779","63,289","63,198","34,981","24,355","16,308","9,451","9,281",501,166,35215,
301  ,35216       ,A           ,  ,,1554,,35216,山陽小野田市　,Sanyoonoda-shi,"60,326","59,330",627,"59,459","7,337","32,095","20,451","16,100",326,887,"1,834","2,070","58,741","26,106","26,049","15,238","8,771","7,177","4,124","4,111",183,89,35216,
301  ,35305       ,A           ,  ,,1555,,35305,周防大島町　　,Suooshima-cho,"14,798","14,699",99,"13,897",934,"5,778","8,071",...,35,471,371,408,"15,150","7,198","7,155","3,773","2,959","2,607","1,636","2,147",25,11,35305,
301  ,35321       ,A           ,  ,,1556,,35321,和木町　　　　,Waki-cho,"6,034","5,929",77,"5,842","1,010","3,349","1,646",...,48,95,206,648,"5,486","2,476","2,474","1,616",723,623,361,365,17,13,35321,
301  ,35341       ,A           ,  ,,1557,,35341,上関町　　　　,Kaminoseki-cho,"2,342","2,338",4,"2,269",147,874,"1,321",...,7,85,45,81,"2,235","1,251","1,250",598,571,434,254,441,3,2,35341,
301  ,35343       ,A           ,  ,,1558,,35343,田布施町　　　,Tabuse-cho,"14,483","14,387",59,"14,340","1,558","7,651","5,230",...,77,234,406,446,"12,815","5,955","5,928","3,655","1,685","1,896","1,105",941,31,16,35343,
301  ,35344       ,A           ,  ,,1559,,35344,平生町　　　　,Hirao-cho,"11,914","11,799",86,"10,896","1,083","5,654","5,138",...,47,216,340,430,"10,797","4,848","4,837","3,004","1,445","1,635",968,819,26,11,35344,
301  ,35502       ,A           ,  ,,1560,,35502,阿武町　　　　,Abu-cho,"3,055","3,029",26,"3,028",262,"1,271","1,521",...,10,71,92,72,"2,877","1,365","1,360",721,472,475,269,333,2,1,35502,
301  ,36000       ,A           ,  ,,1561,,36   ,徳島県　　　,Tokushima-ken,"719,559","693,084","5,033","710,012","77,129","375,657","238,346","241,941","4,148","10,968","19,394","21,951","716,742","308,210","307,358","165,161","109,570","78,494","42,224","42,341","2,375","1,008",36   ,
301  ,36201       ,A           ,  ,,1562,,36201,徳島市　　　　,Tokushima-shi,"252,391","232,205","1,506","246,967","26,272","130,393","70,811","178,226","1,776","3,315","6,941","7,611","270,257","119,509","119,228","56,280","53,422","23,944","12,885","13,796",949,380,36201,
301  ,36202       ,A           ,  ,,1563,,36202,鳴門市　　　　,Naruto-shi,"54,622","53,818",309,"54,033","5,592","29,282","19,121","19,083",228,865,"1,365","1,745","53,012","22,472","22,406","12,978","6,991","6,425","3,351","3,270",145,75,36202,
301  ,36203       ,A           ,  ,,1564,,36203,小松島市　　　,Komatsushima-shi,"36,149","35,668",196,"35,393","3,683","19,522","12,528","14,694",166,553,"1,147","1,274","34,635","15,141","15,104","8,706","4,792","4,355","2,327","2,159",122,36,36203,
301  ,36204       ,A           ,  ,,1565,,36204,阿南市　　　　,Anan-shi,"69,470","68,518",292,"68,969","8,291","37,365","23,131","5,128",374,982,"1,533","1,768","70,742","27,439","27,368","15,937","8,027","7,562","4,061","3,733",233,101,36204,
301  ,36205       ,A           ,  ,,1566,,36205,吉野川市　　　,Yoshinogawa-shi,"38,772","38,028",306,"38,265","3,896","19,597","14,666","6,134",188,722,911,"1,061","35,951","15,488","15,444","8,899","4,408","4,695","2,462","2,449",90,51,36205,
301  ,36206       ,A           ,  ,,1567,,36206,阿波市　　　　,Awa-shi,"34,713","34,280",390,"34,773","3,531","17,908","13,202",...,125,598,704,"1,115","31,481","13,029","12,989","7,469","3,187","4,136","2,071","1,847",99,57,36206,
301  ,36207       ,A           ,  ,,1568,,36207,美馬市　　　　,Mima-shi,"28,055","27,647",403,"26,762","2,767","14,275","10,953",...,127,493,555,718,"27,626","11,244","11,197","6,103","3,445","3,267","1,761","1,902",70,35,36207,
301  ,36208       ,A           ,  ,,1569,,36208,三好市　　　　,Miyoshi-shi,"23,605","23,418",187,"22,861","1,961","10,739","10,868",...,73,569,488,618,"24,611","10,325","10,276","5,446","3,614","3,333","1,892","2,243",46,25,36208,
301  ,36301       ,A           ,  ,,1570,,36301,勝浦町　　　　,Katsuura-cho,"4,837","4,806",31,"4,694",433,"2,275","2,128",...,16,106,94,138,"4,687","1,847","1,840",993,501,625,358,351,12,4,36301,
301  ,36302       ,A           ,  ,,1571,,36302,上勝町　　　　,Kamikatsu-cho,"1,380","1,375",5,"1,402",97,511,772,...,8,38,44,40,"1,436",638,635,299,266,209,134,173,7,1,36302,
301  ,36321       ,A           ,  ,,1572,,36321,佐那河内村　　,Sanagouchi-son,"2,058","2,053",5,"2,141",163,909,986,...,5,52,50,41,"1,745",771,769,427,164,296,172,120,3,5,36321,
301  ,36341       ,A           ,  ,,1573,,36341,石井町　　　　,Ishii-cho,"24,833","24,510",237,"24,868","3,045","13,480","8,199",...,134,368,668,669,"21,363","9,624","9,584","5,890","2,455","2,779","1,431","1,260",76,27,36341,
301  ,36342       ,A           ,  ,,1574,,36342,神山町　　　　,Kamiyama-cho,"4,647","4,593",54,"4,777",277,"1,845","2,525",...,18,142,180,121,"4,464","2,021","2,013","1,025",691,737,450,494,12,3,36342,
301  ,36368       ,A           ,  ,,1575,,36368,那賀町　　　　,Naka-cho,"7,367","7,350",12,"7,278",559,"2,981","3,808",...,19,177,158,208,"7,595","3,187","3,176","1,726","1,033","1,182",716,735,12,9,36368,
301  ,36383       ,A           ,  ,,1576,,36383,牟岐町　　　　,Mugi-cho,"3,743","3,722",21,"3,575",232,"1,495","2,016",...,4,98,73,115,"3,730","1,718","1,712",981,604,671,415,427,5,4,36383,
301  ,36387       ,A           ,  ,,1577,,36387,美波町　　　　,Minami-cho,"6,222","6,168",54,"5,917",482,"2,668","3,071",...,25,141,130,153,"6,134","2,677","2,665","1,510",908,992,614,613,14,12,36387,
301  ,36388       ,A           ,  ,,1578,,36388,海陽町　　　　,Kaiyo-cho,"8,358","8,143",213,"8,402",623,"3,813","3,873",...,27,167,213,255,"8,283","4,018","4,010","2,096","1,540","1,319",763,892,11,8,36388,
301  ,36401       ,A           ,  ,,1579,,36401,松茂町　　　　,Matsushige-cho,"14,583","14,446",114,"14,566","1,879","8,772","3,916",...,108,165,733,850,"15,444","5,847","5,825","3,509","1,859","1,306",685,598,68,24,36401,
301  ,36402       ,A           ,  ,,1580,,36402,北島町　　　　,Kitajima-cho,"22,745","22,366",112,"23,680","3,410","13,241","5,799","13,329",184,229,973,823,"20,360","9,353","9,346","5,828","2,788","2,122","1,166",985,101,39,36402,
301  ,36403       ,A           ,  ,,1581,,36403,藍住町　　　　,Aizumi-cho,"35,246","34,653",193,"35,413","5,186","20,635","8,993","5,347",310,342,"1,288","1,364","30,500","13,973","13,945","8,820","3,893","3,155","1,686","1,430",170,64,36403,
301  ,36404       ,A           ,  ,,1582,,36404,板野町　　　　,Itano-cho,"13,042","12,842",162,"12,947","1,400","7,226","4,375",...,71,198,421,365,"12,956","5,054","5,032","2,884","1,414","1,437",692,694,40,17,36404,
301  ,36405       ,A           ,  ,,1583,,36405,上板町　　　　,Kamiita-cho,"11,384","11,270",112,"11,302","1,202","6,141","4,040",...,67,189,269,323,"9,957","4,246","4,232","2,587","1,008","1,314",687,553,29,10,36405,
301  ,36468       ,A           ,  ,,1584,,36468,つるぎ町　　　,Tsurugi-cho,"7,715","7,685",30,"7,622",583,"3,531","3,596",...,25,218,120,211,"8,077","3,407","3,400","1,824","1,151","1,160",673,824,23,8,36468,
301  ,36489       ,A           ,  ,,1585,,36489,東みよし町　　,Higashimiyoshi-cho,"13,622","13,520",89,"13,405","1,565","7,053","4,969",...,70,241,336,365,"11,696","5,182","5,162","2,944","1,409","1,473",772,793,38,13,36489,
301  ,37000       ,A           ,  ,,1586,,37   ,香川県　　　,Kagawa-ken,"950,244","920,884","10,854","948,585","113,757","518,056","296,533","314,892","5,802","13,552","27,381","30,165","951,166","406,985","406,062","230,506","139,818","102,056","56,782","53,301","3,435","1,472",37   ,
301  ,37201       ,A           ,  ,,1587,,37201,高松市　　　　,Takamatsu-shi,"417,496","399,190","3,577","419,739","52,018","233,651","115,270","213,549","2,916","5,230","12,074","13,307","429,546","187,511","187,144","103,254","71,189","41,100","23,106","22,457","1,763",703,37201,
301  ,37202       ,A           ,  ,,1588,,37202,丸亀市　　　　,Marugame-shi,"109,513","106,424","1,830","111,196","14,667","61,951","31,435","37,582",818,"1,348","3,646","3,622","103,625","45,721","45,617","27,095","14,804","10,915","6,041","5,621",468,195,37202,
301  ,37203       ,A           ,  ,,1589,,37203,坂出市　　　　,Sakaide-shi,"50,624","49,498",814,"50,349","5,584","26,502","18,171","21,919",237,842,"1,433","1,657","57,385","21,272","21,207","12,226","7,026","6,014","3,325","3,339",150,72,37203,
301  ,37204       ,A           ,  ,,1590,,37204,善通寺市　　　,Zentsuji-shi,"31,631","31,105",260,"30,338","3,866","17,733","9,666","8,615",188,416,"1,467","1,624","31,841","13,145","13,089","7,117","4,759","3,262","1,803","1,855",139,57,37204,
301  ,37205       ,A           ,  ,,1591,,37205,観音寺市　　　,Kanonji-shi,"57,438","56,249",739,"57,071","6,689","30,577","19,433","8,302",340,887,"1,420","1,540","58,551","22,947","22,902","13,053","6,772","6,302","3,339","2,933",212,75,37205,
301  ,37206       ,A           ,  ,,1592,,37206,さぬき市　　　,Sanuki-shi,"47,003","46,251",383,"45,108","4,566","24,407","17,369","5,612",173,804,977,"1,235","44,269","19,445","19,390","11,310","5,941","5,913","3,311","2,713",92,52,37206,
301  ,37207       ,A           ,  ,,1593,,37207,東かがわ市　　,Higashikagawa-shi,"28,279","27,964",235,"27,900","2,467","13,640","11,990",...,92,512,511,679,"27,648","11,931","11,887","7,214","3,426","4,231","2,443","2,192",63,30,37207,
301  ,37208       ,A           ,  ,,1594,,37208,三豊市　　　　,Mitoyo-shi,"61,857","60,930",719,"61,407","6,963","32,067","22,573",...,287,"1,097","1,299","1,578","58,483","23,083","23,030","13,490","5,761","7,050","3,751","3,127",143,83,37208,
301  ,37322       ,A           ,  ,,1595,,37322,土庄町　　　　,Tonosho-cho,"12,846","12,763",78,"12,740","1,222","6,072","5,528",...,48,261,349,383,"12,256","5,750","5,737","3,301","1,911","1,929","1,140","1,133",27,14,37322,
301  ,37324       ,A           ,  ,,1596,,37324,小豆島町　　　,Shodoshima-cho,"13,870","13,731",134,"13,337","1,238","6,500","6,117",...,60,272,365,395,"14,336","6,160","6,137","3,503","2,124","2,013","1,216","1,231",27,18,37324,
301  ,37341       ,A           ,  ,,1597,,37341,三木町　　　　,Miki-cho,"26,878","26,454",201,"27,096","3,441","14,700","8,445",...,136,391,746,719,"24,517","10,889","10,866","6,828","3,046","3,095","1,684","1,344",70,29,37341,
301  ,37364       ,A           ,  ,,1598,,37364,直島町　　　　,Naoshima-cho,"3,103","3,067",29,"2,945",312,"1,691","1,027",...,16,47,182,165,"3,572","1,563","1,556",735,744,369,224,216,12,6,37364,
301  ,37386       ,A           ,  ,,1599,,37386,宇多津町　　　,Utazu-cho,"18,699","17,973",404,"18,455","2,655","11,637","3,964","12,423",174,203,"1,079","1,128","17,880","8,734","8,722","4,568","3,702","1,333",753,884,94,37,37386,
301  ,37387       ,A           ,  ,,1600,,37387,綾川町　　　　,Ayagawa-cho,"22,693","22,345",284,"23,189","2,618","11,814","8,188",...,91,369,627,622,"21,665","8,858","8,837","5,611","2,149","2,834","1,575","1,235",55,31,37387,
301  ,37403       ,A           ,  ,,1601,,37403,琴平町　　　　,Kotohira-cho,"8,468","8,284",168,"8,294",772,"4,201","3,471",...,27,180,247,280,"8,566","3,675","3,667","1,969","1,311","1,083",557,733,21,10,37403,
301  ,37404       ,A           ,  ,,1602,,37404,多度津町　　　,Tadotsu-cho,"22,445","21,474",816,"22,071","2,568","12,310","7,244","6,890",110,372,621,890,"21,562","9,770","9,753","5,438","3,515","2,586","1,435","1,267",53,40,37404,
301  ,37406       ,A           ,  ,,1603,,37406,まんのう町　　,Manno-cho,"17,401","17,182",183,"17,350","2,111","8,603","6,642",...,89,321,338,341,"15,464","6,531","6,521","3,794","1,638","2,027","1,079","1,021",46,20,37406,
301  ,38000       ,A           ,  ,,1604,,38   ,愛媛県　　　,Ehime-ken,"1,334,841","1,296,806","11,159","1,312,298","153,764","711,738","434,279","720,814","7,572","19,993","34,766","39,545","1,335,870","601,402","599,941","331,966","224,773","151,828","85,126","89,813","4,477","1,928",38   ,
301  ,38201       ,A           ,  ,,1605,,38201,松山市　　　　,Matsuyama-shi,"511,192","489,817","2,672","500,231","61,680","286,198","139,574","427,540","3,277","6,347","14,075","14,687","517,165","241,234","240,734","124,940","102,516","49,997","27,494","30,286","2,023",787,38201,
301  ,38202       ,A           ,  ,,1606,,38202,今治市　　　　,Imabari-shi,"151,672","147,778","3,043","149,730","16,907","79,655","53,977","59,586",746,"2,439","3,409","4,257","153,100","68,328","68,178","38,475","24,602","19,166","10,883","11,148",474,199,38202,
301  ,38203       ,A           ,  ,,1607,,38203,宇和島市　　　,Uwajima-shi,"70,809","70,122",365,"68,585","7,204","34,997","28,193","29,893",327,"1,420","1,630","1,971","71,837","31,452","31,356","16,762","11,264","8,918","4,945","6,003",184,104,38203,
301  ,38204       ,A           ,  ,,1608,,38204,八幡浜市　　　,Yawatahama-shi,"31,987","31,684",210,"30,739","3,055","15,625","13,094","10,985",125,597,849,965,"32,588","14,413","14,370","8,052","5,137","4,334","2,421","2,907",81,33,38204,
301  ,38205       ,A           ,  ,,1609,,38205,新居浜市　　　,Niihama-shi,"115,938","113,361","1,206","114,070","14,205","62,529","37,325","84,290",747,"1,769","2,888","3,186","118,099","51,310","51,171","29,794","18,080","13,052","7,499","7,969",452,165,38205,
301  ,38206       ,A           ,  ,,1610,,38206,西条市　　　　,Saijo-shi,"104,791","102,779","1,299","104,474","12,925","56,521","34,403","25,609",648,"1,611","2,589","3,141","101,668","45,193","45,097","27,147","14,709","12,143","7,019","6,843",349,159,38206,
301  ,38207       ,A           ,  ,,1611,,38207,大洲市　　　　,Ozu-shi,"40,575","39,996",169,"39,867","4,560","20,500","14,954","5,078",190,678,962,"1,198","41,308","17,375","17,322","9,962","5,721","4,995","2,762","2,954",103,65,38207,
301  ,38210       ,A           ,  ,,1612,,38210,伊予市　　　　,Iyo-shi,"35,133","34,808",211,"35,518","4,295","18,720","11,996","14,857",169,513,"1,000",910,"31,538","14,161","14,131","8,930","3,807","4,246","2,278","2,152",88,52,38210,
301  ,38213       ,A           ,  ,,1613,,38213,四国中央市　　,Shikokuchuo-shi,"82,754","78,462",719,"82,202","8,843","42,207","26,658","32,620",451,"1,182","1,661","2,252","84,126","35,738","35,676","19,876","12,053","9,448","5,066","4,680",278,132,38213,
301  ,38214       ,A           ,  ,,1614,,38214,西予市　　　　,Seiyo-shi,"35,388","35,049",274,"34,538","3,571","16,127","15,578",...,152,742,810,964,"34,544","15,474","15,409","8,904","5,045","5,120","3,095","3,180",65,42,38214,
301  ,38215       ,A           ,  ,,1615,,38215,東温市　　　　,Toon-shi,"33,903","33,378",168,"33,153","4,147","19,105","10,216","11,222",190,448,"1,359","2,078","35,699","14,331","14,282","8,299","4,969","3,677","2,031","1,849",111,47,38215,
301  ,38356       ,A           ,  ,,1616,,38356,上島町　　　　,Kamijima-cho,"6,509","6,196",306,"6,180",455,"3,088","2,953",...,14,122,293,284,"6,640","3,207","3,199","1,610","1,431","1,103",709,729,7,11,38356,
301  ,38386       ,A           ,  ,,1617,,38386,久万高原町　　,Kumakogen-cho,"7,404","7,325",34,"7,145",551,"3,110","3,655",...,28,192,145,238,"7,739","3,638","3,621","1,958","1,471","1,188",768,"1,010",17,7,38386,
301  ,38401       ,A           ,  ,,1618,,38401,松前町　　　　,Masaki-cho,"29,630","29,402",141,"30,412","3,933","16,323","9,267","13,243",183,386,"1,278",984,"27,575","11,898","11,882","7,704","3,159","3,467","1,861","1,569",93,43,38401,
301  ,38402       ,A           ,  ,,1619,,38402,砥部町　　　　,Tobe-cho,"20,480","20,255",73,"20,375","2,425","10,864","6,987","5,891",110,290,617,589,"17,773","8,477","8,458","5,293","2,492","2,587","1,422","1,178",51,23,38402,
301  ,38422       ,A           ,  ,,1620,,38422,内子町　　　　,Uchiko-cho,"15,322","15,268",53,"15,081","1,610","7,437","6,267",...,61,306,330,412,"14,185","6,258","6,237","3,792","1,705","2,027","1,156","1,092",26,13,38422,
301  ,38442       ,A           ,  ,,1621,,38442,伊方町　　　　,Ikata-cho,"8,397","8,330",67,"8,062",636,"3,780","3,979",...,24,207,215,330,"9,031","4,077","4,065","2,194","1,579","1,396",808,998,17,5,38442,
301  ,38484       ,A           ,  ,,1622,,38484,松野町　　　　,Matsuno-cho,"3,674","3,656",18,"3,580",303,"1,635","1,733",...,12,84,94,339,"3,282","1,603","1,583",855,565,516,299,378,2,4,38484,
301  ,38488       ,A           ,  ,,1623,,38488,鬼北町　　　　,Kihoku-cho,"9,682","9,596",86,"9,318",874,"4,280","4,528",...,37,226,231,267,"9,109","4,346","4,316","2,480","1,500","1,489",906,991,9,7,38488,
301  ,38506       ,A           ,  ,,1624,,38506,愛南町　　　　,Ainan-cho,"19,601","19,544",45,"19,038","1,585","9,037","8,942",...,81,434,331,493,"18,864","8,889","8,854","4,939","2,968","2,959","1,704","1,897",47,30,38506,
301  ,39000       ,A           ,  ,,1625,,39   ,高知県　　　,Kochi-ken,"691,527","677,762","4,220","675,623","74,946","362,200","241,787","306,502","3,721","11,472","19,527","21,362","690,797","315,272","314,330","168,195","122,867","80,475","42,705","55,958","2,189","1,065",39   ,
301  ,39201       ,A           ,  ,,1626,,39201,高知市　　　　,Kochi-shi,"326,545","317,204","1,493","316,410","38,125","182,962","95,909","266,025","2,006","4,406","8,212","9,205","332,614","154,171","153,809","79,449","65,208","32,468","16,929","23,875","1,224",559,39201,
301  ,39202       ,A           ,  ,,1627,,39202,室戸市　　　　,Muroto-shi,"11,742","11,649",91,"11,671",801,"4,850","6,040",...,38,303,264,328,"11,705","5,933","5,923","3,053","2,506","2,047","1,211","1,617",30,19,39202,
301  ,39203       ,A           ,  ,,1628,,39203,安芸市　　　　,Aki-shi,"16,243","16,062",67,"15,900","1,490","7,941","6,638",...,69,343,440,536,"16,699","7,307","7,295","3,912","2,687","2,229","1,130","1,506",63,19,39203,
301  ,39204       ,A           ,  ,,1629,,39204,南国市　　　　,Nankoku-shi,"46,664","45,890",275,"46,133","5,633","25,521","14,850","12,961",289,667,"1,980","1,822","50,873","19,755","19,705","11,203","6,896","4,943","2,528","2,840",151,76,39204,
301  ,39205       ,A           ,  ,,1630,,39205,土佐市　　　　,Tosa-shi,"25,732","25,342",348,"25,975","2,842","13,332","9,463","6,197",166,436,768,995,"24,280","10,196","10,151","5,836","2,959","3,081","1,483","1,653",92,38,39205,
301  ,39206       ,A           ,  ,,1631,,39206,須崎市　　　　,Susaki-shi,"20,590","20,162",390,"19,829","1,940","10,177","8,356",...,84,397,619,853,"21,760","8,710","8,679","4,667","3,076","2,693","1,385","1,620",47,28,39206,
301  ,39208       ,A           ,  ,,1632,,39208,宿毛市　　　　,Sukumo-shi,"19,033","18,805",68,"18,869","1,980","9,209","7,367",...,83,372,506,551,"19,673","8,508","8,473","4,729","3,028","2,513","1,344","1,575",31,25,39208,
301  ,39209       ,A           ,  ,,1633,,39209,土佐清水市　　,Tosashimizu-shi,"12,388","12,301",79,"11,950",895,"5,220","6,259",...,22,290,267,330,"12,013","6,179","6,160","3,303","2,541","2,107","1,206","1,771",15,13,39209,
301  ,39210       ,A           ,  ,,1634,,39210,四万十市　　　,Shimanto-shi,"32,694","32,449",93,"31,936","3,644","16,570","12,018","10,240",175,549,969,"1,090","33,543","14,844","14,771","8,007","5,654","3,894","2,136","2,664",110,51,39210,
301  ,39211       ,A           ,  ,,1635,,39211,香南市　　　　,Konan-shi,"32,207","31,744",289,"32,902","3,949","17,585","10,452",...,211,495,"1,337","1,149","27,252","13,146","13,106","7,869","4,026","3,549","1,787","1,937",115,51,39211,
301  ,39212       ,A           ,  ,,1636,,39212,香美市　　　　,Kami-shi,"26,513","25,915",287,"25,000","2,632","13,352","10,123","11,079",115,483,896,864,"25,487","12,033","11,967","6,047","4,968","3,254","1,698","2,171",54,33,39212,
301  ,39301       ,A           ,  ,,1637,,39301,東洋町　　　　,Toyo-cho,"2,194","2,153",41,"2,118",133,945,"1,116",...,7,53,65,78,"2,058","1,236","1,228",556,611,347,216,413,5,4,39301,
301  ,39302       ,A           ,  ,,1638,,39302,奈半利町　　　,Nahari-cho,"3,034","3,015",11,"2,922",254,"1,353","1,418",...,11,70,91,105,"2,981","1,409","1,406",752,551,440,237,345,7,10,39302,
301  ,39303       ,A           ,  ,,1639,,39303,田野町　　　　,Tano-cho,"2,498","2,491",7,"2,472",235,"1,182","1,060",...,10,55,69,80,"2,644","1,170","1,163",599,437,341,168,249,9,0,39303,
301  ,39304       ,A           ,  ,,1640,,39304,安田町　　　　,Yasuda-cho,"2,370","2,365",5,"2,345",210,"1,069","1,081",...,2,54,39,60,"2,095","1,064","1,062",573,357,357,174,253,4,2,39304,
301  ,39305       ,A           ,  ,,1641,,39305,北川村　　　　,Kitagawa-mura,"1,146","1,143",3,"1,203",102,539,505,...,5,25,59,53,"1,194",549,549,302,205,168,95,138,7,1,39305,
301  ,39306       ,A           ,  ,,1642,,39306,馬路村　　　　,Umaji-mura,745,743,2,799,82,358,305,...,1,11,28,50,821,376,376,194,158,103,68,80,2,2,39306,
301  ,39307       ,A           ,  ,,1643,,39307,芸西村　　　　,Geisei-mura,"3,694","3,620",74,"3,573",399,"1,806","1,489",...,17,73,118,96,"3,691","1,511","1,505",834,527,424,204,305,7,8,39307,
301  ,39341       ,A           ,  ,,1644,,39341,本山町　　　　,Motoyama-cho,"3,261","3,239",22,"3,206",280,"1,419","1,560",...,10,81,138,150,"3,394","1,504","1,494",763,635,449,261,393,4,0,39341,
301  ,39344       ,A           ,  ,,1645,,39344,大豊町　　　　,Otoyo-cho,"3,252","3,219",33,"3,095",183,"1,160","1,907",...,8,102,56,90,"3,309","1,788","1,787",855,828,628,397,620,5,3,39344,
301  ,39363       ,A           ,  ,,1646,,39363,土佐町　　　　,Tosa-cho,"3,753","3,720",33,"3,522",363,"1,588","1,801",...,17,102,84,117,"3,713","1,618","1,610",842,606,508,296,385,6,4,39363,
301  ,39364       ,A           ,  ,,1647,,39364,大川村　　　　,Okawa-mura,366,365,1,355,45,171,150,...,1,8,21,20,389,200,199,88,104,51,29,55,0,0,39364,
301  ,39386       ,A           ,  ,,1648,,39386,いの町　　　　,Ino-cho,"21,374","21,214",38,"21,183","2,042","10,725","8,404",...,98,402,634,618,"19,088","9,111","9,088","5,625","2,667","3,015","1,632","1,750",55,17,39386,
301  ,39387       ,A           ,  ,,1649,,39387,仁淀川町　　　,Niyodogawa-cho,"4,827","4,788",38,"4,655",347,"1,790","2,685",...,19,149,138,151,"5,114","2,460","2,445","1,206","1,100",829,509,802,8,5,39387,
301  ,39401       ,A           ,  ,,1650,,39401,中土佐町　　　,Nakatosa-cho,"6,002","5,960",42,"5,941",502,"2,602","2,895",...,17,158,150,177,"5,614","2,702","2,692","1,493",959,943,511,669,6,4,39401,
301  ,39402       ,A           ,  ,,1651,,39402,佐川町　　　　,Sakawa-cho,"12,323","12,252",56,"12,013","1,327","5,916","5,058",...,41,230,325,385,"10,862","5,141","5,118","3,052","1,615","1,621",877,"1,009",30,10,39402,
301  ,39403       ,A           ,  ,,1652,,39403,越知町　　　　,Ochi-cho,"5,187","5,171",16,"4,939",421,"2,323","2,441",...,22,126,104,149,"5,020","2,335","2,326","1,278",848,766,408,579,10,6,39403,
301  ,39405       ,A           ,  ,,1653,,39405,檮原町　　　　,Yusuhara-cho,"3,307","3,302",5,"3,175",320,"1,456","1,531",...,10,69,113,124,"3,310","1,513","1,502",797,581,482,317,366,6,8,39405,
301  ,39410       ,A           ,  ,,1654,,39410,日高村　　　　,Hidaka-mura,"4,812","4,794",18,"4,807",432,"2,307","2,073",...,19,76,161,125,"4,753","1,984","1,975","1,148",603,667,344,414,17,13,39410,
301  ,39411       ,A           ,  ,,1655,,39411,津野町　　　　,Tsuno-cho,"5,291","5,263",28,"5,326",552,"2,351","2,388",...,24,132,116,128,"4,618","2,206","2,198","1,255",669,756,393,472,10,15,39411,
301  ,39412       ,A           ,  ,,1656,,39412,四万十町　　　,Shimanto-cho,"15,607","15,472",84,"15,398","1,479","7,061","6,979",...,70,392,398,441,"15,567","7,150","7,130","3,781","2,613","2,244","1,292","1,650",24,16,39412,
301  ,39424       ,A           ,  ,,1657,,39424,大月町　　　　,Otsuki-cho,"4,434","4,415",19,"4,477",312,"1,946","2,176",...,9,118,98,104,"4,123","2,198","2,192","1,170",844,757,419,596,11,8,39424,
301  ,39427       ,A           ,  ,,1658,,39427,三原村　　　　,Mihara-mura,"1,437","1,424",13,"1,415",104,657,676,...,4,39,44,39,"1,312",658,656,366,242,216,116,164,3,2,39427,
301  ,39428       ,A           ,  ,,1659,,39428,黒潮町　　　　,Kuroshio-cho,"10,262","10,111",151,"10,109",891,"4,757","4,614",...,41,206,220,299,"9,228","4,607","4,590","2,591","1,558","1,585",905,"1,022",21,15,39428,
301  ,40000       ,A           ,  ,,1660,,40   ,福岡県　　　,Fukuoka-ken,"5,135,214","4,923,076","66,699","5,095,379","662,179","2,911,353","1,395,142","3,786,685","35,970","61,302","258,680","254,293","5,139,579","2,323,325","2,318,479","1,213,986","942,993","489,154","258,448","284,223","21,840","8,444",40   ,
301  ,40100       ,A           ,  ,,1661,,40100,北九州市　　　,Kitakyushu-shi,"939,029","898,013","10,815","921,241","109,590","503,800","286,177","852,316","5,901","12,864","38,387","41,161","958,487","436,245","435,364","229,945","177,958","100,087","54,870","65,358","3,761","1,507",40100,
301  ,40101       ,A           ,  ,,1662,,40101,　門司区　　　　,  Moji-ku,"93,842","89,692",698,"92,333","9,328","44,413","34,408","78,081",453,"1,569","2,803","3,401","92,349","43,268","43,172","23,458","16,562","11,931","6,680","8,239",269,130,40101,
301  ,40103       ,A           ,  ,,1663,,40103,　若松区　　　　,  Wakamatsu-ku,"80,533","78,760","1,088","79,926","10,206","43,336","26,158","67,705",488,"1,155","2,957","3,068","82,537","34,128","34,042","20,405","11,119","9,298","5,100","5,282",244,112,40103,
301  ,40105       ,A           ,  ,,1664,,40105,　戸畑区　　　　,  Tobata-ku,"57,494","55,558",664,"55,233","6,286","32,015","17,824","57,163",393,781,"2,574","2,749","67,367","28,541","28,500","14,114","13,163","6,120","3,358","4,815",231,80,40105,
301  ,40106       ,A           ,  ,,1665,,40106,　小倉北区　　　,  Kokurakita-ku,"183,407","170,213","3,599","178,100","19,473","99,389","51,082","181,525","1,262","2,414","10,221","10,845","221,874","96,175","96,007","41,663","49,626","16,850","8,981","14,160",989,304,40106,
301  ,40107       ,A           ,  ,,1666,,40107,　小倉南区　　　,  Kokuraminami-ku,"209,028","201,366","1,431","205,817","26,857","116,317","59,717","183,803","1,409","2,572","8,120","8,551","187,843","91,065","90,877","51,986","32,194","21,455","11,790","11,349",848,397,40107,
301  ,40108       ,A           ,  ,,1667,,40108,　八幡東区　　　,  Yahatahigashi-ku,"64,792","63,167",701,"63,247","6,988","33,385","23,284","61,232",349,"1,130","2,969","3,095","69,417","30,394","30,317","16,075","12,557","7,929","4,294","5,688",216,76,40108,
301  ,40109       ,A           ,  ,,1668,,40109,　八幡西区　　　,  Yahatanishi-ku,"249,933","239,257","2,634","246,585","30,452","134,945","73,704","222,807","1,547","3,243","8,743","9,452","237,100","112,674","112,449","62,244","42,737","26,504","14,667","15,825",964,408,40109,
301  ,40130       ,A           ,  ,,1669,,40130,福岡市　　　　,Fukuoka-shi,"1,612,392","1,504,528","31,904","1,593,919","204,973","990,298","338,930","1,564,151","12,198","14,468","115,703","106,792","1,753,857","831,124","830,051","364,618","431,231","121,387","63,633","81,715","8,723","2,538",40130,
301  ,40131       ,A           ,  ,,1670,,40131,　東区　　　　　,  Higashi-ku,"322,503","303,800","9,573","325,690","44,624","198,366","69,637","317,445","2,571","3,005","20,641","17,585","311,606","156,362","156,161","76,228","72,799","25,226","13,446","15,726","1,680",498,40131,
301  ,40132       ,A           ,  ,,1671,,40132,　博多区　　　　,  Hakata-ku,"252,034","223,016","6,932","242,252","24,119","163,022","41,730","245,095","2,072","2,011","25,991","24,927","401,756","154,640","154,437","46,591","102,030","13,723","6,644","12,234","2,163",478,40132,
301  ,40133       ,A           ,  ,,1672,,40133,　中央区　　　　,  Chuo-ku,"205,501","184,272","3,842","199,144","20,432","132,168","34,976","205,501","1,515","1,396","18,956","17,953","306,659","127,391","127,259","40,442","83,088","12,451","6,583","10,775","1,469",325,40133,
301  ,40134       ,A           ,  ,,1673,,40134,　南区　　　　　,  Minami-ku,"265,583","253,840","5,429","268,201","36,103","163,020","60,079","265,226","2,080","2,531","16,695","15,601","227,314","129,031","128,868","63,629","59,606","21,774","11,366","14,397","1,246",433,40134,
301  ,40135       ,A           ,  ,,1674,,40135,　西区　　　　　,  Nishi-ku,"212,579","200,541","2,600","209,178","30,334","123,786","49,317","185,208","1,570","2,122","11,980","11,169","190,260","95,698","95,554","51,497","39,137","17,731","9,332","8,921",863,304,40135,
301  ,40136       ,A           ,  ,,1675,,40136,　城南区　　　　,  Jonan-ku,"132,864","124,788","1,155","126,638","16,709","78,051","31,170","132,261",822,"1,283","8,236","7,601","119,274","67,367","67,276","30,303","34,148","11,267","5,998","7,588",443,179,40136,
301  ,40137       ,A           ,  ,,1676,,40137,　早良区　　　　,  Sawara-ku,"221,328","214,271","2,373","222,816","32,652","131,885","52,021","213,415","1,568","2,120","13,204","11,956","196,988","100,635","100,496","55,928","40,423","19,215","10,264","12,074",859,321,40137,
301  ,40202       ,A           ,  ,,1677,,40202,大牟田市　　　,Omuta-shi,"111,281","109,466",662,"106,597","12,194","56,397","41,290","91,868",575,"2,069","2,694","3,388","116,961","49,231","49,068","26,548","18,432","13,526","7,029","9,404",327,179,40202,
301  ,40203       ,A           ,  ,,1678,,40203,久留米市　　　,Kurume-shi,"303,316","279,016","2,895","301,517","37,877","160,800","80,051","188,872","2,299","3,761","11,541","11,381","300,236","128,716","128,397","66,383","46,347","27,676","13,948","14,331","1,303",526,40203,
301  ,40204       ,A           ,  ,,1679,,40204,直方市　　　　,Nogata-shi,"56,212","55,438",566,"55,164","7,336","29,633","19,005","22,458",376,858,"2,160","2,088","60,237","23,675","23,601","13,599","7,999","6,326","3,338","3,982",232,102,40204,
301  ,40205       ,A           ,  ,,1680,,40205,飯塚市　　　　,Iizuka-shi,"126,364","124,259","1,211","124,962","16,215","68,782","39,727","47,677",855,"1,829","4,583","4,488","127,727","55,762","55,562","29,812","21,515","13,158","6,909","9,129",507,263,40205,
301  ,40206       ,A           ,  ,,1681,,40206,田川市　　　　,Tagawa-shi,"46,203","45,379",401,"45,389","5,711","23,890","15,939","12,014",302,802,"1,836","1,766","50,019","20,588","20,502","10,830","8,265","4,923","2,594","4,179",150,88,40206,
301  ,40207       ,A           ,  ,,1682,,40207,柳川市　　　　,Yanagawa-shi,"64,475","63,541",534,"62,365","7,632","34,830","21,580","9,361",339,"1,016","1,658","1,801","60,329","24,114","24,050","13,243","6,623","6,844","3,205","2,995",185,81,40207,
301  ,40210       ,A           ,  ,,1683,,40210,八女市　　　　,Yame-shi,"60,608","59,770",436,"60,103","7,024","30,942","22,037","7,499",392,997,"1,692","2,767","62,587","22,296","22,203","12,473","5,737","6,722","3,465","3,064",175,77,40210,
301  ,40211       ,A           ,  ,,1684,,40211,筑後市　　　　,Chikugo-shi,"48,827","48,146",495,"49,238","7,103","28,176","13,329","13,268",404,535,"2,009","2,195","46,857","18,752","18,700","11,253","5,188","4,517","2,258","1,892",200,78,40211,
301  ,40212       ,A           ,  ,,1685,,40212,大川市　　　　,Okawa-shi,"32,988","32,633",218,"31,692","3,451","17,544","11,791","7,564",179,541,942,"1,193","33,574","12,941","12,897","6,887","3,910","3,869","1,763","1,624",99,46,40212,
301  ,40213       ,A           ,  ,,1686,,40213,行橋市　　　　,Yukuhashi-shi,"71,426","69,983",557,"72,612","9,417","39,439","21,649","29,624",525,912,"3,363","3,031","65,614","30,477","30,405","18,503","9,958","7,886","4,435","4,132",296,132,40213,
301  ,40214       ,A           ,  ,,1687,,40214,豊前市　　　　,Buzen-shi,"24,391","23,943",326,"23,853","2,818","12,298","9,127",...,105,437,707,734,"25,307","9,910","9,857","5,945","3,034","3,034","1,729","1,689",51,44,40214,
301  ,40215       ,A           ,  ,,1688,,40215,中間市　　　　,Nakama-shi,"40,362","39,786",337,"39,458","4,405","20,583","15,106","31,422",207,723,"1,461","1,591","35,414","17,369","17,331","10,008","5,654","5,378","2,832","3,049",130,63,40215,
301  ,40216       ,A           ,  ,,1689,,40216,小郡市　　　　,Ogori-shi,"59,360","58,257",869,"59,615","8,115","33,967","16,834","42,100",346,678,"2,473","2,415","49,493","22,746","22,661","14,632","6,019","6,008","3,245","2,361",177,66,40216,
301  ,40217       ,A           ,  ,,1690,,40217,筑紫野市　　　,Chikushino-shi,"103,311","101,594",533,"106,569","14,813","60,682","26,417","76,653",905,"1,063","4,883","4,524","93,137","41,861","41,798","26,941","12,210","10,194","5,559","4,398",415,157,40217,
301  ,40218       ,A           ,  ,,1691,,40218,春日市　　　　,Kasuga-shi,"111,023","108,364",766,"112,241","16,905","67,730","24,377","111,022",770,942,"5,990","6,321","90,865","46,442","46,365","29,162","14,847","9,830","5,244","4,552",448,209,40218,
301  ,40219       ,A           ,  ,,1692,,40219,大野城市　　　,Onojo-shi,"102,085","99,328",783,"103,116","15,654","61,537","22,374","100,004",981,947,"5,458","5,763","89,843","42,781","42,738","26,341","14,039","8,452","4,527","4,133",436,165,40219,
301  ,40220       ,A           ,  ,,1693,,40220,宗像市　　　　,Munakata-shi,"97,095","94,596",726,"97,065","13,338","53,601","28,276","61,114",650,"1,109","3,957","3,746","83,243","41,038","40,947","24,761","13,507","10,820","6,180","4,590",368,159,40220,
301  ,40221       ,A           ,  ,,1694,,40221,太宰府市　　　,Dazaifu-shi,"73,164","71,500",445,"71,557","10,355","41,044","20,332","65,050",459,776,"3,626","3,275","67,462","30,945","30,875","18,940","10,251","7,776","4,379","3,490",278,108,40221,
301  ,40223       ,A           ,  ,,1695,,40223,古賀市　　　　,Koga-shi,"58,786","57,941",781,"59,225","8,364","34,049","16,247","44,212",422,627,"2,667","2,440","57,308","23,618","23,564","15,161","6,651","6,206","3,319","2,468",199,99,40223,
301  ,40224       ,A           ,  ,,1696,,40224,福津市　　　　,Fukutsu-shi,"67,033","66,116",394,"68,793","10,984","36,478","18,887","54,064",602,757,"2,970","2,577","56,554","26,534","26,469","17,519","7,065","6,982","3,971","2,975",246,108,40224,
301  ,40225       ,A           ,  ,,1697,,40225,うきは市　　　,Ukiha-shi,"27,981","27,624",241,"27,774","3,377","13,999","9,876",...,164,458,769,880,"26,268","10,128","10,099","5,387","2,550","2,931","1,404","1,323",70,39,40225,
301  ,40226       ,A           ,  ,,1698,,40226,宮若市　　　　,Miyawaka-shi,"26,298","25,856",362,"26,526","3,141","13,393","9,644",...,167,495,"1,001",967,"35,101","10,540","10,491","6,020","3,349","2,995","1,472","1,821",87,48,40226,
301  ,40227       ,A           ,  ,,1699,,40227,嘉麻市　　　　,Kama-shi,"35,473","35,211",258,"34,929","3,893","17,155","14,340",...,146,693,931,"1,065","32,968","15,030","14,936","8,298","5,191","4,488","2,294","3,401",92,46,40227,
301  ,40228       ,A           ,  ,,1700,,40228,朝倉市　　　　,Asakura-shi,"50,273","49,166",658,"50,571","6,071","26,115","17,523","12,906",263,794,"1,990","1,749","54,369","19,456","19,415","10,511","5,777","5,650","2,725","2,585",147,67,40228,
301  ,40229       ,A           ,  ,,1701,,40229,みやま市　　　,Miyama-shi,"35,861","35,576",260,"34,910","3,992","18,024","13,749",...,162,601,876,983,"31,938","13,060","13,017","7,581","3,020","4,377","2,149","1,825",81,48,40229,
301  ,40230       ,A           ,  ,,1702,,40230,糸島市　　　　,Itoshima-shi,"98,877","97,546","1,160","103,833","13,669","55,280","29,578","53,244",668,"1,226","3,775","3,258","82,400","37,792","37,721","23,966","9,421","10,710","5,448","3,923",299,180,40230,
301  ,40231       ,A           ,  ,,1703,,40231,那珂川市　　　,Nakagawa-shi,"50,112","49,561",285,"49,663","8,136","29,916","11,704","42,926",346,476,"1,867","2,296","41,920","19,078","19,059","13,124","4,352","4,616","2,364","1,621",152,93,40231,
301  ,40341       ,A           ,  ,,1704,,40341,宇美町　　　　,Umi-machi,"37,671","37,066",486,"36,999","5,331","21,789","10,408","22,257",253,407,"1,531","1,557","33,438","14,093","14,049","9,231","3,464","3,895","1,913","1,446",113,77,40341,
301  ,40342       ,A           ,  ,,1705,,40342,篠栗町　　　　,Sasaguri-machi,"31,209","30,957",178,"31,156","4,654","18,481","7,985","21,573",232,315,"1,519","1,429","25,356","12,228","12,214","7,934","3,312","2,817","1,416","1,266",127,61,40342,
301  ,40343       ,A           ,  ,,1706,,40343,志免町　　　　,Shime-machi,"46,377","45,661",602,"46,572","7,487","27,314","11,034","41,294",355,429,"2,413","2,394","40,705","19,005","18,985","11,788","5,832","4,049","2,043","1,918",177,107,40343,
301  ,40344       ,A           ,  ,,1707,,40344,須恵町　　　　,Sue-machi,"28,628","28,155",255,"29,300","4,777","15,750","7,847","20,062",250,314,"1,269","1,208","26,258","10,942","10,919","6,929","2,946","2,752","1,363","1,206",91,51,40344,
301  ,40345       ,A           ,  ,,1708,,40345,新宮町　　　　,Shingu-machi,"32,927","32,367",430,"33,251","6,820","19,912","6,024","28,861",309,287,"1,594","1,734","32,502","12,469","12,453","8,587","3,187","2,327","1,243","1,007",124,61,40345,
301  ,40348       ,A           ,  ,,1709,,40348,久山町　　　　,Hisayama-machi,"9,068","8,797",247,"9,330","1,511","5,048","2,471",...,69,93,410,335,"12,013","3,279","3,271","1,999",816,821,382,323,20,14,40348,
301  ,40349       ,A           ,  ,,1710,,40349,粕屋町　　　　,Kasuya-machi,"48,190","47,148",614,"48,777","8,617","30,431","8,514","42,933",567,377,"2,791","3,140","45,461","19,899","19,886","12,010","6,358","3,185","1,495","1,471",313,101,40349,
301  ,40381       ,A           ,  ,,1711,,40381,芦屋町　　　　,Ashiya-machi,"13,545","13,455",85,"12,942","1,645","7,531","4,363","7,252",74,196,837,923,"12,085","5,599","5,566","3,333","1,867","1,495",826,"1,013",57,19,40381,
301  ,40382       ,A           ,  ,,1712,,40382,水巻町　　　　,Mizumaki-machi,"28,114","27,605",418,"27,651","3,500","15,191","9,305","23,360",184,401,"1,262","1,200","23,415","12,315","12,292","7,200","4,177","3,329","1,706","2,133",128,50,40382,
301  ,40383       ,A           ,  ,,1713,,40383,岡垣町　　　　,Okagaki-machi,"31,007","30,808",166,"31,552","4,075","16,217","10,309","11,366",187,451,"1,117",985,"24,805","12,120","12,077","8,025","3,058","3,769","2,116","1,805",73,50,40383,
301  ,40384       ,A           ,  ,,1714,,40384,遠賀町　　　　,Onga-cho,"18,723","18,505",197,"18,999","2,387","9,789","6,497",...,105,251,719,656,"17,013","7,561","7,542","4,959","1,969","2,454","1,384","1,020",67,31,40384,
301  ,40401       ,A           ,  ,,1715,,40401,小竹町　　　　,Kotake-machi,"7,151","6,955",196,"7,030",605,"3,523","3,021",...,20,150,326,301,"6,887","3,210","3,191","1,740","1,190","1,021",541,650,13,16,40401,
301  ,40402       ,A           ,  ,,1716,,40402,鞍手町　　　　,Kurate-machi,"15,080","14,885",189,"14,998","1,653","7,501","5,915",...,61,245,501,511,"15,032","6,263","6,235","3,664","1,934","2,050","1,044","1,190",45,23,40402,
301  ,40421       ,A           ,  ,,1717,,40421,桂川町　　　　,Keisen-machi,"12,878","12,776",102,"12,873","1,618","6,690","4,523",...,79,202,422,459,"10,214","5,132","5,111","3,072","1,455","1,511",778,863,49,28,40421,
301  ,40447       ,A           ,  ,,1718,,40447,筑前町　　　　,Chikuzen-machi,"29,591","29,320",225,"30,441","4,128","16,156","9,238",...,227,378,"1,549","1,230","24,557","10,627","10,597","6,645","2,423","2,949","1,460","1,115",111,56,40447,
301  ,40448       ,A           ,  ,,1719,,40448,東峰村　　　　,Toho-mura,"1,899","1,888",11,"1,841",184,846,869,...,9,54,52,77,"1,827",696,694,340,188,239,126,132,2,1,40448,
301  ,40503       ,A           ,  ,,1720,,40503,大刀洗町　　　,Tachiarai-machi,"15,521","15,193",316,"16,084","2,339","8,798","4,351",...,160,179,751,664,"13,623","5,616","5,593","3,405","1,345","1,449",680,449,58,34,40503,
301  ,40522       ,A           ,  ,,1721,,40522,大木町　　　　,Oki-machi,"13,820","13,687",120,"13,709","2,097","7,666","4,036",...,100,160,376,477,"11,403","4,772","4,762","2,949",974,"1,286",632,440,36,15,40522,
301  ,40544       ,A           ,  ,,1722,,40544,広川町　　　　,Hirokawa-machi,"19,969","19,494",270,"19,273","2,671","10,991","6,002",...,105,244,816,801,"19,767","7,486","7,455","4,107","2,296","1,795",880,727,50,30,40544,
301  ,40601       ,A           ,  ,,1723,,40601,香春町　　　　,Kawara-machi,"10,191","10,141",49,"10,166","1,135","4,795","4,238",...,43,220,316,341,"9,254","4,337","4,318","2,494","1,443","1,412",768,948,20,16,40601,
301  ,40602       ,A           ,  ,,1724,,40602,添田町　　　　,Soeda-machi,"8,801","8,791",9,"8,512",856,"4,018","3,926",...,28,179,159,291,"7,351","3,724","3,700","2,082","1,225","1,259",698,883,16,14,40602,
301  ,40604       ,A           ,  ,,1725,,40604,糸田町　　　　,Itoda-machi,"8,407","8,369",38,"8,448","1,135","4,055","3,215",...,36,166,367,301,"6,589","3,656","3,640","1,987","1,392",983,519,865,29,25,40604,
301  ,40605       ,A           ,  ,,1726,,40605,川崎町　　　　,Kawasaki-machi,"15,176","15,077",99,"15,218","1,787","7,456","5,932",...,94,314,429,540,"13,463","6,921","6,883","3,561","2,782","1,802",972,"1,740",49,30,40605,
301  ,40608       ,A           ,  ,,1727,,40608,大任町　　　　,Oto-machi,"5,008","4,999",9,"5,062",731,"2,327","1,948",...,43,122,168,184,"4,428","2,040","2,025","1,157",685,555,283,452,14,15,40608,
301  ,40609       ,A           ,  ,,1728,,40609,赤村　　　　　,Aka-mura,"2,774","2,771",3,"2,890",352,"1,301","1,119",...,18,69,78,82,"2,291","1,072","1,065",617,288,344,196,199,10,3,40609,
301  ,40610       ,A           ,  ,,1729,,40610,福智町　　　　,Fukuchi-machi,"21,398","21,277",121,"21,201","2,691","10,637","8,066",...,116,418,656,659,"18,749","8,519","8,453","4,819","2,812","2,351","1,202","1,763",69,50,40610,
301  ,40621       ,A           ,  ,,1730,,40621,苅田町　　　　,Kanda-machi,"37,684","35,390","1,050","37,824","5,185","21,919","8,879","26,338",279,383,"2,673","2,513","45,535","17,722","17,684","8,790","7,941","3,407","1,869","1,683",190,81,40621,
301  ,40625       ,A           ,  ,,1731,,40625,みやこ町　　　,Miyako-machi,"18,825","18,675",147,"18,049","1,907","8,998","7,915",...,83,334,476,547,"17,483","7,346","7,310","4,541","1,929","2,637","1,464","1,328",43,14,40625,
301  ,40642       ,A           ,  ,,1732,,40642,吉富町　　　　,Yoshitomi-machi,"6,536","6,462",58,"6,607",853,"3,540","2,115",...,46,107,292,278,"5,827","2,667","2,658","1,670",757,717,429,408,19,13,40642,
301  ,40646       ,A           ,  ,,1733,,40646,上毛町　　　　,Koge-machi,"7,251","7,217",34,"7,261",984,"3,651","2,615",...,42,117,204,252,"6,426","2,797","2,788","1,798",690,918,525,473,18,12,40646,
301  ,40647       ,A           ,  ,,1734,,40647,築上町　　　　,Chikujo-machi,"17,189","17,048",97,"16,866","1,911","8,650","6,566",...,88,286,638,"1,589","15,747","6,963","6,920","4,162","2,158","2,208","1,207","1,298",75,30,40647,
301  ,41000       ,A           ,  ,,1735,,41   ,佐賀県　　　,Saga-ken,"811,442","796,285","5,940","801,051","108,241","443,579","246,061","282,878","5,552","11,204","26,285","27,461","814,329","312,680","311,173","171,795","94,280","77,582","37,862","36,646","2,951","1,041",41   ,
301  ,41201       ,A           ,  ,,1736,,41201,佐賀市　　　　,Saga-shi,"233,301","225,564","1,425","228,042","30,064","129,142","64,802","139,060","1,564","3,007","7,347","7,609","248,170","96,874","96,522","50,969","34,618","21,598","10,623","10,981",901,285,41201,
301  ,41202       ,A           ,  ,,1737,,41202,唐津市　　　　,Karatsu-shi,"117,373","116,391",722,"115,475","16,016","62,594","38,363","42,044",762,"1,884","2,707","3,050","113,603","44,192","44,011","23,923","12,882","11,349","5,510","6,179",409,160,41202,
301  ,41203       ,A           ,  ,,1738,,41203,鳥栖市　　　　,Tosu-shi,"74,196","72,035","1,064","74,492","11,203","43,865","17,938","50,374",595,747,"3,512","3,442","81,762","29,816","29,709","17,311","9,894","6,153","3,160","2,570",314,94,41203,
301  ,41204       ,A           ,  ,,1739,,41204,多久市　　　　,Taku-shi,"18,295","18,121",165,"17,988","2,110","9,416","6,753",...,96,297,427,892,"17,792","6,773","6,738","3,769","1,817","2,043",901,"1,053",49,25,41204,
301  ,41205       ,A           ,  ,,1740,,41205,伊万里市　　　,Imari-shi,"52,629","51,983",447,"52,279","7,293","28,119","16,919","12,792",364,758,"1,390","1,671","55,501","19,984","19,915","10,761","5,903","5,057","2,461","2,519",175,87,41205,
301  ,41206       ,A           ,  ,,1741,,41206,武雄市　　　　,Takeo-shi,"47,914","47,438",209,"47,472","6,547","25,940","15,064","7,377",343,697,"1,544","1,460","47,149","17,624","17,554","9,604","4,842","4,472","2,087","2,025",176,55,41206,
301  ,41207       ,A           ,  ,,1742,,41207,鹿島市　　　　,Kashima-shi,"27,892","27,705",157,"27,596","3,784","14,918","9,141","9,582",178,367,719,844,"26,988","10,046","10,006","5,574","2,480","2,801","1,390","1,290",83,45,41207,
301  ,41208       ,A           ,  ,,1743,,41208,小城市　　　　,Ogi-shi,"43,952","43,559",274,"44,259","6,124","24,623","12,599","6,881",368,580,"1,585","1,455","36,744","15,907","15,862","9,707","3,575","4,134","2,005","1,636",182,58,41208,
301  ,41209       ,A           ,  ,,1744,,41209,嬉野市　　　　,Ureshino-shi,"25,848","25,643",157,"24,760","3,225","13,334","9,219",...,147,427,757,859,"24,658","9,157","9,092","4,690","2,501","2,448","1,167","1,230",78,21,41209,
301  ,41210       ,A           ,  ,,1745,,41210,神埼市　　　　,Kanzaki-shi,"31,022","30,472",206,"30,438","3,934","16,890","9,762","6,851",198,402,"1,232","1,140","29,403","11,452","11,413","6,495","3,035","3,101","1,509","1,190",97,37,41210,
301  ,41327       ,A           ,  ,,1746,,41327,吉野ヶ里町　　,Yoshinogari-cho,"16,323","16,004",192,"16,188","2,430","9,759","3,970",...,146,154,877,895,"16,156","6,137","6,084","3,611","1,704","1,407",659,601,87,23,41327,
301  ,41341       ,A           ,  ,,1747,,41341,基山町　　　　,Kiyama-cho,"17,250","16,899",247,"17,575","2,169","9,595","5,344","7,917",121,205,738,625,"16,629","6,756","6,733","4,309","1,756","2,068","1,137",602,44,17,41341,
301  ,41345       ,A           ,  ,,1748,,41345,上峰町　　　　,Kamimine-cho,"9,286","9,017",56,"9,818","1,391","5,258","2,422",...,90,94,492,426,"8,795","3,598","3,594","2,161","1,026",845,442,380,47,16,41345,
301  ,41346       ,A           ,  ,,1749,,41346,みやき町　　　,Miyaki-cho,"25,511","25,291",171,"25,759","3,337","13,258","8,842",...,158,387,"1,066",885,"23,965","9,229","9,195","5,584","2,171","2,887","1,435","1,190",75,46,41346,
301  ,41387       ,A           ,  ,,1750,,41387,玄海町　　　　,Genkai-cho,"5,609","5,601",8,"4,966",610,"3,081","1,774",...,27,104,118,222,"6,920","2,231","1,926",695,722,436,182,176,37,7,41387,
301  ,41401       ,A           ,  ,,1751,,41401,有田町　　　　,Arita-cho,"19,010","18,862",144,"18,840","2,433","9,841","6,717",...,94,307,491,524,"17,999","6,981","6,957","3,961","1,720","2,143","1,058",938,44,29,41401,
301  ,41423       ,A           ,  ,,1752,,41423,大町町　　　　,Omachi-cho,"6,293","6,269",16,"6,044",643,"3,072","2,566",...,31,117,192,194,"6,346","2,455","2,443","1,355",729,762,367,477,18,4,41423,
301  ,41424       ,A           ,  ,,1753,,41424,江北町　　　　,Kohoku-machi,"9,566","9,493",67,"9,593","1,434","5,366","2,723",...,109,112,384,384,"8,191","3,433","3,421","1,977",834,796,340,356,52,12,41424,
301  ,41425       ,A           ,  ,,1754,,41425,白石町　　　　,Shiroishi-cho,"22,051","21,874",156,"21,398","2,605","11,436","7,984",...,108,394,527,625,"20,270","7,247","7,221","3,872","1,444","2,197",993,846,63,15,41425,
301  ,41441       ,A           ,  ,,1755,,41441,太良町　　　　,Tara-cho,"8,121","8,064",57,"8,069",889,"4,072","3,159",...,53,164,180,259,"7,288","2,788","2,777","1,467",627,885,436,407,20,5,41441,
301  ,42000       ,A           ,  ,,1756,,42   ,長崎県　　　,Nagasaki-ken,"1,312,317","1,296,014","8,316","1,289,994","164,303","706,077","430,353","631,342","8,364","19,309","41,315","47,754","1,308,945","558,230","556,130","313,876","191,470","146,338","79,510","83,871","4,410","1,751",42   ,
301  ,42201       ,A           ,  ,,1757,,42201,長崎市　　　　,Nagasaki-shi,"409,118","401,784","2,601","395,843","46,771","223,535","132,604","290,853","2,434","5,801","10,567","12,883","419,495","187,423","186,988","102,464","72,676","47,236","25,442","28,881","1,287",552,42201,
301  ,42202       ,A           ,  ,,1758,,42202,佐世保市　　　,Sasebo-shi,"243,223","239,760","1,611","236,906","31,507","131,710","77,173","145,910","1,639","3,451","7,575","9,420","246,816","104,053","103,624","57,644","37,357","26,258","14,136","15,964",992,350,42202,
301  ,42203       ,A           ,  ,,1759,,42203,島原市　　　　,Shimabara-shi,"43,338","42,870",361,"42,641","5,462","22,194","15,523","17,176",250,751,"1,318","1,519","45,200","17,095","16,966","9,087","5,386","4,649","2,527","2,620",109,44,42203,
301  ,42204       ,A           ,  ,,1760,,42204,諫早市　　　　,Isahaya-shi,"133,852","132,986",866,"133,938","17,924","75,013","40,900","62,806",911,"1,730","4,866","5,012","137,665","53,235","53,050","32,113","15,562","14,177","7,528","6,536",458,173,42204,
301  ,42205       ,A           ,  ,,1761,,42205,大村市　　　　,Omura-shi,"95,397","94,077",362,"98,658","14,964","55,134","24,034","66,965",867,981,"4,707","4,231","91,383","39,002","38,846","23,568","12,369","8,596","4,785","4,486",452,163,42205,
301  ,42207       ,A           ,  ,,1762,,42207,平戸市　　　　,Hirado-shi,"29,365","29,180",154,"28,537","3,382","13,778","12,151",...,163,617,700,900,"28,649","12,009","11,962","6,152","3,939","3,643","1,977","2,383",67,28,42207,
301  ,42208       ,A           ,  ,,1763,,42208,松浦市　　　　,Matsuura-shi,"21,271","21,012",233,"20,983","2,575","10,573","7,843",...,96,380,610,702,"21,337","8,789","8,762","4,497","2,989","2,430","1,276","1,513",52,25,42208,
301  ,42209       ,A           ,  ,,1764,,42209,対馬市　　　　,Tsushima-shi,"28,502","28,322",150,"27,821","3,311","14,166","10,989",...,139,488,"1,130","1,426","28,527","12,681","12,642","6,716","4,617","3,629","2,205","2,266",93,43,42209,
301  ,42210       ,A           ,  ,,1765,,42210,壱岐市　　　　,Iki-shi,"24,948","24,846",79,"24,360","3,213","12,062","9,640",...,106,491,654,875,"24,831","9,726","9,706","4,922","2,999","2,761","1,465","1,728",73,27,42210,
301  ,42211       ,A           ,  ,,1766,,42211,五島市　　　　,Goto-shi,"34,391","34,220",128,"34,491","3,611","16,677","14,002","9,265",175,701,"1,204","1,275","34,321","16,526","16,387","9,263","6,385","4,844","2,952","3,701",87,44,42211,
301  ,42212       ,A           ,  ,,1767,,42212,西海市　　　　,Saikai-shi,"26,275","25,815",458,"25,437","2,836","13,084","10,182",...,125,487,725,"1,006","26,870","11,180","11,131","5,772","4,021","3,194","1,745","1,873",74,32,42212,
301  ,42213       ,A           ,  ,,1768,,42213,雲仙市　　　　,Unzen-shi,"41,096","40,625",423,"41,272","4,914","21,437","14,677",...,261,694,"1,247","1,394","38,613","15,141","15,008","7,931","4,116","4,285","2,068","2,156",146,33,42213,
301  ,42214       ,A           ,  ,,1769,,42214,南島原市　　　,Minamishimabara-shi,"42,330","42,066",259,"41,652","4,735","20,469","17,109",...,195,900,817,"1,096","39,807","16,060","15,922","8,954","4,131","5,281","2,939","2,633",95,37,42214,
301  ,42307       ,A           ,  ,,1770,,42307,長与町　　　　,Nagayo-cho,"40,780","40,574",162,"39,861","5,932","23,607","11,105","18,966",308,403,"1,450","1,810","31,218","16,011","15,981","11,064","3,709","4,280","2,486","1,458",135,56,42307,
301  ,42308       ,A           ,  ,,1771,,42308,時津町　　　　,Togitsu-cho,"29,339","29,127",201,"29,493","4,532","16,883","7,859","19,401",275,297,"1,380","1,457","29,648","11,435","11,407","7,592","2,992","2,961","1,656","1,235",119,42,42308,
301  ,42321       ,A           ,  ,,1772,,42321,東彼杵町　　　,Higashisonogi-cho,"7,721","7,665",42,"7,453",853,"3,855","2,991",...,32,127,217,219,"7,394","2,705","2,687","1,519",627,879,424,366,8,6,42321,
301  ,42322       ,A           ,  ,,1773,,42322,川棚町　　　　,Kawatana-cho,"13,377","13,255",98,"13,192","1,723","7,195","4,411",...,73,193,478,553,"12,108","5,195","5,177","3,049","1,449","1,480",743,724,36,25,42322,
301  ,42323       ,A           ,  ,,1774,,42323,波佐見町　　　,Hasami-cho,"14,291","14,236",29,"14,157","1,968","7,676","4,598",...,107,232,473,491,"13,199","5,005","4,988","2,915","1,044","1,396",710,493,29,23,42323,
301  ,42383       ,A           ,  ,,1775,,42383,小値賀町　　　,Ojika-cho,"2,288","2,282",6,"2,181",196,930,"1,162",...,8,49,105,111,"2,291","1,126","1,123",523,479,357,227,299,7,3,42383,
301  ,42391       ,A           ,  ,,1776,,42391,佐々町　　　　,Saza-cho,"13,912","13,854",48,"13,988","2,321","7,650","3,922",...,135,165,573,686,"12,380","5,436","5,405","3,402","1,474","1,349",690,677,54,24,42391,
301  ,42411       ,A           ,  ,,1777,,42411,新上五島町　　,Shinkamigoto-cho,"17,503","17,458",45,"17,130","1,573","8,449","7,478",...,65,371,519,688,"17,193","8,397","8,368","4,729","3,149","2,653","1,529","1,879",37,21,42411,
301  ,43000       ,A           ,  ,,1778,,43   ,熊本県　　　,Kumamoto-ken,"1,738,301","1,705,205","14,591","1,728,098","228,366","944,198","540,538","865,846","11,875","24,427","72,532","74,156","1,732,011","719,154","716,740","396,063","242,940","177,607","94,175","92,410","6,349","2,482",43   ,
301  ,43100       ,A           ,  ,,1779,,43100,熊本市　　　　,Kumamoto-shi,"738,865","718,502","5,421","731,722","99,199","429,187","191,066","596,988","5,792","8,238","39,658","38,488","750,814","326,920","326,140","173,804","128,009","66,473","35,111","36,599","3,214","1,114",43100,
301  ,43101       ,A           ,  ,,1780,,43101,　中央区　　　　,  Chuuou-ku,"187,502","177,603","2,168","176,424","20,774","114,452","42,812","186,765","1,307","1,904","12,829","12,361","234,744","99,897","99,723","40,207","54,764","14,596","7,798","11,187",931,254,43101,
301  ,43102       ,A           ,  ,,1781,,43102,　東区　　　　　,  Higashi-ku,"189,524","185,928","1,090","191,238","28,048","112,036","45,768","170,189","1,621","1,900","9,564","9,693","177,541","80,454","80,268","47,186","27,647","16,566","8,984","8,686",861,305,43102,
301  ,43103       ,A           ,  ,,1782,,43103,　西区　　　　　,  Nishi-ku,"91,177","88,932",645,"90,087","10,822","50,806","27,524","67,220",627,"1,316","5,149","4,465","87,332","39,781","39,675","20,969","15,023","9,226","4,688","5,217",358,136,43103,
301  ,43104       ,A           ,  ,,1783,,43104,　南区　　　　　,  Minami-ku,"130,829","128,707",694,"133,277","20,812","73,626","34,600","77,695","1,205","1,453","5,823","5,677","124,786","49,967","49,813","31,046","13,443","11,644","5,988","4,765",496,209,43104,
301  ,43105       ,A           ,  ,,1784,,43105,　北区　　　　　,  Kita-ku,"139,833","137,332",824,"140,696","18,743","78,267","40,362","95,119","1,032","1,665","6,293","6,292","126,411","56,821","56,661","34,396","17,132","14,441","7,653","6,744",568,210,43105,
301  ,43202       ,A           ,  ,,1785,,43202,八代市　　　　,Yatsushiro-shi,"123,067","120,072","2,036","121,657","14,679","65,046","42,131","54,592",666,"2,016","3,548","3,951","122,876","49,204","48,996","26,302","15,791","13,101","6,738","6,739",356,189,43202,
301  ,43203       ,A           ,  ,,1786,,43203,人吉市　　　　,Hitoyoshi-shi,"31,108","30,761",175,"30,192","3,709","15,261","11,649","11,517",195,556,"1,144","1,390","33,838","13,288","13,236","7,016","4,703","3,607","1,919","2,193",102,41,43203,
301  ,43204       ,A           ,  ,,1787,,43204,荒尾市　　　　,Arao-shi,"50,832","50,418",305,"49,641","6,383","26,066","18,248","25,855",268,859,"1,265","1,686","44,938","20,783","20,712","12,390","6,280","6,264","3,301","3,341",164,69,43204,
301  ,43205       ,A           ,  ,,1788,,43205,水俣市　　　　,Minamata-shi,"23,557","23,485",66,"22,133","2,673","11,219","9,624","10,753",122,432,481,747,"24,694","10,123","10,083","5,788","3,444","3,088","1,766","2,071",62,21,43205,
301  ,43206       ,A           ,  ,,1789,,43206,玉名市　　　　,Tamana-shi,"64,292","63,190",841,"63,537","7,960","34,050","21,983","12,264",402,999,"1,996","1,984","62,390","25,278","25,197","14,051","7,693","7,116","3,682","3,382",190,68,43206,
301  ,43208       ,A           ,  ,,1790,,43208,山鹿市　　　　,Yamaga-shi,"49,025","48,591",354,"48,639","5,867","24,416","18,601","12,328",271,850,"1,172","1,427","47,447","19,085","19,013","10,578","5,368","5,813","3,035","3,023",160,76,43208,
301  ,43210       ,A           ,  ,,1791,,43210,菊池市　　　　,Kikuchi-shi,"46,416","45,671",591,"46,814","6,100","24,328","15,807","6,273",274,717,"1,809","1,655","49,300","17,593","17,510","9,816","4,904","4,857","2,519","2,354",139,76,43210,
301  ,43211       ,A           ,  ,,1792,,43211,宇土市　　　　,Uto-shi,"36,122","35,681",194,"36,371","4,863","20,084","10,885","10,167",260,490,"1,378","1,464","33,324","13,499","13,453","8,148","3,448","3,519","1,751","1,487",138,58,43211,
301  ,43212       ,A           ,  ,,1793,,43212,上天草市　　　,Kamiamakusa-shi,"24,563","24,422",95,"24,285","2,541","11,653","10,321",...,100,481,443,760,"23,682","10,034","10,001","5,458","3,001","3,302","1,772","1,899",71,26,43212,
301  ,43213       ,A           ,  ,,1794,,43213,宇城市　　　　,Uki-shi,"57,032","56,446",459,"56,956","7,189","29,603","19,919","7,965",360,956,"1,871","1,945","55,586","21,535","21,412","12,359","5,873","6,225","3,256","2,815",213,97,43213,
301  ,43214       ,A           ,  ,,1795,,43214,阿蘇市　　　　,Aso-shi,"24,930","24,495",394,"24,526","2,778","12,035","10,051",...,123,489,916,932,"26,188","9,987","9,944","5,059","3,316","2,927","1,626","1,547",92,38,43214,
301  ,43215       ,A           ,  ,,1796,,43215,天草市　　　　,Amakusa-shi,"75,783","75,328",320,"73,437","8,436","35,883","31,011","14,164",366,"1,610","1,577","2,022","75,140","31,873","31,724","17,683","10,404","10,014","5,646","6,041",185,76,43215,
301  ,43216       ,A           ,  ,,1797,,43216,合志市　　　　,Koshi-shi,"61,772","61,404",245,"64,751","11,505","35,085","14,960","40,816",577,600,"2,629","2,373","55,406","22,283","22,210","15,481","4,759","5,404","3,004","2,003",235,87,43216,
301  ,43348       ,A           ,  ,,1798,,43348,美里町　　　　,Misato-machi,"9,392","9,329",63,"8,873",778,"4,198","4,416",...,27,248,209,207,"8,390","3,439","3,405","1,816",894,"1,250",615,629,18,7,43348,
301  ,43364       ,A           ,  ,,1799,,43364,玉東町　　　　,Gyokuto-machi,"5,045","5,019",26,"5,191",704,"2,508","1,833",...,38,66,150,146,"4,027","1,814","1,808","1,061",419,578,282,273,11,15,43364,
301  ,43367       ,A           ,  ,,1800,,43367,南関町　　　　,Nankan-machi,"8,979","8,831",147,"8,856",951,"4,484","3,529",...,41,184,257,271,"9,689","3,503","3,486","1,925",958,"1,146",560,561,15,9,43367,
301  ,43368       ,A           ,  ,,1801,,43368,長洲町　　　　,Nagasu-machi,"15,372","14,777",592,"15,456","1,843","8,024","5,492",...,85,233,493,525,"16,221","6,434","6,420","3,692","2,036","2,023","1,088",816,41,18,43368,
301  ,43369       ,A           ,  ,,1802,,43369,和水町　　　　,Nagomi-machi,"9,342","9,303",39,"9,104",950,"4,410","3,961",...,45,231,234,302,"8,895","3,416","3,396","1,889",809,"1,202",603,548,17,12,43369,
301  ,43403       ,A           ,  ,,1803,,43403,大津町　　　　,Ozu-machi,"35,187","34,522",383,"36,013","5,980","21,234","7,632","8,691",304,306,"1,869","2,115","38,105","14,165","14,135","8,208","4,567","2,601","1,339","1,175",154,62,43403,
301  ,43404       ,A           ,  ,,1804,,43404,菊陽町　　　　,Kikuyo-machi,"43,337","42,337",389,"43,915","7,429","26,215","9,043","32,159",431,314,"2,258","2,455","42,496","17,794","17,761","10,288","6,157","3,129","1,754","1,318",217,74,43404,
301  ,43423       ,A           ,  ,,1805,,43423,南小国町　　　,Minamioguni-machi,"3,750","3,679",71,"3,875",431,"1,806","1,511",...,19,79,241,227,"3,779","1,603","1,598",678,633,402,226,280,13,3,43423,
301  ,43424       ,A           ,  ,,1806,,43424,小国町　　　　,Oguni-machi,"6,590","6,549",41,"6,465",699,"3,106","2,775",...,22,128,195,573,"6,537","2,682","2,649","1,300",862,785,446,469,18,4,43424,
301  ,43425       ,A           ,  ,,1807,,43425,産山村　　　　,Ubuyama-mura,"1,382","1,355",27,"1,395",145,645,592,...,10,33,65,75,"1,319",520,518,239,160,145,83,83,4,0,43425,
301  ,43428       ,A           ,  ,,1808,,43428,高森町　　　　,Takamori-machi,"5,789","5,727",62,"5,934",628,"2,633","2,503",...,22,99,213,264,"5,835","2,408","2,397","1,276",767,796,460,437,14,11,43428,
301  ,43432       ,A           ,  ,,1809,,43432,西原村　　　　,Nishihara-mura,"6,426","6,339",87,"6,955",900,"3,496","2,026",...,38,76,345,245,"6,848","2,362","2,358","1,443",553,648,345,269,9,10,43432,
301  ,43433       ,A           ,  ,,1810,,43433,南阿蘇村　　　,Minamiaso-mura,"9,836","9,682",93,"10,115","1,005","4,551","4,201",...,39,196,430,358,"9,384","4,051","3,991","2,167","1,194","1,351",781,634,24,17,43433,
301  ,43441       ,A           ,  ,,1811,,43441,御船町　　　　,Mifune-machi,"16,303","16,226",71,"17,235","2,239","8,275","5,663",...,110,254,776,515,"15,061","6,196","6,179","3,813","1,509","1,920","1,028",865,72,20,43441,
301  ,43442       ,A           ,  ,,1812,,43442,嘉島町　　　　,Kashima-machi,"9,547","9,443",104,"10,159","1,707","5,299","2,531",...,81,127,535,432,"12,058","3,495","3,488","2,119",900,794,402,310,35,15,43442,
301  ,43443       ,A           ,  ,,1813,,43443,益城町　　　　,Mashiki-machi,"32,510","32,304",133,"34,041","5,144","17,502","9,742","21,314",272,371,"1,652","1,184","31,735","11,744","11,699","8,040","2,355","3,447","1,896","1,181",130,53,43443,
301  ,43444       ,A           ,  ,,1814,,43444,甲佐町　　　　,Kosa-machi,"10,132","10,065",59,"10,146","1,277","4,863","3,987",...,46,150,284,298,"9,532","3,678","3,656","2,105",893,"1,230",600,579,21,14,43444,
301  ,43447       ,A           ,  ,,1815,,43447,山都町　　　　,Yamato-cho,"13,503","13,399",103,"13,272","1,241","5,455","6,771",...,51,296,270,363,"13,563","5,252","5,217","2,599","1,471","1,886","1,075","1,035",33,11,43447,
301  ,43468       ,A           ,  ,,1816,,43468,氷川町　　　　,Hikawa-cho,"11,094","10,924",155,"10,944","1,206","5,321","4,298",...,44,194,313,357,"9,493","3,932","3,912","1,956",988,"1,171",556,564,20,16,43468,
301  ,43482       ,A           ,  ,,1817,,43482,芦北町　　　　,Ashikita-machi,"15,681","15,650",31,"15,284","1,619","7,030","7,025",...,67,338,282,386,"15,078","5,996","5,958","3,274","1,615","2,169","1,181","1,093",31,8,43482,
301  ,43484       ,A           ,  ,,1818,,43484,津奈木町　　　,Tsunagi-machi,"4,254","4,247",7,"4,216",460,"1,984","1,790",...,14,70,70,93,"3,496","1,687","1,680",948,456,570,295,305,6,8,43484,
301  ,43501       ,A           ,  ,,1819,,43501,錦町　　　　　,Nishiki-machi,"10,288","10,233",49,"10,223","1,529","5,330","3,420",...,81,176,398,392,"9,881","3,729","3,710","2,004",927,988,522,493,40,13,43501,
301  ,43505       ,A           ,  ,,1820,,43505,多良木町　　　,Taragi-machi,"9,076","8,994",60,"8,554","1,026","4,130","3,879",...,39,176,189,311,"9,051","3,463","3,452","1,812",934,"1,142",558,600,12,7,43505,
301  ,43506       ,A           ,  ,,1821,,43506,湯前町　　　　,Yunomae-machi,"3,627","3,622",5,"3,522",391,"1,635","1,601",...,17,89,83,88,"3,158","1,401","1,399",737,385,461,231,269,9,3,43506,
301  ,43507       ,A           ,  ,,1822,,43507,水上村　　　　,Mizukami-mura,"2,033","2,026",7,"1,976",264,867,902,...,8,45,26,50,"1,902",786,782,398,229,239,123,175,3,3,43507,
301  ,43510       ,A           ,  ,,1823,,43510,相良村　　　　,Sagara-mura,"4,070","4,055",15,"4,019",437,"1,879","1,754",...,22,88,94,122,"3,893","1,466","1,461",777,326,513,254,227,5,2,43510,
301  ,43511       ,A           ,  ,,1824,,43511,五木村　　　　,Itsuki-mura,931,928,3,942,72,409,446,...,2,30,23,103,"1,040",420,418,208,146,145,85,88,1,2,43511,
301  ,43512       ,A           ,  ,,1825,,43512,山江村　　　　,Yamae-mura,"3,238","3,233",5,"3,221",513,"1,520","1,168",...,15,52,80,99,"2,496","1,131","1,129",620,241,332,159,175,6,2,43512,
301  ,43513       ,A           ,  ,,1826,,43513,球磨村　　　　,Kuma-mura,"2,433","2,432",1,"2,786",245,"1,094","1,087",...,8,78,48,152,"2,186",976,975,500,273,360,178,187,3,2,43513,
301  ,43514       ,A           ,  ,,1827,,43514,あさぎり町　　,Asagiri-cho,"14,676","14,463",203,"14,341","1,936","7,082","5,633",...,71,263,428,462,"13,876","5,357","5,324","2,771","1,398","1,585",816,791,37,16,43514,
301  ,43531       ,A           ,  ,,1828,,43531,苓北町　　　　,Reihoku-machi,"7,114","7,046",64,"6,409",735,"3,297","3,071",...,30,144,135,162,"7,364","2,769","2,748","1,467",892,889,508,487,9,9,43531,
301  ,44000       ,A           ,  ,,1829,,44   ,大分県　　　,Oita-ken,"1,123,852","1,098,735","10,168","1,112,827","135,272","596,527","369,192","547,792","6,798","16,266","34,316","37,424","1,123,160","489,249","487,679","269,815","175,329","124,909","71,023","69,725","4,037","1,635",44   ,
301  ,44201       ,A           ,  ,,1830,,44201,大分市　　　　,Oita-shi,"475,614","465,298","2,661","474,665","62,944","271,307","129,289","351,227","3,504","5,178","13,168","13,793","481,509","209,539","209,066","118,907","76,171","47,033","26,856","23,108","2,050",777,44201,
301  ,44202       ,A           ,  ,,1831,,44202,別府市　　　　,Beppu-shi,"115,321","109,278","2,431","112,926","11,840","59,108","39,018","101,008",609,"1,763","4,089","4,290","114,198","54,336","54,115","25,859","24,088","12,367","6,836","9,395",393,168,44202,
301  ,44203       ,A           ,  ,,1832,,44203,中津市　　　　,Nakatsu-shi,"82,863","79,812","1,329","82,221","10,962","45,200","24,828","25,772",550,"1,189","3,839","3,825","84,524","37,571","37,408","20,066","14,783","8,680","5,101","5,092",332,144,44203,
301  ,44204       ,A           ,  ,,1833,,44204,日田市　　　　,Hita-shi,"62,657","62,106",412,"61,125","7,768","32,326","22,379","27,859",342,"1,053","1,540","1,914","62,873","25,139","25,065","13,418","7,823","6,798","3,504","3,711",191,81,44204,
301  ,44205       ,A           ,  ,,1834,,44205,佐伯市　　　　,Saiki-shi,"66,851","66,163",305,"65,624","6,959","31,984","27,348","22,447",304,"1,190","1,232","1,798","66,477","28,716","28,616","16,410","9,254","9,071","5,065","5,276",179,71,44205,
301  ,44206       ,A           ,  ,,1835,,44206,臼杵市　　　　,Usuki-shi,"36,158","35,810",313,"35,620","3,741","17,485","14,828","12,844",143,689,924,949,"34,580","14,749","14,697","8,607","4,293","4,921","2,781","2,568",99,37,44206,
301  ,44207       ,A           ,  ,,1836,,44207,津久見市　　　,Tsukumi-shi,"16,100","16,057",34,"15,386","1,420","7,430","7,238","6,635",49,344,252,437,"16,500","6,995","6,971","4,173","2,154","2,552","1,459","1,429",43,14,44207,
301  ,44208       ,A           ,  ,,1837,,44208,竹田市　　　　,Taketa-shi,"20,332","20,081",239,"19,380","1,810","8,675","9,808",...,63,422,527,662,"21,460","8,699","8,644","4,392","3,067","2,867","1,770","1,881",30,24,44208,
301  ,44209       ,A           ,  ,,1838,,44209,豊後高田市　　,Bungotakada-shi,"22,112","21,455",615,"21,960","2,432","11,010","8,551",...,121,388,902,795,"22,256","9,584","9,555","5,268","3,445","2,820","1,609","1,732",66,38,44209,
301  ,44210       ,A           ,  ,,1839,,44210,杵築市　　　　,Kitsuki-shi,"27,999","27,502",162,"26,711","2,943","13,487","10,378",...,125,495,851,"1,058","26,853","12,028","11,996","6,235","4,283","3,358","1,936","1,892",62,37,44210,
301  ,44211       ,A           ,  ,,1840,,44211,宇佐市　　　　,Usa-shi,"52,771","51,881",586,"52,745","6,164","26,878","19,292",...,280,896,"1,729","1,692","51,349","21,984","21,886","12,893","6,973","6,562","3,762","3,815",159,73,44211,
301  ,44212       ,A           ,  ,,1841,,44212,豊後大野市　　,Bungoono-shi,"33,695","33,413",209,"32,765","3,364","15,270","14,895",...,101,702,892,"1,150","32,939","13,780","13,720","7,535","4,346","4,481","2,648","2,723",69,26,44212,
301  ,44213       ,A           ,  ,,1842,,44213,由布市　　　　,Yufu-shi,"32,772","32,254",324,"33,580","4,161","17,206","11,195",...,226,529,"1,674","1,466","32,247","13,175","13,109","7,574","4,136","3,604","2,050","1,797",126,55,44213,
301  ,44214       ,A           ,  ,,1843,,44214,国東市　　　　,Kunisaki-shi,"26,232","25,802",238,"25,756","2,325","12,383","11,309",...,104,568,834,"1,633","27,360","11,913","11,876","6,207","4,406","3,690","2,231","2,194",78,25,44214,
301  ,44322       ,A           ,  ,,1844,,44322,姫島村　　　　,Himeshima-mura,"1,725","1,722",3,"1,757",133,650,942,...,1,39,30,48,"1,647",832,828,467,273,309,211,199,3,1,44322,
301  ,44341       ,A           ,  ,,1845,,44341,日出町　　　　,Hiji-machi,"27,723","27,417",121,"28,020","3,803","15,187","8,510",...,163,366,"1,118","1,026","24,018","11,072","11,041","6,902","3,115","2,937","1,627","1,389",87,31,44341,
301  ,44461       ,A           ,  ,,1846,,44461,九重町　　　　,Kokonoe-machi,"8,541","8,452",86,"8,523",897,"3,782","3,857",...,30,183,218,272,"8,278","3,329","3,312","1,729",949,"1,097",623,592,17,12,44461,
301  ,44462       ,A           ,  ,,1847,,44462,玖珠町　　　　,Kusu-machi,"14,386","14,232",100,"14,063","1,606","7,159","5,527",...,83,272,497,616,"14,092","5,808","5,774","3,173","1,770","1,762",954,932,53,21,44462,
301  ,45000       ,A           ,  ,,1848,,45   ,宮崎県　　　,Miyazaki-ken,"1,069,576","1,047,871","6,474","1,058,710","139,773","568,255","344,543","509,617","7,136","16,111","33,771","34,882","1,068,793","470,055","468,575","267,348","167,776","119,840","69,461","70,639","3,805","1,759",45   ,
301  ,45201       ,A           ,  ,,1849,,45201,宮崎市　　　　,Miyazaki-shi,"401,339","387,494","2,109","397,406","53,799","224,620","110,618","277,345","2,913","4,779","12,235","12,419","406,619","184,237","183,782","100,644","72,749","39,983","23,405","22,817","1,572",664,45201,
301  ,45202       ,A           ,  ,,1850,,45202,都城市　　　　,Miyakonojo-shi,"160,640","158,140","1,396","161,515","22,179","86,299","50,665","69,037","1,167","2,514","6,358","5,545","166,384","71,092","70,860","41,696","25,443","17,993","10,770","11,440",642,274,45202,
301  ,45203       ,A           ,  ,,1851,,45203,延岡市　　　　,Nobeoka-shi,"118,394","116,548",445,"115,847","14,483","61,670","40,712","78,838",756,"2,006","2,999","3,351","119,936","51,566","51,424","28,487","18,328","13,746","7,519","8,257",470,184,45203,
301  ,45204       ,A           ,  ,,1852,,45204,日南市　　　　,Nichinan-shi,"50,848","50,413",401,"49,037","5,974","25,172","19,600","12,282",272,971,"1,285","1,590","50,347","22,071","21,960","12,806","7,396","6,543","3,877","4,095",140,100,45204,
301  ,45205       ,A           ,  ,,1853,,45205,小林市　　　　,Kobayashi-shi,"43,670","43,060",487,"42,944","5,409","21,866","16,228","7,287",239,724,"1,310","1,388","43,763","19,162","19,074","11,158","6,625","5,446","3,352","3,494",132,70,45205,
301  ,45206       ,A           ,  ,,1854,,45206,日向市　　　　,Hyuga-shi,"59,629","58,997",348,"58,687","8,052","31,701","19,265","39,762",380,885,"1,761","1,876","59,389","25,111","25,009","14,580","8,165","6,628","3,535","3,806",216,95,45206,
301  ,45207       ,A           ,  ,,1855,,45207,串間市　　　　,Kushima-shi,"16,822","16,649",73,"16,517","1,934","7,565","7,193",...,85,371,439,601,"16,362","7,225","7,196","4,154","2,423","2,289","1,439","1,516",40,24,45207,
301  ,45208       ,A           ,  ,,1856,,45208,西都市　　　　,Saito-shi,"28,610","28,251",88,"28,503","3,287","14,167","10,826","6,583",153,557,799,844,"28,343","11,783","11,744","6,944","3,619","3,558","1,952","2,104",83,42,45208,
301  ,45209       ,A           ,  ,,1857,,45209,えびの市　　　,Ebino-shi,"17,638","17,490",133,"17,525","1,924","8,188","7,471",...,70,404,637,930,"17,846","8,050","8,027","4,632","2,827","2,668","1,593","1,795",34,32,45209,
301  ,45341       ,A           ,  ,,1858,,45341,三股町　　　　,Mimata-cho,"25,591","25,388",153,"25,878","4,410","13,875","7,248",...,210,314,994,927,"20,825","10,203","10,178","6,984","2,707","2,600","1,592","1,453",72,38,45341,
301  ,45361       ,A           ,  ,,1859,,45361,高原町　　　　,Takaharu-cho,"8,639","8,571",20,"8,590",932,"4,050","3,609",...,46,178,177,256,"7,797","3,763","3,750","2,284","1,159","1,288",801,788,16,18,45361,
301  ,45382       ,A           ,  ,,1860,,45382,国富町　　　　,Kunitomi-cho,"18,398","18,268",130,"18,405","2,106","9,411","6,854",...,107,300,547,606,"17,184","7,494","7,450","4,822","2,046","2,450","1,444","1,277",44,30,45382,
301  ,45383       ,A           ,  ,,1861,,45383,綾町　　　　　,Aya-cho,"6,934","6,917",17,"6,941",974,"3,406","2,554",...,48,109,221,235,"6,288","2,857","2,851","1,899",744,950,547,482,12,11,45383,
301  ,45401       ,A           ,  ,,1862,,45401,高鍋町　　　　,Takanabe-cho,"19,922","19,829",58,"19,498","2,614","10,717","6,500","9,653",121,274,836,860,"20,226","8,685","8,653","4,951","3,022","2,313","1,339","1,322",61,41,45401,
301  ,45402       ,A           ,  ,,1863,,45402,新富町　　　　,Shintomi-cho,"16,564","16,406",154,"16,718","2,212","9,093","5,255",...,123,230,822,824,"15,133","6,430","6,396","4,057","1,727","1,873","1,020",853,68,21,45402,
301  ,45403       ,A           ,  ,,1864,,45403,西米良村　　　,Nishimera-son,"1,000",999,1,"1,021",136,427,437,...,6,30,51,71,"1,072",502,501,257,218,141,97,123,3,1,45403,
301  ,45404       ,A           ,  ,,1865,,45404,木城町　　　　,Kijo-cho,"4,895","4,889",6,"4,817",761,"2,312","1,822",...,28,92,139,162,"4,208","1,886","1,874","1,178",500,605,326,351,10,10,45404,
301  ,45405       ,A           ,  ,,1866,,45405,川南町　　　　,Kawaminami-cho,"15,194","14,948",237,"14,930","1,946","7,807","5,428",...,93,255,526,474,"15,323","6,036","6,010","3,504","1,826","1,773",960,941,32,27,45405,
301  ,45406       ,A           ,  ,,1867,,45406,都農町　　　　,Tsuno-cho,"9,906","9,844",61,"10,148","1,246","4,816","3,838",...,73,182,325,338,"9,079","3,960","3,952","2,334","1,099","1,292",696,698,32,19,45406,
301  ,45421       ,A           ,  ,,1868,,45421,門川町　　　　,Kadogawa-cho,"17,379","17,276",95,"17,238","2,367","9,045","5,946","8,830",110,280,533,513,"15,320","6,874","6,849","4,263","1,847","2,027","1,128","1,054",69,30,45421,
301  ,45429       ,A           ,  ,,1869,,45429,諸塚村　　　　,Morotsuka-son,"1,486","1,484",2,"1,458",150,657,678,...,6,34,51,62,"1,530",628,627,341,177,209,131,98,1,2,45429,
301  ,45430       ,A           ,  ,,1870,,45430,椎葉村　　　　,Shiiba-son,"2,503","2,499",4,"2,502",298,"1,063","1,142",...,16,55,69,107,"2,572","1,057","1,054",547,325,352,184,184,6,1,45430,
301  ,45431       ,A           ,  ,,1871,,45431,美郷町　　　　,Misato-cho,"4,826","4,814",12,"4,677",422,"1,915","2,489",...,21,135,149,175,"4,803","2,137","2,130","1,191",692,800,479,490,9,3,45431,
301  ,45441       ,A           ,  ,,1872,,45441,高千穂町　　　,Takachiho-cho,"11,642","11,602",32,"11,038","1,326","5,286","5,017",...,51,265,296,412,"11,721","4,519","4,507","2,284","1,344","1,427",774,745,26,12,45441,
301  ,45442       ,A           ,  ,,1873,,45442,日之影町　　　,Hinokage-cho,"3,635","3,632",3,"3,485",378,"1,600","1,657",...,23,99,73,122,"3,478","1,493","1,489",755,456,490,276,272,7,8,45442,
301  ,45443       ,A           ,  ,,1874,,45443,五ヶ瀬町　　　,Gokase-cho,"3,472","3,463",9,"3,385",454,"1,527","1,491",...,19,68,139,194,"3,245","1,234","1,228",596,312,396,225,184,8,2,45443,
301  ,46000       ,A           ,  ,,1875,,46   ,鹿児島県　　,Kagoshima-ken,"1,588,256","1,545,763","10,037","1,576,361","205,381","832,194","505,891","660,703","10,540","23,925","57,264","60,016","1,586,642","728,179","725,855","406,396","282,664","181,316","108,442","119,020","5,619","2,455",46   ,
301  ,46201       ,A           ,  ,,1876,,46201,鹿児島市　　　,Kagoshima-shi,"593,128","563,096","2,432","595,042","75,680","321,038","158,804","478,507","4,425","7,145","18,979","19,213","599,331","279,644","279,011","146,894","117,959","59,119","34,589","35,464","2,380",936,46201,
301  ,46203       ,A           ,  ,,1877,,46203,鹿屋市　　　　,Kanoya-shi,"101,096","99,258",541,"99,654","15,134","54,584","29,928","25,656",790,"1,448","4,157","4,605","101,738","46,139","45,969","26,406","17,662","10,798","6,710","7,235",402,177,46203,
301  ,46204       ,A           ,  ,,1878,,46204,枕崎市　　　　,Makurazaki-shi,"20,033","19,631",373,"19,235","2,031","9,758","8,192","8,087",73,369,508,679,"19,870","9,455","9,428","5,446","3,588","2,961","1,819","2,099",40,30,46204,
301  ,46206       ,A           ,  ,,1879,,46206,阿久根市　　　,Akune-shi,"19,270","19,140",108,"18,538","1,967","9,177","8,050",...,91,419,587,636,"19,390","8,617","8,581","5,074","2,951","2,766","1,653","1,855",60,26,46206,
301  ,46208       ,A           ,  ,,1880,,46208,出水市　　　　,Izumi-shi,"51,994","50,854",763,"51,783","6,822","27,139","17,372",...,303,771,"1,704","1,756","51,609","22,796","22,737","13,505","7,895","6,182","3,676","3,928",167,89,46208,
301  ,46210       ,A           ,  ,,1881,,46210,指宿市　　　　,Ibusuki-shi,"39,011","38,589",337,"37,920","4,554","18,928","15,411","5,479",176,703,"1,089","1,318","38,794","17,790","17,730","10,313","6,556","5,417","3,338","3,703",89,68,46210,
301  ,46213       ,A           ,  ,,1882,,46213,西之表市　　　,Nishinoomote-shi,"14,708","14,630",77,"14,296","1,820","7,284","5,598",...,65,263,861,811,"14,597","7,046","7,017","3,922","2,778","2,020","1,172","1,522",39,16,46213,
301  ,46214       ,A           ,  ,,1883,,46214,垂水市　　　　,Tarumizu-shi,"13,819","13,552",264,"13,258","1,270","6,482","5,898",...,52,299,399,505,"13,452","6,560","6,545","3,653","2,482","2,136","1,221","1,422",31,7,46214,
301  ,46215       ,A           ,  ,,1884,,46215,薩摩川内市　　,Satsumasendai-shi,"92,403","91,176",472,"91,542","12,750","49,189","29,697","21,215",640,"1,325","3,303","3,529","93,828","40,995","40,842","23,571","15,178","10,360","6,117","6,889",392,160,46215,
301  ,46216       ,A           ,  ,,1885,,46216,日置市　　　　,Hioki-shi,"47,153","46,801",315,"46,642","6,134","24,323","16,626","5,176",284,778,"1,827","1,706","44,839","19,415","19,328","12,395","5,822","5,854","3,489","3,452",127,56,46216,
301  ,46217       ,A           ,  ,,1886,,46217,曽於市　　　　,So-shi,"33,310","32,919",362,"32,948","3,654","15,819","13,797",...,153,674,918,"1,035","32,215","15,325","15,266","9,095","5,430","4,886","3,046","3,461",70,34,46217,
301  ,46218       ,A           ,  ,,1887,,46218,霧島市　　　　,Kirishima-shi,"123,135","120,880",655,"123,979","17,537","69,521","33,905","49,490",941,"1,462","5,259","5,275","124,105","55,586","55,442","31,795","21,273","12,210","7,489","8,033",507,227,46218,
301  ,46219       ,A           ,  ,,1888,,46219,いちき串木野市,Ichikikushikino-shi,"27,490","27,268",206,"26,147","3,165","14,107","10,172","11,437",138,392,805,840,"27,150","11,974","11,920","7,319","3,990","3,785","2,141","2,287",54,27,46219,
301  ,46220       ,A           ,  ,,1889,,46220,南さつま市　　,Minamisatsuma-shi,"32,887","32,645",217,"31,720","3,656","15,698","13,016",...,153,633,"1,143","1,199","33,358","14,444","14,373","8,393","5,160","4,533","2,736","3,039",75,30,46220,
301  ,46221       ,A           ,  ,,1890,,46221,志布志市　　　,Shibushi-shi,"29,329","28,832",328,"29,193","4,016","14,579","10,513",...,179,538,"1,030","1,292","30,507","13,241","13,188","7,741","4,802","3,703","2,363","2,518",96,47,46221,
301  ,46222       ,A           ,  ,,1891,,46222,奄美市　　　　,Amami-shi,"41,390","41,234",102,"40,965","5,685","22,168","13,441","12,662",294,737,"2,064","2,358","41,609","19,648","19,586","10,297","8,237","4,563","2,560","3,709",158,74,46222,
301  ,46223       ,A           ,  ,,1892,,46223,南九州市　　　,Minamikyusyu-shi,"33,080","32,705",369,"32,079","3,684","16,138","13,247",...,145,695,954,"1,077","33,337","14,485","14,386","8,700","4,861","4,648","2,838","2,981",70,25,46223,
301  ,46224       ,A           ,  ,,1893,,46224,伊佐市　　　　,Isa-shi,"24,453","24,304",120,"23,345","2,754","11,490","10,166",...,119,523,668,872,"24,272","11,394","11,350","6,413","4,328","3,393","2,138","2,624",71,28,46224,
301  ,46225       ,A           ,  ,,1894,,46225,姶良市　　　　,Aira-shi,"76,348","75,733",351,"78,218","10,978","40,949","23,946","42,994",585,"1,088","3,596","3,130","70,249","32,850","32,747","20,613","10,594","8,847","5,472","4,992",304,142,46225,
301  ,46303       ,A           ,  ,,1895,,46303,三島村　　　　,Mishima-mura,405,402,3,364,95,203,107,...,1,4,69,68,406,218,218,81,129,30,20,50,1,0,46303,
301  ,46304       ,A           ,  ,,1896,,46304,十島村　　　　,Toshima-mura,740,731,9,666,143,393,204,...,2,3,117,101,748,426,369,149,209,55,32,101,3,1,46304,
301  ,46392       ,A           ,  ,,1897,,46392,さつま町　　　,Satsuma-cho,"20,243","19,827",403,"19,157","2,199","9,553","8,447",...,72,478,639,699,"20,857","9,231","9,190","5,118","3,486","2,787","1,677","2,032",42,13,46392,
301  ,46404       ,A           ,  ,,1898,,46404,長島町　　　　,Nagashima-cho,"9,705","9,627",78,"9,643","1,384","4,768","3,545",...,75,186,251,293,"9,106","3,981","3,972","2,437","1,149","1,229",724,738,30,17,46404,
301  ,46452       ,A           ,  ,,1899,,46452,湧水町　　　　,Yusui-cho,"9,119","9,031",88,"8,463",890,"4,201","4,026",...,36,195,276,366,"8,905","4,102","4,084","2,387","1,494","1,335",868,945,21,13,46452,
301  ,46468       ,A           ,  ,,1900,,46468,大崎町　　　　,Osaki-cho,"12,385","12,082",303,"12,142","1,417","6,082","4,869",...,56,226,440,666,"11,882","5,906","5,894","3,359","2,317","1,747","1,130","1,355",27,16,46468,
301  ,46482       ,A           ,  ,,1901,,46482,東串良町　　　,Higashikushira-cho,"6,237","6,110",126,"6,453",878,"3,066","2,287",...,36,140,273,221,"5,885","2,772","2,757","1,651",996,789,468,597,15,11,46482,
301  ,46490       ,A           ,  ,,1902,,46490,錦江町　　　　,Kinko-cho,"6,944","6,875",69,"6,399",699,"3,011","3,233",...,26,199,189,263,"6,827","3,175","3,167","1,800","1,172","1,074",650,771,15,2,46490,
301  ,46491       ,A           ,  ,,1903,,46491,南大隅町　　　,Minamiosumi-cho,"6,481","6,458",23,"6,163",583,"2,701","3,197",...,21,194,172,225,"6,458","3,153","3,130","1,697","1,244","1,071",668,883,9,8,46491,
301  ,46492       ,A           ,  ,,1904,,46492,肝付町　　　　,Kimotsuki-cho,"14,227","14,159",68,"13,944","1,654","6,687","5,886",...,69,332,453,524,"13,608","6,393","6,364","3,775","2,279","2,049","1,225","1,551",31,27,46492,
301  ,46501       ,A           ,  ,,1905,,46501,中種子町　　　,Nakatane-cho,"7,539","7,519",19,"7,301",951,"3,618","2,967",...,46,159,318,394,"7,549","3,596","3,574","2,092","1,354","1,053",682,817,22,19,46501,
301  ,46502       ,A           ,  ,,1906,,46502,南種子町　　　,Minamitane-cho,"5,445","5,432",13,"5,288",725,"2,751","1,963",...,33,110,320,321,"5,570","2,673","2,668","1,498","1,063",718,452,549,15,10,46502,
301  ,46505       ,A           ,  ,,1907,,46505,屋久島町　　　,Yakushima-cho,"11,858","11,754",101,"11,591","1,607","5,926","4,315",...,48,177,641,596,"11,899","5,847","5,836","3,026","2,469","1,486",926,"1,168",36,22,46505,
301  ,46523       ,A           ,  ,,1908,,46523,大和村　　　　,Yamato-son,"1,364","1,363",1,"1,413",141,636,586,...,4,42,84,56,"1,243",688,685,359,291,202,114,158,4,0,46523,
301  ,46524       ,A           ,  ,,1909,,46524,宇検村　　　　,Uken-son,"1,621","1,617",4,"1,624",203,718,700,...,6,36,93,94,"1,672",805,799,427,338,237,150,201,4,3,46524,
301  ,46525       ,A           ,  ,,1910,,46525,瀬戸内町　　　,Setouchi-cho,"8,546","8,510",14,"8,294","1,043","4,227","3,251",...,52,155,503,527,"8,649","4,270","4,233","2,042","2,003",982,548,"1,096",37,10,46525,
301  ,46527       ,A           ,  ,,1911,,46527,龍郷町　　　　,Tatsugo-cho,"5,817","5,798",17,"5,994",918,"2,990","1,906",...,40,131,371,333,"5,626","2,561","2,554","1,463",953,665,364,454,18,10,46527,
301  ,46529       ,A           ,  ,,1912,,46529,喜界町　　　　,Kikai-cho,"6,629","6,590",38,"6,410",824,"3,118","2,663",...,30,124,272,307,"6,626","3,258","3,252","1,693","1,375",902,569,767,19,10,46529,
301  ,46530       ,A           ,  ,,1913,,46530,徳之島町　　　,Tokunoshima-cho,"10,147","10,105",41,"10,067","1,533","5,246","3,368",...,96,220,536,645,"10,576","4,714","4,696","2,530","1,937","1,112",606,962,41,22,46530,
301  ,46531       ,A           ,  ,,1914,,46531,天城町　　　　,Amagi-cho,"5,517","5,487",30,"5,544",769,"2,701","2,047",...,35,132,259,244,"5,469","2,521","2,514","1,423",946,691,378,570,14,8,46531,
301  ,46532       ,A           ,  ,,1915,,46532,伊仙町　　　　,Isen-cho,"6,139","6,115",24,"6,202",985,"2,831","2,323",...,35,112,283,331,"5,726","2,783","2,776","1,603","1,033",817,461,633,24,11,46532,
301  ,46533       ,A           ,  ,,1916,,46533,和泊町　　　　,Wadomari-cho,"6,246","6,138",108,"6,150",904,"3,075","2,267",...,49,99,319,375,"6,091","2,883","2,876","1,537","1,123",761,436,531,21,7,46533,
301  ,46534       ,A           ,  ,,1917,,46534,知名町　　　　,China-cho,"5,750","5,683",53,"5,509",798,"2,745","2,163",...,35,114,278,318,"5,901","2,659","2,647","1,466","1,041",738,431,531,13,8,46534,
301  ,46535       ,A           ,  ,,1918,,46535,与論町　　　　,Yoron-cho,"5,115","5,103",12,"5,076",747,"2,576","1,792",...,31,95,257,213,"5,113","2,160","2,154","1,238",717,605,296,347,25,8,46535,
301  ,47000       ,A           ,  ,,1919,,47   ,沖縄県　　　,Okinawa-ken,"1,467,480","1,424,749","18,157","1,485,669","243,246","871,154","324,708","1,023,230","13,594","15,054","72,521","73,011","1,467,261","614,708","613,294","338,232","229,602","115,472","50,578","68,601","6,546","3,087",47   ,
301  ,47201       ,A           ,  ,,1920,,47201,那覇市　　　　,Naha-shi,"317,625","304,596","4,575","315,485","46,166","189,536","72,287","316,580","2,401","3,532","14,405","16,021","347,019","144,355","144,011","72,286","62,298","25,826","10,999","17,779","1,375",575,47201,
301  ,47205       ,A           ,  ,,1921,,47205,宜野湾市　　　,Ginowan-shi,"100,125","94,625","1,572","100,322","16,651","60,492","18,925","98,886","1,029",826,"4,765","5,005","95,322","44,163","44,113","23,148","18,087","7,107","3,049","4,038",547,244,47205,
301  ,47207       ,A           ,  ,,1922,,47207,石垣市　　　　,Ishigaki-shi,"47,637","46,604",473,"50,191","8,162","28,172","10,482","32,253",490,495,"3,944","3,290","47,677","22,033","22,006","11,124","9,365","3,796","2,007","2,377",266,124,47207,
301  ,47208       ,A           ,  ,,1923,,47208,浦添市　　　　,Urasoe-shi,"115,690","113,147","1,135","115,545","19,722","71,286","23,180","113,204","1,149",936,"4,872","5,685","118,263","47,331","47,249","27,425","16,256","8,412","3,798","4,743",546,213,47208,
301  ,47209       ,A           ,  ,,1924,,47209,名護市　　　　,Nago-shi,"63,554","61,504",529,"64,554","10,536","37,252","13,901","32,173",621,626,"3,275","3,111","66,316","28,453","28,362","14,009","12,581","4,855","2,320","3,076",287,121,47209,
301  ,47210       ,A           ,  ,,1925,,47210,糸満市　　　　,Itoman-shi,"61,007","59,864",803,"62,607","10,960","36,069","13,522","37,403",621,630,"3,168","3,220","57,010","23,272","23,205","13,980","7,339","4,746","1,901","2,510",203,137,47210,
301  ,47211       ,A           ,  ,,1926,,47211,沖縄市　　　　,Okinawa-shi,"142,752","136,475","1,993","142,283","23,829","85,673","28,854","133,572","1,444","1,384","5,681","6,029","138,249","60,570","60,453","32,730","23,663","10,055","4,197","6,743",643,351,47211,
301  ,47212       ,A           ,  ,,1927,,47212,豊見城市　　　,Tomigusuku-shi,"64,612","63,684",367,"66,101","12,526","38,759","12,729","45,688",715,548,"3,362","3,374","59,862","24,580","24,537","15,722","7,149","4,773","2,175","1,962",306,121,47212,
301  ,47213       ,A           ,  ,,1928,,47213,うるま市　　　,Uruma-shi,"125,303","123,914","1,357","126,515","21,184","75,679","28,050","62,071","1,166","1,217","5,061","4,394","121,909","48,163","48,067","27,886","15,398","9,467","3,610","5,676",519,276,47213,
301  ,47214       ,A           ,  ,,1929,,47214,宮古島市　　　,Miyakojima-shi,"52,931","51,750",464,"55,724","8,402","29,513","14,079","19,723",475,753,"3,733","3,319","53,104","24,235","24,174","12,771","9,867","5,019","2,696","3,208",226,149,47214,
301  ,47215       ,A           ,  ,,1930,,47215,南城市　　　　,Nanjo-shi,"44,043","43,646",257,"46,458","7,734","24,757","11,409",...,399,551,"2,348","1,719","37,333","15,895","15,842","10,345","4,003","4,074","1,833","1,803",168,95,47215,
301  ,47301       ,A           ,  ,,1931,,47301,国頭村　　　　,Kunigami-son,"4,517","4,485",32,"4,512",587,"2,380","1,550",...,21,74,252,193,"4,310","1,976","1,971","1,046",742,522,235,373,15,11,47301,
301  ,47302       ,A           ,  ,,1932,,47302,大宜味村　　　,Ogimi-son,"3,092","3,068",23,"2,987",351,"1,594","1,146",...,14,70,114,133,"3,035","1,308","1,295",661,497,355,149,290,7,6,47302,
301  ,47303       ,A           ,  ,,1933,,47303,東村　　　　　,Higashi-son,"1,598","1,587",11,"1,733",198,813,587,...,12,28,93,87,"1,602",725,721,387,279,211,101,147,6,1,47303,
301  ,47306       ,A           ,  ,,1934,,47306,今帰仁村　　　,Nakijin-son,"8,894","8,848",44,"9,286","1,335","4,538","3,019",...,56,162,414,413,"8,287","3,541","3,519","2,141","1,067",999,497,619,23,17,47306,
301  ,47308       ,A           ,  ,,1935,,47308,本部町　　　　,Motobu-cho,"12,530","12,348",133,"12,970","1,796","6,547","4,107",...,87,178,667,642,"12,994","5,351","5,325","2,822","2,054","1,360",658,895,39,21,47308,
301  ,47311       ,A           ,  ,,1936,,47311,恩納村　　　　,Onna-son,"10,869","10,121",743,"11,262","1,585","6,663","2,621",...,57,116,872,"1,013","13,522","4,735","4,726","2,247","2,014",869,347,507,54,27,47311,
301  ,47313       ,A           ,  ,,1937,,47313,宜野座村　　　,Ginoza-son,"5,833","5,789",43,"6,339","1,157","3,179","1,491",...,59,80,305,288,"5,356","2,239","2,233","1,371",703,490,252,301,39,16,47313,
301  ,47314       ,A           ,  ,,1938,,47314,金武町　　　　,Kin-cho,"10,806","10,701",100,"11,452","1,874","5,920","3,006",...,89,151,533,485,"10,654","4,657","4,638","2,406","1,978",917,459,894,70,28,47314,
301  ,47315       ,A           ,  ,,1939,,47315,伊江村　　　　,Ie-son,"4,118","4,092",26,"4,295",623,"2,071","1,424",...,22,71,137,169,"4,088","1,900","1,899","1,066",684,508,282,343,15,7,47315,
301  ,47324       ,A           ,  ,,1940,,47324,読谷村　　　　,Yomitan-son,"41,206","40,338",736,"42,060","7,073","24,950","9,050","18,882",379,434,"1,741","1,673","35,866","15,672","15,643","9,732","4,446","3,373","1,402","1,593",180,82,47324,
301  ,47325       ,A           ,  ,,1941,,47325,嘉手納町　　　,Kadena-cho,"13,521","13,354",97,"13,039","2,307","7,862","3,273","12,951",116,133,468,494,"14,790","5,220","5,215","3,024","1,687","1,105",383,721,77,32,47325,
301  ,47326       ,A           ,  ,,1942,,47326,北谷町　　　　,Chatan-cho,"28,201","26,731",787,"29,093","4,780","16,975","5,765","20,441",266,227,"1,724","1,666","29,482","11,697","11,684","6,592","4,205","2,154",857,"1,113",167,63,47326,
301  ,47327       ,A           ,  ,,1943,,47327,北中城村　　　,Kitanakagusuku-son,"17,969","17,453",383,"17,933","2,973","10,528","4,294",...,163,177,902,899,"18,248","6,558","6,546","4,020","1,802","1,376",568,602,80,36,47327,
301  ,47328       ,A           ,  ,,1944,,47328,中城村　　　　,Nakagusuku-son,"22,157","21,274",329,"22,616","3,865","13,021","4,113","9,309",239,187,"1,381","1,221","19,518","8,851","8,836","4,751","3,188","1,436",568,626,99,42,47328,
301  ,47329       ,A           ,  ,,1945,,47329,西原町　　　　,Nishihara-cho,"34,984","34,058",507,"35,656","5,637","21,351","7,514","10,956",294,329,"1,789","1,881","40,034","13,610","13,534","8,273","4,283","2,985","1,321","1,157",122,69,47329,
301  ,47348       ,A           ,  ,,1946,,47348,与那原町　　　,Yonabaru-cho,"19,695","19,282",109,"19,930","3,750","11,665","3,902","16,931",191,194,"1,040","1,147","17,939","7,949","7,932","4,696","2,677","1,441",622,816,99,32,47348,
301  ,47350       ,A           ,  ,,1947,,47350,南風原町　　　,Haebaru-cho,"40,440","39,978",221,"40,800","8,161","24,111","7,862","31,965",506,316,"1,993","1,984","37,900","14,679","14,640","9,648","3,958","2,845","1,268","1,115",187,80,47350,
301  ,47353       ,A           ,  ,,1948,,47353,渡嘉敷村　　　,Tokashiki-son,718,712,6,675,138,434,146,...,9,6,83,98,721,389,389,154,213,48,31,43,2,1,47353,
301  ,47354       ,A           ,  ,,1949,,47354,座間味村　　　,Zamami-son,892,877,15,870,160,545,187,...,4,12,94,119,913,501,500,182,298,54,29,78,8,6,47354,
301  ,47355       ,A           ,  ,,1950,,47355,粟国村　　　　,Aguni-son,683,681,2,664,82,346,248,...,5,18,72,63,682,378,377,145,211,71,36,91,2,0,47355,
301  ,47356       ,A           ,  ,,1951,,47356,渡名喜村　　　,Tonaki-son,346,344,2,300,29,174,143,...,1,8,22,29,341,224,224,70,150,42,27,63,0,2,47356,
301  ,47357       ,A           ,  ,,1952,,47357,南大東村　　　,Minamidaito-son,"1,285","1,254",31,"1,224",202,767,316,...,9,21,102,92,"1,297",680,677,263,363,107,58,96,5,5,47357,
301  ,47358       ,A           ,  ,,1953,,47358,北大東村　　　,Kitadaito-son,590,585,5,557,98,365,127,...,2,2,60,79,605,326,326,115,196,37,19,46,5,1,47358,
301  ,47359       ,A           ,  ,,1954,,47359,伊平屋村　　　,Iheya-son,"1,126","1,118",8,"1,190",195,598,333,...,13,13,96,108,"1,129",518,516,272,205,125,62,76,2,1,47359,
301  ,47360       ,A           ,  ,,1955,,47360,伊是名村　　　,Izena-son,"1,322","1,299",23,"1,274",207,707,408,...,14,19,51,65,"1,328",637,634,290,299,139,69,122,2,0,47360,
301  ,47361       ,A           ,  ,,1956,,47361,久米島町　　　,Kumejima-cho,"7,192","7,152",35,"7,279","1,075","3,965","2,145",...,49,119,364,449,"7,204","3,338","3,332","1,664","1,400",751,365,546,25,15,47361,
301  ,47362       ,A           ,  ,,1957,,47362,八重瀬町　　　,Yaese-cho,"30,941","30,805",129,"32,881","5,977","17,990","6,925","10,242",337,342,"1,565","1,310","26,591","10,680","10,641","7,338","2,320","2,489","1,040",974,102,66,47362,
301  ,47375       ,A           ,  ,,1958,,47375,多良間村　　　,Tarama-son,"1,058","1,047",11,"1,059",150,585,323,...,9,14,60,68,"1,030",466,466,260,175,127,71,72,2,2,47375,
301  ,47381       ,A           ,  ,,1959,,47381,竹富町　　　　,Taketomi-cho,"3,942","3,898",26,"4,249",707,"2,308",905,...,46,42,666,716,"4,048","2,093","2,089",833,"1,150",295,153,279,20,9,47381,
301  ,47382       ,A           ,  ,,1960,,47382,与那国町　　　,Yonaguni-cho,"1,676","1,661",15,"1,699",302,"1,014",360,...,15,13,247,260,"1,683",760,747,337,352,111,64,88,6,3,47382,
,,,,,,,,,,,,,,,,,,,,,,,,,,,,,,,,,
,,,,,,,,,,,,,,,,,,,,,,,,,,,,,,,,,
,,,,,,,,,,,,,,,,,,,,,,,,,,,,,,,,,
,,,,,,,,,,,,,,,,,,,,,,,,,,,,,,,,,
,,,,,,,,,,,,,,,,,,,,,,,,,,,,,,,,,
,,,,,,,,,,,,,,,,,,,,,,,,,,,,,,,,,
,,,,,,,,,,,,,,,,,,,,,,,,,,,,,,,,,
,,,,,,,,,,,,,,,,,,,,,,,,,,,,,,,,,
,,,,,,,,,,,,,,,,,,,,,,,,,,,,,,,,,
,,,,,,,,,,,,,,,,,,,,,,,,,,,,,,,,,
,,,,,,,,,,,,,,,,,,,,,,,,,,,,,,,,,
,,,,,,,,,,,,,,,,,,,,,,,,,,,,,,,,,
,,,,,,,,,,,,,,,,,,,,,,,,,,,,,,,,,
,,,,,,,,,,,,,,,,,,,,,,,,,,,,,,,,,
,,,,,,,,,,,,,,,,,,,,,,,,,,,,,,,,,
,,,,,,,,,,,,,,,,,,,,,,,,,,,,,,,,,
,,,,,,,,,,,,,,,,,,,,,,,,,,,,,,,,,
,,,,,,,,,,,,,,,,,,,,,,,,,,,,,,,,,
,,,,,,,,,,,,,,,,,,,,,,,,,,,,,,,,,
,,,,,,,,,,,,,,,,,,,,,,,,,,,,,,,,,
,,,,,,,,,,,,,,,,,,,,,,,,,,,,,,,,,
,,,,,,,,,,,,,,,,,,,,,,,,,,,,,,,,,
,,,,,,,,,,,,,,,,,,,,,,,,,,,,,,,,,
,,,,,,,,,,,,,,,,,,,,,,,,,,,,,,,,,
,,,,,,,,,,,,,,,,,,,,,,,,,,,,,,,,,
,,,,,,,,,,,,,,,,,,,,,,,,,,,,,,,,,
,,,,,,,,,,,,,,,,,,,,,,,,,,,,,,,,,
,,,,,,,,,,,,,,,,,,,,,,,,,,,,,,,,,
,,,,,,,,,,,,,,,,,,,,,,,,,,,,,,,,,
,,,,,,,,,,,,,,,,,,,,,,,,,,,,,,,,,
,,,,,,,,,,,,,,,,,,,,,,,,,,,,,,,,,
,,,,,,,,,,,,,,,,,,,,,,,,,,,,,,,,,
,,,,,,,,,,,,,,,,,,,,,,,,,,,,,,,,,
,,,,,,,,,,,,,,,,,,,,,,,,,,,,,,,,,
,,,,,,,,,,,,,,,,,,,,,,,,,,,,,,,,,
,,,,,,,,,,,,,,,,,,,,,,,,,,,,,,,,,
,,,,,,,,,,,,,,,,,,,,,,,,,,,,,,,,,
,,,,,,,,,,,,,,,,,,,,,,,,,,,,,,,,,
,,,,,,,,,,,,,,,,,,,,,,,,,,,,,,,,,
,,,,,,,,,,,,,,,,,,,,,,,,,,,,,,,,,
,,,,,,,,,,,,,,,,,,,,,,,,,,,,,,,,,
,,,,,,,,,,,,,,,,,,,,,,,,,,,,,,,,,
,,,,,,,,,,,,,,,,,,,,,,,,,,,,,,,,,
,,,,,,,,,,,,,,,,,,,,,,,,,,,,,,,,,
,,,,,,,,,,,,,,,,,,,,,,,,,,,,,,,,,
,,,,,,,,,,,,,,,,,,,,,,,,,,,,,,,,,
,,,,,,,,,,,,,,,,,,,,,,,,,,,,,,,,,
,,,,,,,,,,,,,,,,,,,,,,,,,,,,,,,,,
,,,,,,,,,,,,,,,,,,,,,,,,,,,,,,,,,
,,,,,,,,,,,,,,,,,,,,,,,,,,,,,,,,,
,,,,,,,,,,,,,,,,,,,,,,,,,,,,,,,,,
,,,,,,,,,,,,,,,,,,,,,,,,,,,,,,,,,
,,,,,,,,,,,,,,,,,,,,,,,,,,,,,,,,,
,,,,,,,,,,,,,,,,,,,,,,,,,,,,,,,,,
,,,,,,,,,,,,,,,,,,,,,,,,,,,,,,,,,
,,,,,,,,,,,,,,,,,,,,,,,,,,,,,,,,,
,,,,,,,,,,,,,,,,,,,,,,,,,,,,,,,,,
,,,,,,,,,,,,,,,,,,,,,,,,,,,,,,,,,
,,,,,,,,,,,,,,,,,,,,,,,,,,,,,,,,,
,,,,,,,,,,,,,,,,,,,,,,,,,,,,,,,,,
,,,,,,,,,,,,,,,,,,,,,,,,,,,,,,,,,
,,,,,,,,,,,,,,,,,,,,,,,,,,,,,,,,,
,,,,,,,,,,,,,,,,,,,,,,,,,,,,,,,,,
,,,,,,,,,,,,,,,,,,,,,,,,,,,,,,,,,
,,,,,,,,,,,,,,,,,,,,,,,,,,,,,,,,,
,,,,,,,,,,,,,,,,,,,,,,,,,,,,,,,,,
,,,,,,,,,,,,,,,,,,,,,,,,,,,,,,,,,
,,,,,,,,,,,,,,,,,,,,,,,,,,,,,,,,,
,,,,,,,,,,,,,,,,,,,,,,,,,,,,,,,,,
,,,,,,,,,,,,,,,,,,,,,,,,,,,,,,,,,
,,,,,,,,,,,,,,,,,,,,,,,,,,,,,,,,,
,,,,,,,,,,,,,,,,,,,,,,,,,,,,,,,,,
,,,,,,,,,,,,,,,,,,,,,,,,,,,,,,,,,
,,,,,,,,,,,,,,,,,,,,,,,,,,,,,,,,,
,,,,,,,,,,,,,,,,,,,,,,,,,,,,,,,,,
,,,,,,,,,,,,,,,,,,,,,,,,,,,,,,,,,
,,,,,,,,,,,,,,,,,,,,,,,,,,,,,,,,,
,,,,,,,,,,,,,,,,,,,,,,,,,,,,,,,,,
,,,,,,,,,,,,,,,,,,,,,,,,,,,,,,,,,
,,,,,,,,,,,,,,,,,,,,,,,,,,,,,,,,,
,,,,,,,,,,,,,,,,,,,,,,,,,,,,,,,,,
,,,,,,,,,,,,,,,,,,,,,,,,,,,,,,,,,
,,,,,,,,,,,,,,,,,,,,,,,,,,,,,,,,,
,,,,,,,,,,,,,,,,,,,,,,,,,,,,,,,,,
,,,,,,,,,,,,,,,,,,,,,,,,,,,,,,,,,
,,,,,,,,,,,,,,,,,,,,,,,,,,,,,,,,,
,,,,,,,,,,,,,,,,,,,,,,,,,,,,,,,,,
,,,,,,,,,,,,,,,,,,,,,,,,,,,,,,,,,
,,,,,,,,,,,,,,,,,,,,,,,,,,,,,,,,,
,,,,,,,,,,,,,,,,,,,,,,,,,,,,,,,,,
,,,,,,,,,,,,,,,,,,,,,,,,,,,,,,,,,
,,,,,,,,,,,,,,,,,,,,,,,,,,,,,,,,,
,,,,,,,,,,,,,,,,,,,,,,,,,,,,,,,,,
,,,,,,,,,,,,,,,,,,,,,,,,,,,,,,,,,
,,,,,,,,,,,,,,,,,,,,,,,,,,,,,,,,,
,,,,,,,,,,,,,,,,,,,,,,,,,,,,,,,,,
,,,,,,,,,,,,,,,,,,,,,,,,,,,,,,,,,
,,,,,,,,,,,,,,,,,,,,,,,,,,,,,,,,,
,,,,,,,,,,,,,,,,,,,,,,,,,,,,,,,,,
,,,,,,,,,,,,,,,,,,,,,,,,,,,,,,,,,
,,,,,,,,,,,,,,,,,,,,,,,,,,,,,,,,,
,,,,,,,,,,,,,,,,,,,,,,,,,,,,,,,,,
,,,,,,,,,,,,,,,,,,,,,,,,,,,,,,,,,
,,,,,,,,,,,,,,,,,,,,,,,,,,,,,,,,,
,,,,,,,,,,,,,,,,,,,,,,,,,,,,,,,,,
,,,,,,,,,,,,,,,,,,,,,,,,,,,,,,,,,
,,,,,,,,,,,,,,,,,,,,,,,,,,,,,,,,,
,,,,,,,,,,,,,,,,,,,,,,,,,,,,,,,,,
,,,,,,,,,,,,,,,,,,,,,,,,,,,,,,,,,
,,,,,,,,,,,,,,,,,,,,,,,,,,,,,,,,,
,,,,,,,,,,,,,,,,,,,,,,,,,,,,,,,,,
,,,,,,,,,,,,,,,,,,,,,,,,,,,,,,,,,
,,,,,,,,,,,,,,,,,,,,,,,,,,,,,,,,,
,,,,,,,,,,,,,,,,,,,,,,,,,,,,,,,,,
,,,,,,,,,,,,,,,,,,,,,,,,,,,,,,,,,
,,,,,,,,,,,,,,,,,,,,,,,,,,,,,,,,,
,,,,,,,,,,,,,,,,,,,,,,,,,,,,,,,,,
,,,,,,,,,,,,,,,,,,,,,,,,,,,,,,,,,
,,,,,,,,,,,,,,,,,,,,,,,,,,,,,,,,,
,,,,,,,,,,,,,,,,,,,,,,,,,,,,,,,,,
,,,,,,,,,,,,,,,,,,,,,,,,,,,,,,,,,
,,,,,,,,,,,,,,,,,,,,,,,,,,,,,,,,,
,,,,,,,,,,,,,,,,,,,,,,,,,,,,,,,,,
,,,,,,,,,,,,,,,,,,,,,,,,,,,,,,,,,
,,,,,,,,,,,,,,,,,,,,,,,,,,,,,,,,,
,,,,,,,,,,,,,,,,,,,,,,,,,,,,,,,,,
,,,,,,,,,,,,,,,,,,,,,,,,,,,,,,,,,
,,,,,,,,,,,,,,,,,,,,,,,,,,,,,,,,,
,,,,,,,,,,,,,,,,,,,,,,,,,,,,,,,,,
,,,,,,,,,,,,,,,,,,,,,,,,,,,,,,,,,
,,,,,,,,,,,,,,,,,,,,,,,,,,,,,,,,,
,,,,,,,,,,,,,,,,,,,,,,,,,,,,,,,,,
,,,,,,,,,,,,,,,,,,,,,,,,,,,,,,,,,
,,,,,,,,,,,,,,,,,,,,,,,,,,,,,,,,,
,,,,,,,,,,,,,,,,,,,,,,,,,,,,,,,,,
,,,,,,,,,,,,,,,,,,,,,,,,,,,,,,,,,
,,,,,,,,,,,,,,,,,,,,,,,,,,,,,,,,,
,,,,,,,,,,,,,,,,,,,,,,,,,,,,,,,,,
,,,,,,,,,,,,,,,,,,,,,,,,,,,,,,,,,
,,,,,,,,,,,,,,,,,,,,,,,,,,,,,,,,,
,,,,,,,,,,,,,,,,,,,,,,,,,,,,,,,,,
,,,,,,,,,,,,,,,,,,,,,,,,,,,,,,,,,
,,,,,,,,,,,,,,,,,,,,,,,,,,,,,,,,,
,,,,,,,,,,,,,,,,,,,,,,,,,,,,,,,,,
,,,,,,,,,,,,,,,,,,,,,,,,,,,,,,,,,
,,,,,,,,,,,,,,,,,,,,,,,,,,,,,,,,,
,,,,,,,,,,,,,,,,,,,,,,,,,,,,,,,,,
,,,,,,,,,,,,,,,,,,,,,,,,,,,,,,,,,
,,,,,,,,,,,,,,,,,,,,,,,,,,,,,,,,,
,,,,,,,,,,,,,,,,,,,,,,,,,,,,,,,,,
,,,,,,,,,,,,,,,,,,,,,,,,,,,,,,,,,
,,,,,,,,,,,,,,,,,,,,,,,,,,,,,,,,,
,,,,,,,,,,,,,,,,,,,,,,,,,,,,,,,,,
,,,,,,,,,,,,,,,,,,,,,,,,,,,,,,,,,
,,,,,,,,,,,,,,,,,,,,,,,,,,,,,,,,,
,,,,,,,,,,,,,,,,,,,,,,,,,,,,,,,,,
,,,,,,,,,,,,,,,,,,,,,,,,,,,,,,,,,
,,,,,,,,,,,,,,,,,,,,,,,,,,,,,,,,,
,,,,,,,,,,,,,,,,,,,,,,,,,,,,,,,,,
,,,,,,,,,,,,,,,,,,,,,,,,,,,,,,,,,
,,,,,,,,,,,,,,,,,,,,,,,,,,,,,,,,,
,,,,,,,,,,,,,,,,,,,,,,,,,,,,,,,,,
,,,,,,,,,,,,,,,,,,,,,,,,,,,,,,,,,
,,,,,,,,,,,,,,,,,,,,,,,,,,,,,,,,,
,,,,,,,,,,,,,,,,,,,,,,,,,,,,,,,,,
,,,,,,,,,,,,,,,,,,,,,,,,,,,,,,,,,
,,,,,,,,,,,,,,,,,,,,,,,,,,,,,,,,,
,,,,,,,,,,,,,,,,,,,,,,,,,,,,,,,,,
,,,,,,,,,,,,,,,,,,,,,,,,,,,,,,,,,
,,,,,,,,,,,,,,,,,,,,,,,,,,,,,,,,,
,,,,,,,,,,,,,,,,,,,,,,,,,,,,,,,,,
,,,,,,,,,,,,,,,,,,,,,,,,,,,,,,,,,
,,,,,,,,,,,,,,,,,,,,,,,,,,,,,,,,,
,,,,,,,,,,,,,,,,,,,,,,,,,,,,,,,,,
,,,,,,,,,,,,,,,,,,,,,,,,,,,,,,,,,
,,,,,,,,,,,,,,,,,,,,,,,,,,,,,,,,,
,,,,,,,,,,,,,,,,,,,,,,,,,,,,,,,,,
,,,,,,,,,,,,,,,,,,,,,,,,,,,,,,,,,
,,,,,,,,,,,,,,,,,,,,,,,,,,,,,,,,,
,,,,,,,,,,,,,,,,,,,,,,,,,,,,,,,,,
,,,,,,,,,,,,,,,,,,,,,,,,,,,,,,,,,
,,,,,,,,,,,,,,,,,,,,,,,,,,,,,,,,,
,,,,,,,,,,,,,,,,,,,,,,,,,,,,,,,,,
,,,,,,,,,,,,,,,,,,,,,,,,,,,,,,,,,
,,,,,,,,,,,,,,,,,,,,,,,,,,,,,,,,,
,,,,,,,,,,,,,,,,,,,,,,,,,,,,,,,,,
,,,,,,,,,,,,,,,,,,,,,,,,,,,,,,,,,
,,,,,,,,,,,,,,,,,,,,,,,,,,,,,,,,,
,,,,,,,,,,,,,,,,,,,,,,,,,,,,,,,,,
,,,,,,,,,,,,,,,,,,,,,,,,,,,,,,,,,
,,,,,,,,,,,,,,,,,,,,,,,,,,,,,,,,,
,,,,,,,,,,,,,,,,,,,,,,,,,,,,,,,,,
,,,,,,,,,,,,,,,,,,,,,,,,,,,,,,,,,
,,,,,,,,,,,,,,,,,,,,,,,,,,,,,,,,,
,,,,,,,,,,,,,,,,,,,,,,,,,,,,,,,,,
,,,,,,,,,,,,,,,,,,,,,,,,,,,,,,,,,
,,,,,,,,,,,,,,,,,,,,,,,,,,,,,,,,,
,,,,,,,,,,,,,,,,,,,,,,,,,,,,,,,,,
,,,,,,,,,,,,,,,,,,,,,,,,,,,,,,,,,
,,,,,,,,,,,,,,,,,,,,,,,,,,,,,,,,,
,,,,,,,,,,,,,,,,,,,,,,,,,,,,,,,,,
,,,,,,,,,,,,,,,,,,,,,,,,,,,,,,,,,
,,,,,,,,,,,,,,,,,,,,,,,,,,,,,,,,,
,,,,,,,,,,,,,,,,,,,,,,,,,,,,,,,,,
,,,,,,,,,,,,,,,,,,,,,,,,,,,,,,,,,
,,,,,,,,,,,,,,,,,,,,,,,,,,,,,,,,,
,,,,,,,,,,,,,,,,,,,,,,,,,,,,,,,,,
,,,,,,,,,,,,,,,,,,,,,,,,,,,,,,,,,
,,,,,,,,,,,,,,,,,,,,,,,,,,,,,,,,,
,,,,,,,,,,,,,,,,,,,,,,,,,,,,,,,,,
,,,,,,,,,,,,,,,,,,,,,,,,,,,,,,,,,
,,,,,,,,,,,,,,,,,,,,,,,,,,,,,,,,,
,,,,,,,,,,,,,,,,,,,,,,,,,,,,,,,,,
,,,,,,,,,,,,,,,,,,,,,,,,,,,,,,,,,
,,,,,,,,,,,,,,,,,,,,,,,,,,,,,,,,,
,,,,,,,,,,,,,,,,,,,,,,,,,,,,,,,,,
,,,,,,,,,,,,,,,,,,,,,,,,,,,,,,,,,
,,,,,,,,,,,,,,,,,,,,,,,,,,,,,,,,,
,,,,,,,,,,,,,,,,,,,,,,,,,,,,,,,,,
,,,,,,,,,,,,,,,,,,,,,,,,,,,,,,,,,
,,,,,,,,,,,,,,,,,,,,,,,,,,,,,,,,,
,,,,,,,,,,,,,,,,,,,,,,,,,,,,,,,,,
,,,,,,,,,,,,,,,,,,,,,,,,,,,,,,,,,
,,,,,,,,,,,,,,,,,,,,,,,,,,,,,,,,,
,,,,,,,,,,,,,,,,,,,,,,,,,,,,,,,,,
,,,,,,,,,,,,,,,,,,,,,,,,,,,,,,,,,
,,,,,,,,,,,,,,,,,,,,,,,,,,,,,,,,,
,,,,,,,,,,,,,,,,,,,,,,,,,,,,,,,,,
,,,,,,,,,,,,,,,,,,,,,,,,,,,,,,,,,
,,,,,,,,,,,,,,,,,,,,,,,,,,,,,,,,,
,,,,,,,,,,,,,,,,,,,,,,,,,,,,,,,,,
,,,,,,,,,,,,,,,,,,,,,,,,,,,,,,,,,
,,,,,,,,,,,,,,,,,,,,,,,,,,,,,,,,,
,,,,,,,,,,,,,,,,,,,,,,,,,,,,,,,,,
,,,,,,,,,,,,,,,,,,,,,,,,,,,,,,,,,
,,,,,,,,,,,,,,,,,,,,,,,,,,,,,,,,,
,,,,,,,,,,,,,,,,,,,,,,,,,,,,,,,,,
,,,,,,,,,,,,,,,,,,,,,,,,,,,,,,,,,
,,,,,,,,,,,,,,,,,,,,,,,,,,,,,,,,,
,,,,,,,,,,,,,,,,,,,,,,,,,,,,,,,,,
,,,,,,,,,,,,,,,,,,,,,,,,,,,,,,,,,
,,,,,,,,,,,,,,,,,,,,,,,,,,,,,,,,,
,,,,,,,,,,,,,,,,,,,,,,,,,,,,,,,,,
,,,,,,,,,,,,,,,,,,,,,,,,,,,,,,,,,
,,,,,,,,,,,,,,,,,,,,,,,,,,,,,,,,,
,,,,,,,,,,,,,,,,,,,,,,,,,,,,,,,,,
,,,,,,,,,,,,,,,,,,,,,,,,,,,,,,,,,
,,,,,,,,,,,,,,,,,,,,,,,,,,,,,,,,,
,,,,,,,,,,,,,,,,,,,,,,,,,,,,,,,,,
,,,,,,,,,,,,,,,,,,,,,,,,,,,,,,,,,
,,,,,,,,,,,,,,,,,,,,,,,,,,,,,,,,,
,,,,,,,,,,,,,,,,,,,,,,,,,,,,,,,,,
,,,,,,,,,,,,,,,,,,,,,,,,,,,,,,,,,
,,,,,,,,,,,,,,,,,,,,,,,,,,,,,,,,,
,,,,,,,,,,,,,,,,,,,,,,,,,,,,,,,,,
,,,,,,,,,,,,,,,,,,,,,,,,,,,,,,,,,
,,,,,,,,,,,,,,,,,,,,,,,,,,,,,,,,,
,,,,,,,,,,,,,,,,,,,,,,,,,,,,,,,,,
,,,,,,,,,,,,,,,,,,,,,,,,,,,,,,,,,
,,,,,,,,,,,,,,,,,,,,,,,,,,,,,,,,,
,,,,,,,,,,,,,,,,,,,,,,,,,,,,,,,,,
,,,,,,,,,,,,,,,,,,,,,,,,,,,,,,,,,
,,,,,,,,,,,,,,,,,,,,,,,,,,,,,,,,,
,,,,,,,,,,,,,,,,,,,,,,,,,,,,,,,,,
,,,,,,,,,,,,,,,,,,,,,,,,,,,,,,,,,
,,,,,,,,,,,,,,,,,,,,,,,,,,,,,,,,,
,,,,,,,,,,,,,,,,,,,,,,,,,,,,,,,,,
,,,,,,,,,,,,,,,,,,,,,,,,,,,,,,,,,
,,,,,,,,,,,,,,,,,,,,,,,,,,,,,,,,,
,,,,,,,,,,,,,,,,,,,,,,,,,,,,,,,,,
,,,,,,,,,,,,,,,,,,,,,,,,,,,,,,,,,
,,,,,,,,,,,,,,,,,,,,,,,,,,,,,,,,,
,,,,,,,,,,,,,,,,,,,,,,,,,,,,,,,,,
,,,,,,,,,,,,,,,,,,,,,,,,,,,,,,,,,
,,,,,,,,,,,,,,,,,,,,,,,,,,,,,,,,,
,,,,,,,,,,,,,,,,,,,,,,,,,,,,,,,,,
,,,,,,,,,,,,,,,,,,,,,,,,,,,,,,,,,
,,,,,,,,,,,,,,,,,,,,,,,,,,,,,,,,,
,,,,,,,,,,,,,,,,,,,,,,,,,,,,,,,,,
,,,,,,,,,,,,,,,,,,,,,,,,,,,,,,,,,
,,,,,,,,,,,,,,,,,,,,,,,,,,,,,,,,,
,,,,,,,,,,,,,,,,,,,,,,,,,,,,,,,,,
,,,,,,,,,,,,,,,,,,,,,,,,,,,,,,,,,
,,,,,,,,,,,,,,,,,,,,,,,,,,,,,,,,,
,,,,,,,,,,,,,,,,,,,,,,,,,,,,,,,,,
,,,,,,,,,,,,,,,,,,,,,,,,,,,,,,,,,
,,,,,,,,,,,,,,,,,,,,,,,,,,,,,,,,,
,,,,,,,,,,,,,,,,,,,,,,,,,,,,,,,,,
,,,,,,,,,,,,,,,,,,,,,,,,,,,,,,,,,
,,,,,,,,,,,,,,,,,,,,,,,,,,,,,,,,,
,,,,,,,,,,,,,,,,,,,,,,,,,,,,,,,,,
,,,,,,,,,,,,,,,,,,,,,,,,,,,,,,,,,
,,,,,,,,,,,,,,,,,,,,,,,,,,,,,,,,,
,,,,,,,,,,,,,,,,,,,,,,,,,,,,,,,,,
,,,,,,,,,,,,,,,,,,,,,,,,,,,,,,,,,
,,,,,,,,,,,,,,,,,,,,,,,,,,,,,,,,,
,,,,,,,,,,,,,,,,,,,,,,,,,,,,,,,,,
,,,,,,,,,,,,,,,,,,,,,,,,,,,,,,,,,
,,,,,,,,,,,,,,,,,,,,,,,,,,,,,,,,,
,,,,,,,,,,,,,,,,,,,,,,,,,,,,,,,,,
,,,,,,,,,,,,,,,,,,,,,,,,,,,,,,,,,
,,,,,,,,,,,,,,,,,,,,,,,,,,,,,,,,,
,,,,,,,,,,,,,,,,,,,,,,,,,,,,,,,,,
,,,,,,,,,,,,,,,,,,,,,,,,,,,,,,,,,
,,,,,,,,,,,,,,,,,,,,,,,,,,,,,,,,,
,,,,,,,,,,,,,,,,,,,,,,,,,,,,,,,,,
,,,,,,,,,,,,,,,,,,,,,,,,,,,,,,,,,
,,,,,,,,,,,,,,,,,,,,,,,,,,,,,,,,,
,,,,,,,,,,,,,,,,,,,,,,,,,,,,,,,,,
,,,,,,,,,,,,,,,,,,,,,,,,,,,,,,,,,
,,,,,,,,,,,,,,,,,,,,,,,,,,,,,,,,,
,,,,,,,,,,,,,,,,,,,,,,,,,,,,,,,,,
,,,,,,,,,,,,,,,,,,,,,,,,,,,,,,,,,
,,,,,,,,,,,,,,,,,,,,,,,,,,,,,,,,,
,,,,,,,,,,,,,,,,,,,,,,,,,,,,,,,,,
,,,,,,,,,,,,,,,,,,,,,,,,,,,,,,,,,
,,,,,,,,,,,,,,,,,,,,,,,,,,,,,,,,,
,,,,,,,,,,,,,,,,,,,,,,,,,,,,,,,,,
,,,,,,,,,,,,,,,,,,,,,,,,,,,,,,,,,
,,,,,,,,,,,,,,,,,,,,,,,,,,,,,,,,,
,,,,,,,,,,,,,,,,,,,,,,,,,,,,,,,,,
,,,,,,,,,,,,,,,,,,,,,,,,,,,,,,,,,
,,,,,,,,,,,,,,,,,,,,,,,,,,,,,,,,,
,,,,,,,,,,,,,,,,,,,,,,,,,,,,,,,,,
,,,,,,,,,,,,,,,,,,,,,,,,,,,,,,,,,
,,,,,,,,,,,,,,,,,,,,,,,,,,,,,,,,,
,,,,,,,,,,,,,,,,,,,,,,,,,,,,,,,,,
,,,,,,,,,,,,,,,,,,,,,,,,,,,,,,,,,
,,,,,,,,,,,,,,,,,,,,,,,,,,,,,,,,,
,,,,,,,,,,,,,,,,,,,,,,,,,,,,,,,,,
,,,,,,,,,,,,,,,,,,,,,,,,,,,,,,,,,
,,,,,,,,,,,,,,,,,,,,,,,,,,,,,,,,,
,,,,,,,,,,,,,,,,,,,,,,,,,,,,,,,,,
,,,,,,,,,,,,,,,,,,,,,,,,,,,,,,,,,
,,,,,,,,,,,,,,,,,,,,,,,,,,,,,,,,,
,,,,,,,,,,,,,,,,,,,,,,,,,,,,,,,,,
,,,,,,,,,,,,,,,,,,,,,,,,,,,,,,,,,
,,,,,,,,,,,,,,,,,,,,,,,,,,,,,,,,,
,,,,,,,,,,,,,,,,,,,,,,,,,,,,,,,,,
,,,,,,,,,,,,,,,,,,,,,,,,,,,,,,,,,
,,,,,,,,,,,,,,,,,,,,,,,,,,,,,,,,,
,,,,,,,,,,,,,,,,,,,,,,,,,,,,,,,,,
,,,,,,,,,,,,,,,,,,,,,,,,,,,,,,,,,
,,,,,,,,,,,,,,,,,,,,,,,,,,,,,,,,,
,,,,,,,,,,,,,,,,,,,,,,,,,,,,,,,,,
,,,,,,,,,,,,,,,,,,,,,,,,,,,,,,,,,
,,,,,,,,,,,,,,,,,,,,,,,,,,,,,,,,,
,,,,,,,,,,,,,,,,,,,,,,,,,,,,,,,,,
,,,,,,,,,,,,,,,,,,,,,,,,,,,,,,,,,
,,,,,,,,,,,,,,,,,,,,,,,,,,,,,,,,,
,,,,,,,,,,,,,,,,,,,,,,,,,,,,,,,,,
,,,,,,,,,,,,,,,,,,,,,,,,,,,,,,,,,
,,,,,,,,,,,,,,,,,,,,,,,,,,,,,,,,,
,,,,,,,,,,,,,,,,,,,,,,,,,,,,,,,,,
,,,,,,,,,,,,,,,,,,,,,,,,,,,,,,,,,
,,,,,,,,,,,,,,,,,,,,,,,,,,,,,,,,,
,,,,,,,,,,,,,,,,,,,,,,,,,,,,,,,,,
,,,,,,,,,,,,,,,,,,,,,,,,,,,,,,,,,
,,,,,,,,,,,,,,,,,,,,,,,,,,,,,,,,,
,,,,,,,,,,,,,,,,,,,,,,,,,,,,,,,,,
,,,,,,,,,,,,,,,,,,,,,,,,,,,,,,,,,
,,,,,,,,,,,,,,,,,,,,,,,,,,,,,,,,,
,,,,,,,,,,,,,,,,,,,,,,,,,,,,,,,,,
,,,,,,,,,,,,,,,,,,,,,,,,,,,,,,,,,
,,,,,,,,,,,,,,,,,,,,,,,,,,,,,,,,,
,,,,,,,,,,,,,,,,,,,,,,,,,,,,,,,,,
,,,,,,,,,,,,,,,,,,,,,,,,,,,,,,,,,
,,,,,,,,,,,,,,,,,,,,,,,,,,,,,,,,,
,,,,,,,,,,,,,,,,,,,,,,,,,,,,,,,,,
,,,,,,,,,,,,,,,,,,,,,,,,,,,,,,,,,
,,,,,,,,,,,,,,,,,,,,,,,,,,,,,,,,,
,,,,,,,,,,,,,,,,,,,,,,,,,,,,,,,,,
,,,,,,,,,,,,,,,,,,,,,,,,,,,,,,,,,
,,,,,,,,,,,,,,,,,,,,,,,,,,,,,,,,,
,,,,,,,,,,,,,,,,,,,,,,,,,,,,,,,,,
,,,,,,,,,,,,,,,,,,,,,,,,,,,,,,,,,
,,,,,,,,,,,,,,,,,,,,,,,,,,,,,,,,,
,,,,,,,,,,,,,,,,,,,,,,,,,,,,,,,,,
,,,,,,,,,,,,,,,,,,,,,,,,,,,,,,,,,
,,,,,,,,,,,,,,,,,,,,,,,,,,,,,,,,,
,,,,,,,,,,,,,,,,,,,,,,,,,,,,,,,,,
,,,,,,,,,,,,,,,,,,,,,,,,,,,,,,,,,
,,,,,,,,,,,,,,,,,,,,,,,,,,,,,,,,,
,,,,,,,,,,,,,,,,,,,,,,,,,,,,,,,,,
,,,,,,,,,,,,,,,,,,,,,,,,,,,,,,,,,
,,,,,,,,,,,,,,,,,,,,,,,,,,,,,,,,,
,,,,,,,,,,,,,,,,,,,,,,,,,,,,,,,,,
,,,,,,,,,,,,,,,,,,,,,,,,,,,,,,,,,
,,,,,,,,,,,,,,,,,,,,,,,,,,,,,,,,,
,,,,,,,,,,,,,,,,,,,,,,,,,,,,,,,,,
,,,,,,,,,,,,,,,,,,,,,,,,,,,,,,,,,
,,,,,,,,,,,,,,,,,,,,,,,,,,,,,,,,,
,,,,,,,,,,,,,,,,,,,,,,,,,,,,,,,,,
,,,,,,,,,,,,,,,,,,,,,,,,,,,,,,,,,
,,,,,,,,,,,,,,,,,,,,,,,,,,,,,,,,,
,,,,,,,,,,,,,,,,,,,,,,,,,,,,,,,,,
,,,,,,,,,,,,,,,,,,,,,,,,,,,,,,,,,
,,,,,,,,,,,,,,,,,,,,,,,,,,,,,,,,,
,,,,,,,,,,,,,,,,,,,,,,,,,,,,,,,,,
,,,,,,,,,,,,,,,,,,,,,,,,,,,,,,,,,
,,,,,,,,,,,,,,,,,,,,,,,,,,,,,,,,,
,,,,,,,,,,,,,,,,,,,,,,,,,,,,,,,,,
,,,,,,,,,,,,,,,,,,,,,,,,,,,,,,,,,
,,,,,,,,,,,,,,,,,,,,,,,,,,,,,,,,,
,,,,,,,,,,,,,,,,,,,,,,,,,,,,,,,,,
,,,,,,,,,,,,,,,,,,,,,,,,,,,,,,,,,
,,,,,,,,,,,,,,,,,,,,,,,,,,,,,,,,,
,,,,,,,,,,,,,,,,,,,,,,,,,,,,,,,,,
,,,,,,,,,,,,,,,,,,,,,,,,,,,,,,,,,
,,,,,,,,,,,,,,,,,,,,,,,,,,,,,,,,,
,,,,,,,,,,,,,,,,,,,,,,,,,,,,,,,,,
,,,,,,,,,,,,,,,,,,,,,,,,,,,,,,,,,
,,,,,,,,,,,,,,,,,,,,,,,,,,,,,,,,,
,,,,,,,,,,,,,,,,,,,,,,,,,,,,,,,,,
,,,,,,,,,,,,,,,,,,,,,,,,,,,,,,,,,
,,,,,,,,,,,,,,,,,,,,,,,,,,,,,,,,,
,,,,,,,,,,,,,,,,,,,,,,,,,,,,,,,,,
,,,,,,,,,,,,,,,,,,,,,,,,,,,,,,,,,
,,,,,,,,,,,,,,,,,,,,,,,,,,,,,,,,,
,,,,,,,,,,,,,,,,,,,,,,,,,,,,,,,,,
,,,,,,,,,,,,,,,,,,,,,,,,,,,,,,,,,
,,,,,,,,,,,,,,,,,,,,,,,,,,,,,,,,,
,,,,,,,,,,,,,,,,,,,,,,,,,,,,,,,,,
,,,,,,,,,,,,,,,,,,,,,,,,,,,,,,,,,
,,,,,,,,,,,,,,,,,,,,,,,,,,,,,,,,,
,,,,,,,,,,,,,,,,,,,,,,,,,,,,,,,,,
,,,,,,,,,,,,,,,,,,,,,,,,,,,,,,,,,
,,,,,,,,,,,,,,,,,,,,,,,,,,,,,,,,,
,,,,,,,,,,,,,,,,,,,,,,,,,,,,,,,,,
,,,,,,,,,,,,,,,,,,,,,,,,,,,,,,,,,
,,,,,,,,,,,,,,,,,,,,,,,,,,,,,,,,,
,,,,,,,,,,,,,,,,,,,,,,,,,,,,,,,,,
,,,,,,,,,,,,,,,,,,,,,,,,,,,,,,,,,
,,,,,,,,,,,,,,,,,,,,,,,,,,,,,,,,,
,,,,,,,,,,,,,,,,,,,,,,,,,,,,,,,,,
,,,,,,,,,,,,,,,,,,,,,,,,,,,,,,,,,
,,,,,,,,,,,,,,,,,,,,,,,,,,,,,,,,,
,,,,,,,,,,,,,,,,,,,,,,,,,,,,,,,,,
,,,,,,,,,,,,,,,,,,,,,,,,,,,,,,,,,
,,,,,,,,,,,,,,,,,,,,,,,,,,,,,,,,,
,,,,,,,,,,,,,,,,,,,,,,,,,,,,,,,,,
,,,,,,,,,,,,,,,,,,,,,,,,,,,,,,,,,
,,,,,,,,,,,,,,,,,,,,,,,,,,,,,,,,,
,,,,,,,,,,,,,,,,,,,,,,,,,,,,,,,,,
,,,,,,,,,,,,,,,,,,,,,,,,,,,,,,,,,
,,,,,,,,,,,,,,,,,,,,,,,,,,,,,,,,,
,,,,,,,,,,,,,,,,,,,,,,,,,,,,,,,,,
,,,,,,,,,,,,,,,,,,,,,,,,,,,,,,,,,
,,,,,,,,,,,,,,,,,,,,,,,,,,,,,,,,,
,,,,,,,,,,,,,,,,,,,,,,,,,,,,,,,,,
,,,,,,,,,,,,,,,,,,,,,,,,,,,,,,,,,
,,,,,,,,,,,,,,,,,,,,,,,,,,,,,,,,,
,,,,,,,,,,,,,,,,,,,,,,,,,,,,,,,,,
,,,,,,,,,,,,,,,,,,,,,,,,,,,,,,,,,
,,,,,,,,,,,,,,,,,,,,,,,,,,,,,,,,,
,,,,,,,,,,,,,,,,,,,,,,,,,,,,,,,,,
,,,,,,,,,,,,,,,,,,,,,,,,,,,,,,,,,
,,,,,,,,,,,,,,,,,,,,,,,,,,,,,,,,,
,,,,,,,,,,,,,,,,,,,,,,,,,,,,,,,,,
,,,,,,,,,,,,,,,,,,,,,,,,,,,,,,,,,
,,,,,,,,,,,,,,,,,,,,,,,,,,,,,,,,,
,,,,,,,,,,,,,,,,,,,,,,,,,,,,,,,,,
,,,,,,,,,,,,,,,,,,,,,,,,,,,,,,,,,
,,,,,,,,,,,,,,,,,,,,,,,,,,,,,,,,,
,,,,,,,,,,,,,,,,,,,,,,,,,,,,,,,,,
,,,,,,,,,,,,,,,,,,,,,,,,,,,,,,,,,
,,,,,,,,,,,,,,,,,,,,,,,,,,,,,,,,,
,,,,,,,,,,,,,,,,,,,,,,,,,,,,,,,,,
,,,,,,,,,,,,,,,,,,,,,,,,,,,,,,,,,
,,,,,,,,,,,,,,,,,,,,,,,,,,,,,,,,,
,,,,,,,,,,,,,,,,,,,,,,,,,,,,,,,,,
,,,,,,,,,,,,,,,,,,,,,,,,,,,,,,,,,
,,,,,,,,,,,,,,,,,,,,,,,,,,,,,,,,,
,,,,,,,,,,,,,,,,,,,,,,,,,,,,,,,,,
,,,,,,,,,,,,,,,,,,,,,,,,,,,,,,,,,
,,,,,,,,,,,,,,,,,,,,,,,,,,,,,,,,,
,,,,,,,,,,,,,,,,,,,,,,,,,,,,,,,,,
,,,,,,,,,,,,,,,,,,,,,,,,,,,,,,,,,
,,,,,,,,,,,,,,,,,,,,,,,,,,,,,,,,,
,,,,,,,,,,,,,,,,,,,,,,,,,,,,,,,,,
,,,,,,,,,,,,,,,,,,,,,,,,,,,,,,,,,
,,,,,,,,,,,,,,,,,,,,,,,,,,,,,,,,,
,,,,,,,,,,,,,,,,,,,,,,,,,,,,,,,,,
,,,,,,,,,,,,,,,,,,,,,,,,,,,,,,,,,
,,,,,,,,,,,,,,,,,,,,,,,,,,,,,,,,,
,,,,,,,,,,,,,,,,,,,,,,,,,,,,,,,,,
,,,,,,,,,,,,,,,,,,,,,,,,,,,,,,,,,
,,,,,,,,,,,,,,,,,,,,,,,,,,,,,,,,,
,,,,,,,,,,,,,,,,,,,,,,,,,,,,,,,,,
,,,,,,,,,,,,,,,,,,,,,,,,,,,,,,,,,
,,,,,,,,,,,,,,,,,,,,,,,,,,,,,,,,,
,,,,,,,,,,,,,,,,,,,,,,,,,,,,,,,,,
,,,,,,,,,,,,,,,,,,,,,,,,,,,,,,,,,
,,,,,,,,,,,,,,,,,,,,,,,,,,,,,,,,,
,,,,,,,,,,,,,,,,,,,,,,,,,,,,,,,,,
,,,,,,,,,,,,,,,,,,,,,,,,,,,,,,,,,
,,,,,,,,,,,,,,,,,,,,,,,,,,,,,,,,,
,,,,,,,,,,,,,,,,,,,,,,,,,,,,,,,,,
,,,,,,,,,,,,,,,,,,,,,,,,,,,,,,,,,
,,,,,,,,,,,,,,,,,,,,,,,,,,,,,,,,,
,,,,,,,,,,,,,,,,,,,,,,,,,,,,,,,,,
,,,,,,,,,,,,,,,,,,,,,,,,,,,,,,,,,
,,,,,,,,,,,,,,,,,,,,,,,,,,,,,,,,,
,,,,,,,,,,,,,,,,,,,,,,,,,,,,,,,,,
,,,,,,,,,,,,,,,,,,,,,,,,,,,,,,,,,
,,,,,,,,,,,,,,,,,,,,,,,,,,,,,,,,,
,,,,,,,,,,,,,,,,,,,,,,,,,,,,,,,,,
,,,,,,,,,,,,,,,,,,,,,,,,,,,,,,,,,
,,,,,,,,,,,,,,,,,,,,,,,,,,,,,,,,,
,,,,,,,,,,,,,,,,,,,,,,,,,,,,,,,,,
,,,,,,,,,,,,,,,,,,,,,,,,,,,,,,,,,
,,,,,,,,,,,,,,,,,,,,,,,,,,,,,,,,,
,,,,,,,,,,,,,,,,,,,,,,,,,,,,,,,,,
,,,,,,,,,,,,,,,,,,,,,,,,,,,,,,,,,
,,,,,,,,,,,,,,,,,,,,,,,,,,,,,,,,,
,,,,,,,,,,,,,,,,,,,,,,,,,,,,,,,,,
,,,,,,,,,,,,,,,,,,,,,,,,,,,,,,,,,
,,,,,,,,,,,,,,,,,,,,,,,,,,,,,,,,,
,,,,,,,,,,,,,,,,,,,,,,,,,,,,,,,,,
,,,,,,,,,,,,,,,,,,,,,,,,,,,,,,,,,
,,,,,,,,,,,,,,,,,,,,,,,,,,,,,,,,,
,,,,,,,,,,,,,,,,,,,,,,,,,,,,,,,,,
,,,,,,,,,,,,,,,,,,,,,,,,,,,,,,,,,
,,,,,,,,,,,,,,,,,,,,,,,,,,,,,,,,,
,,,,,,,,,,,,,,,,,,,,,,,,,,,,,,,,,
,,,,,,,,,,,,,,,,,,,,,,,,,,,,,,,,,
,,,,,,,,,,,,,,,,,,,,,,,,,,,,,,,,,
,,,,,,,,,,,,,,,,,,,,,,,,,,,,,,,,,
,,,,,,,,,,,,,,,,,,,,,,,,,,,,,,,,,
,,,,,,,,,,,,,,,,,,,,,,,,,,,,,,,,,
,,,,,,,,,,,,,,,,,,,,,,,,,,,,,,,,,
,,,,,,,,,,,,,,,,,,,,,,,,,,,,,,,,,
,,,,,,,,,,,,,,,,,,,,,,,,,,,,,,,,,
,,,,,,,,,,,,,,,,,,,,,,,,,,,,,,,,,
,,,,,,,,,,,,,,,,,,,,,,,,,,,,,,,,,
,,,,,,,,,,,,,,,,,,,,,,,,,,,,,,,,,
,,,,,,,,,,,,,,,,,,,,,,,,,,,,,,,,,
,,,,,,,,,,,,,,,,,,,,,,,,,,,,,,,,,
,,,,,,,,,,,,,,,,,,,,,,,,,,,,,,,,,
,,,,,,,,,,,,,,,,,,,,,,,,,,,,,,,,,
,,,,,,,,,,,,,,,,,,,,,,,,,,,,,,,,,
,,,,,,,,,,,,,,,,,,,,,,,,,,,,,,,,,
,,,,,,,,,,,,,,,,,,,,,,,,,,,,,,,,,
,,,,,,,,,,,,,,,,,,,,,,,,,,,,,,,,,
,,,,,,,,,,,,,,,,,,,,,,,,,,,,,,,,,
,,,,,,,,,,,,,,,,,,,,,,,,,,,,,,,,,
,,,,,,,,,,,,,,,,,,,,,,,,,,,,,,,,,
,,,,,,,,,,,,,,,,,,,,,,,,,,,,,,,,,
,,,,,,,,,,,,,,,,,,,,,,,,,,,,,,,,,
,,,,,,,,,,,,,,,,,,,,,,,,,,,,,,,,,
,,,,,,,,,,,,,,,,,,,,,,,,,,,,,,,,,
,,,,,,,,,,,,,,,,,,,,,,,,,,,,,,,,,
,,,,,,,,,,,,,,,,,,,,,,,,,,,,,,,,,
,,,,,,,,,,,,,,,,,,,,,,,,,,,,,,,,,
,,,,,,,,,,,,,,,,,,,,,,,,,,,,,,,,,
,,,,,,,,,,,,,,,,,,,,,,,,,,,,,,,,,
,,,,,,,,,,,,,,,,,,,,,,,,,,,,,,,,,
,,,,,,,,,,,,,,,,,,,,,,,,,,,,,,,,,
,,,,,,,,,,,,,,,,,,,,,,,,,,,,,,,,,
,,,,,,,,,,,,,,,,,,,,,,,,,,,,,,,,,
,,,,,,,,,,,,,,,,,,,,,,,,,,,,,,,,,
,,,,,,,,,,,,,,,,,,,,,,,,,,,,,,,,,
,,,,,,,,,,,,,,,,,,,,,,,,,,,,,,,,,
,,,,,,,,,,,,,,,,,,,,,,,,,,,,,,,,,
,,,,,,,,,,,,,,,,,,,,,,,,,,,,,,,,,
,,,,,,,,,,,,,,,,,,,,,,,,,,,,,,,,,
,,,,,,,,,,,,,,,,,,,,,,,,,,,,,,,,,
,,,,,,,,,,,,,,,,,,,,,,,,,,,,,,,,,
,,,,,,,,,,,,,,,,,,,,,,,,,,,,,,,,,
,,,,,,,,,,,,,,,,,,,,,,,,,,,,,,,,,
,,,,,,,,,,,,,,,,,,,,,,,,,,,,,,,,,
,,,,,,,,,,,,,,,,,,,,,,,,,,,,,,,,,
,,,,,,,,,,,,,,,,,,,,,,,,,,,,,,,,,
,,,,,,,,,,,,,,,,,,,,,,,,,,,,,,,,,
,,,,,,,,,,,,,,,,,,,,,,,,,,,,,,,,,
,,,,,,,,,,,,,,,,,,,,,,,,,,,,,,,,,
,,,,,,,,,,,,,,,,,,,,,,,,,,,,,,,,,
,,,,,,,,,,,,,,,,,,,,,,,,,,,,,,,,,
,,,,,,,,,,,,,,,,,,,,,,,,,,,,,,,,,
,,,,,,,,,,,,,,,,,,,,,,,,,,,,,,,,,
,,,,,,,,,,,,,,,,,,,,,,,,,,,,,,,,,
,,,,,,,,,,,,,,,,,,,,,,,,,,,,,,,,,
,,,,,,,,,,,,,,,,,,,,,,,,,,,,,,,,,
,,,,,,,,,,,,,,,,,,,,,,,,,,,,,,,,,
,,,,,,,,,,,,,,,,,,,,,,,,,,,,,,,,,
,,,,,,,,,,,,,,,,,,,,,,,,,,,,,,,,,
,,,,,,,,,,,,,,,,,,,,,,,,,,,,,,,,,
,,,,,,,,,,,,,,,,,,,,,,,,,,,,,,,,,
,,,,,,,,,,,,,,,,,,,,,,,,,,,,,,,,,
,,,,,,,,,,,,,,,,,,,,,,,,,,,,,,,,,
,,,,,,,,,,,,,,,,,,,,,,,,,,,,,,,,,
,,,,,,,,,,,,,,,,,,,,,,,,,,,,,,,,,
,,,,,,,,,,,,,,,,,,,,,,,,,,,,,,,,,
,,,,,,,,,,,,,,,,,,,,,,,,,,,,,,,,,
,,,,,,,,,,,,,,,,,,,,,,,,,,,,,,,,,
,,,,,,,,,,,,,,,,,,,,,,,,,,,,,,,,,
,,,,,,,,,,,,,,,,,,,,,,,,,,,,,,,,,
,,,,,,,,,,,,,,,,,,,,,,,,,,,,,,,,,
,,,,,,,,,,,,,,,,,,,,,,,,,,,,,,,,,
,,,,,,,,,,,,,,,,,,,,,,,,,,,,,,,,,
,,,,,,,,,,,,,,,,,,,,,,,,,,,,,,,,,
,,,,,,,,,,,,,,,,,,,,,,,,,,,,,,,,,
,,,,,,,,,,,,,,,,,,,,,,,,,,,,,,,,,
,,,,,,,,,,,,,,,,,,,,,,,,,,,,,,,,,
,,,,,,,,,,,,,,,,,,,,,,,,,,,,,,,,,
,,,,,,,,,,,,,,,,,,,,,,,,,,,,,,,,,
,,,,,,,,,,,,,,,,,,,,,,,,,,,,,,,,,
,,,,,,,,,,,,,,,,,,,,,,,,,,,,,,,,,
,,,,,,,,,,,,,,,,,,,,,,,,,,,,,,,,,
,,,,,,,,,,,,,,,,,,,,,,,,,,,,,,,,,
,,,,,,,,,,,,,,,,,,,,,,,,,,,,,,,,,
,,,,,,,,,,,,,,,,,,,,,,,,,,,,,,,,,
,,,,,,,,,,,,,,,,,,,,,,,,,,,,,,,,,
,,,,,,,,,,,,,,,,,,,,,,,,,,,,,,,,,
,,,,,,,,,,,,,,,,,,,,,,,,,,,,,,,,,
,,,,,,,,,,,,,,,,,,,,,,,,,,,,,,,,,
,,,,,,,,,,,,,,,,,,,,,,,,,,,,,,,,,
,,,,,,,,,,,,,,,,,,,,,,,,,,,,,,,,,
,,,,,,,,,,,,,,,,,,,,,,,,,,,,,,,,,
,,,,,,,,,,,,,,,,,,,,,,,,,,,,,,,,,
,,,,,,,,,,,,,,,,,,,,,,,,,,,,,,,,,
,,,,,,,,,,,,,,,,,,,,,,,,,,,,,,,,,
,,,,,,,,,,,,,,,,,,,,,,,,,,,,,,,,,
,,,,,,,,,,,,,,,,,,,,,,,,,,,,,,,,,
,,,,,,,,,,,,,,,,,,,,,,,,,,,,,,,,,
,,,,,,,,,,,,,,,,,,,,,,,,,,,,,,,,,
,,,,,,,,,,,,,,,,,,,,,,,,,,,,,,,,,
,,,,,,,,,,,,,,,,,,,,,,,,,,,,,,,,,
,,,,,,,,,,,,,,,,,,,,,,,,,,,,,,,,,
,,,,,,,,,,,,,,,,,,,,,,,,,,,,,,,,,
,,,,,,,,,,,,,,,,,,,,,,,,,,,,,,,,,
,,,,,,,,,,,,,,,,,,,,,,,,,,,,,,,,,
,,,,,,,,,,,,,,,,,,,,,,,,,,,,,,,,,
,,,,,,,,,,,,,,,,,,,,,,,,,,,,,,,,,
,,,,,,,,,,,,,,,,,,,,,,,,,,,,,,,,,
,,,,,,,,,,,,,,,,,,,,,,,,,,,,,,,,,
,,,,,,,,,,,,,,,,,,,,,,,,,,,,,,,,,
,,,,,,,,,,,,,,,,,,,,,,,,,,,,,,,,,
,,,,,,,,,,,,,,,,,,,,,,,,,,,,,,,,,
,,,,,,,,,,,,,,,,,,,,,,,,,,,,,,,,,
,,,,,,,,,,,,,,,,,,,,,,,,,,,,,,,,,
,,,,,,,,,,,,,,,,,,,,,,,,,,,,,,,,,
,,,,,,,,,,,,,,,,,,,,,,,,,,,,,,,,,
,,,,,,,,,,,,,,,,,,,,,,,,,,,,,,,,,
,,,,,,,,,,,,,,,,,,,,,,,,,,,,,,,,,
,,,,,,,,,,,,,,,,,,,,,,,,,,,,,,,,,
,,,,,,,,,,,,,,,,,,,,,,,,,,,,,,,,,
,,,,,,,,,,,,,,,,,,,,,,,,,,,,,,,,,
,,,,,,,,,,,,,,,,,,,,,,,,,,,,,,,,,
,,,,,,,,,,,,,,,,,,,,,,,,,,,,,,,,,
,,,,,,,,,,,,,,,,,,,,,,,,,,,,,,,,,
,,,,,,,,,,,,,,,,,,,,,,,,,,,,,,,,,
,,,,,,,,,,,,,,,,,,,,,,,,,,,,,,,,,
,,,,,,,,,,,,,,,,,,,,,,,,,,,,,,,,,
,,,,,,,,,,,,,,,,,,,,,,,,,,,,,,,,,
,,,,,,,,,,,,,,,,,,,,,,,,,,,,,,,,,
,,,,,,,,,,,,,,,,,,,,,,,,,,,,,,,,,
,,,,,,,,,,,,,,,,,,,,,,,,,,,,,,,,,
,,,,,,,,,,,,,,,,,,,,,,,,,,,,,,,,,
,,,,,,,,,,,,,,,,,,,,,,,,,,,,,,,,,
,,,,,,,,,,,,,,,,,,,,,,,,,,,,,,,,,
,,,,,,,,,,,,,,,,,,,,,,,,,,,,,,,,,
,,,,,,,,,,,,,,,,,,,,,,,,,,,,,,,,,
,,,,,,,,,,,,,,,,,,,,,,,,,,,,,,,,,
,,,,,,,,,,,,,,,,,,,,,,,,,,,,,,,,,
,,,,,,,,,,,,,,,,,,,,,,,,,,,,,,,,,
,,,,,,,,,,,,,,,,,,,,,,,,,,,,,,,,,
,,,,,,,,,,,,,,,,,,,,,,,,,,,,,,,,,
,,,,,,,,,,,,,,,,,,,,,,,,,,,,,,,,,
,,,,,,,,,,,,,,,,,,,,,,,,,,,,,,,,,
,,,,,,,,,,,,,,,,,,,,,,,,,,,,,,,,,
,,,,,,,,,,,,,,,,,,,,,,,,,,,,,,,,,
,,,,,,,,,,,,,,,,,,,,,,,,,,,,,,,,,
,,,,,,,,,,,,,,,,,,,,,,,,,,,,,,,,,
,,,,,,,,,,,,,,,,,,,,,,,,,,,,,,,,,
,,,,,,,,,,,,,,,,,,,,,,,,,,,,,,,,,
,,,,,,,,,,,,,,,,,,,,,,,,,,,,,,,,,
,,,,,,,,,,,,,,,,,,,,,,,,,,,,,,,,,
,,,,,,,,,,,,,,,,,,,,,,,,,,,,,,,,,
,,,,,,,,,,,,,,,,,,,,,,,,,,,,,,,,,
,,,,,,,,,,,,,,,,,,,,,,,,,,,,,,,,,
,,,,,,,,,,,,,,,,,,,,,,,,,,,,,,,,,
,,,,,,,,,,,,,,,,,,,,,,,,,,,,,,,,,
,,,,,,,,,,,,,,,,,,,,,,,,,,,,,,,,,
,,,,,,,,,,,,,,,,,,,,,,,,,,,,,,,,,
,,,,,,,,,,,,,,,,,,,,,,,,,,,,,,,,,
,,,,,,,,,,,,,,,,,,,,,,,,,,,,,,,,,
,,,,,,,,,,,,,,,,,,,,,,,,,,,,,,,,,
,,,,,,,,,,,,,,,,,,,,,,,,,,,,,,,,,
,,,,,,,,,,,,,,,,,,,,,,,,,,,,,,,,,
,,,,,,,,,,,,,,,,,,,,,,,,,,,,,,,,,
,,,,,,,,,,,,,,,,,,,,,,,,,,,,,,,,,
,,,,,,,,,,,,,,,,,,,,,,,,,,,,,,,,,
,,,,,,,,,,,,,,,,,,,,,,,,,,,,,,,,,
,,,,,,,,,,,,,,,,,,,,,,,,,,,,,,,,,
,,,,,,,,,,,,,,,,,,,,,,,,,,,,,,,,,
,,,,,,,,,,,,,,,,,,,,,,,,,,,,,,,,,
,,,,,,,,,,,,,,,,,,,,,,,,,,,,,,,,,
,,,,,,,,,,,,,,,,,,,,,,,,,,,,,,,,,
,,,,,,,,,,,,,,,,,,,,,,,,,,,,,,,,,
,,,,,,,,,,,,,,,,,,,,,,,,,,,,,,,,,
,,,,,,,,,,,,,,,,,,,,,,,,,,,,,,,,,
,,,,,,,,,,,,,,,,,,,,,,,,,,,,,,,,,
,,,,,,,,,,,,,,,,,,,,,,,,,,,,,,,,,
,,,,,,,,,,,,,,,,,,,,,,,,,,,,,,,,,
,,,,,,,,,,,,,,,,,,,,,,,,,,,,,,,,,
,,,,,,,,,,,,,,,,,,,,,,,,,,,,,,,,,
,,,,,,,,,,,,,,,,,,,,,,,,,,,,,,,,,
,,,,,,,,,,,,,,,,,,,,,,,,,,,,,,,,,
,,,,,,,,,,,,,,,,,,,,,,,,,,,,,,,,,
,,,,,,,,,,,,,,,,,,,,,,,,,,,,,,,,,
,,,,,,,,,,,,,,,,,,,,,,,,,,,,,,,,,
,,,,,,,,,,,,,,,,,,,,,,,,,,,,,,,,,
,,,,,,,,,,,,,,,,,,,,,,,,,,,,,,,,,
,,,,,,,,,,,,,,,,,,,,,,,,,,,,,,,,,
,,,,,,,,,,,,,,,,,,,,,,,,,,,,,,,,,
,,,,,,,,,,,,,,,,,,,,,,,,,,,,,,,,,
,,,,,,,,,,,,,,,,,,,,,,,,,,,,,,,,,
,,,,,,,,,,,,,,,,,,,,,,,,,,,,,,,,,
,,,,,,,,,,,,,,,,,,,,,,,,,,,,,,,,,
,,,,,,,,,,,,,,,,,,,,,,,,,,,,,,,,,
,,,,,,,,,,,,,,,,,,,,,,,,,,,,,,,,,
,,,,,,,,,,,,,,,,,,,,,,,,,,,,,,,,,
,,,,,,,,,,,,,,,,,,,,,,,,,,,,,,,,,
,,,,,,,,,,,,,,,,,,,,,,,,,,,,,,,,,
,,,,,,,,,,,,,,,,,,,,,,,,,,,,,,,,,
,,,,,,,,,,,,,,,,,,,,,,,,,,,,,,,,,
,,,,,,,,,,,,,,,,,,,,,,,,,,,,,,,,,
,,,,,,,,,,,,,,,,,,,,,,,,,,,,,,,,,
,,,,,,,,,,,,,,,,,,,,,,,,,,,,,,,,,
,,,,,,,,,,,,,,,,,,,,,,,,,,,,,,,,,
,,,,,,,,,,,,,,,,,,,,,,,,,,,,,,,,,
,,,,,,,,,,,,,,,,,,,,,,,,,,,,,,,,,
,,,,,,,,,,,,,,,,,,,,,,,,,,,,,,,,,
,,,,,,,,,,,,,,,,,,,,,,,,,,,,,,,,,
,,,,,,,,,,,,,,,,,,,,,,,,,,,,,,,,,
,,,,,,,,,,,,,,,,,,,,,,,,,,,,,,,,,
,,,,,,,,,,,,,,,,,,,,,,,,,,,,,,,,,
,,,,,,,,,,,,,,,,,,,,,,,,,,,,,,,,,
,,,,,,,,,,,,,,,,,,,,,,,,,,,,,,,,,
,,,,,,,,,,,,,,,,,,,,,,,,,,,,,,,,,
,,,,,,,,,,,,,,,,,,,,,,,,,,,,,,,,,
,,,,,,,,,,,,,,,,,,,,,,,,,,,,,,,,,
,,,,,,,,,,,,,,,,,,,,,,,,,,,,,,,,,
,,,,,,,,,,,,,,,,,,,,,,,,,,,,,,,,,
,,,,,,,,,,,,,,,,,,,,,,,,,,,,,,,,,
,,,,,,,,,,,,,,,,,,,,,,,,,,,,,,,,,
,,,,,,,,,,,,,,,,,,,,,,,,,,,,,,,,,
,,,,,,,,,,,,,,,,,,,,,,,,,,,,,,,,,
,,,,,,,,,,,,,,,,,,,,,,,,,,,,,,,,,
,,,,,,,,,,,,,,,,,,,,,,,,,,,,,,,,,
,,,,,,,,,,,,,,,,,,,,,,,,,,,,,,,,,
,,,,,,,,,,,,,,,,,,,,,,,,,,,,,,,,,
,,,,,,,,,,,,,,,,,,,,,,,,,,,,,,,,,
,,,,,,,,,,,,,,,,,,,,,,,,,,,,,,,,,
,,,,,,,,,,,,,,,,,,,,,,,,,,,,,,,,,
,,,,,,,,,,,,,,,,,,,,,,,,,,,,,,,,,
,,,,,,,,,,,,,,,,,,,,,,,,,,,,,,,,,
,,,,,,,,,,,,,,,,,,,,,,,,,,,,,,,,,
,,,,,,,,,,,,,,,,,,,,,,,,,,,,,,,,,
,,,,,,,,,,,,,,,,,,,,,,,,,,,,,,,,,
,,,,,,,,,,,,,,,,,,,,,,,,,,,,,,,,,
,,,,,,,,,,,,,,,,,,,,,,,,,,,,,,,,,
,,,,,,,,,,,,,,,,,,,,,,,,,,,,,,,,,
,,,,,,,,,,,,,,,,,,,,,,,,,,,,,,,,,
,,,,,,,,,,,,,,,,,,,,,,,,,,,,,,,,,
,,,,,,,,,,,,,,,,,,,,,,,,,,,,,,,,,
,,,,,,,,,,,,,,,,,,,,,,,,,,,,,,,,,
,,,,,,,,,,,,,,,,,,,,,,,,,,,,,,,,,
,,,,,,,,,,,,,,,,,,,,,,,,,,,,,,,,,
,,,,,,,,,,,,,,,,,,,,,,,,,,,,,,,,,
,,,,,,,,,,,,,,,,,,,,,,,,,,,,,,,,,
,,,,,,,,,,,,,,,,,,,,,,,,,,,,,,,,,
,,,,,,,,,,,,,,,,,,,,,,,,,,,,,,,,,
,,,,,,,,,,,,,,,,,,,,,,,,,,,,,,,,,
,,,,,,,,,,,,,,,,,,,,,,,,,,,,,,,,,
,,,,,,,,,,,,,,,,,,,,,,,,,,,,,,,,,
,,,,,,,,,,,,,,,,,,,,,,,,,,,,,,,,,
,,,,,,,,,,,,,,,,,,,,,,,,,,,,,,,,,
,,,,,,,,,,,,,,,,,,,,,,,,,,,,,,,,,
,,,,,,,,,,,,,,,,,,,,,,,,,,,,,,,,,
,,,,,,,,,,,,,,,,,,,,,,,,,,,,,,,,,
,,,,,,,,,,,,,,,,,,,,,,,,,,,,,,,,,
,,,,,,,,,,,,,,,,,,,,,,,,,,,,,,,,,
,,,,,,,,,,,,,,,,,,,,,,,,,,,,,,,,,
,,,,,,,,,,,,,,,,,,,,,,,,,,,,,,,,,
,,,,,,,,,,,,,,,,,,,,,,,,,,,,,,,,,
,,,,,,,,,,,,,,,,,,,,,,,,,,,,,,,,,
,,,,,,,,,,,,,,,,,,,,,,,,,,,,,,,,,
,,,,,,,,,,,,,,,,,,,,,,,,,,,,,,,,,
,,,,,,,,,,,,,,,,,,,,,,,,,,,,,,,,,
,,,,,,,,,,,,,,,,,,,,,,,,,,,,,,,,,
,,,,,,,,,,,,,,,,,,,,,,,,,,,,,,,,,
,,,,,,,,,,,,,,,,,,,,,,,,,,,,,,,,,
,,,,,,,,,,,,,,,,,,,,,,,,,,,,,,,,,
,,,,,,,,,,,,,,,,,,,,,,,,,,,,,,,,,
,,,,,,,,,,,,,,,,,,,,,,,,,,,,,,,,,
,,,,,,,,,,,,,,,,,,,,,,,,,,,,,,,,,
,,,,,,,,,,,,,,,,,,,,,,,,,,,,,,,,,
,,,,,,,,,,,,,,,,,,,,,,,,,,,,,,,,,
,,,,,,,,,,,,,,,,,,,,,,,,,,,,,,,,,
,,,,,,,,,,,,,,,,,,,,,,,,,,,,,,,,,
,,,,,,,,,,,,,,,,,,,,,,,,,,,,,,,,,
,,,,,,,,,,,,,,,,,,,,,,,,,,,,,,,,,
,,,,,,,,,,,,,,,,,,,,,,,,,,,,,,,,,
,,,,,,,,,,,,,,,,,,,,,,,,,,,,,,,,,
,,,,,,,,,,,,,,,,,,,,,,,,,,,,,,,,,
,,,,,,,,,,,,,,,,,,,,,,,,,,,,,,,,,
,,,,,,,,,,,,,,,,,,,,,,,,,,,,,,,,,
,,,,,,,,,,,,,,,,,,,,,,,,,,,,,,,,,
,,,,,,,,,,,,,,,,,,,,,,,,,,,,,,,,,
,,,,,,,,,,,,,,,,,,,,,,,,,,,,,,,,,
,,,,,,,,,,,,,,,,,,,,,,,,,,,,,,,,,
,,,,,,,,,,,,,,,,,,,,,,,,,,,,,,,,,
,,,,,,,,,,,,,,,,,,,,,,,,,,,,,,,,,
,,,,,,,,,,,,,,,,,,,,,,,,,,,,,,,,,
,,,,,,,,,,,,,,,,,,,,,,,,,,,,,,,,,
,,,,,,,,,,,,,,,,,,,,,,,,,,,,,,,,,
,,,,,,,,,,,,,,,,,,,,,,,,,,,,,,,,,
,,,,,,,,,,,,,,,,,,,,,,,,,,,,,,,,,
,,,,,,,,,,,,,,,,,,,,,,,,,,,,,,,,,
,,,,,,,,,,,,,,,,,,,,,,,,,,,,,,,,,
,,,,,,,,,,,,,,,,,,,,,,,,,,,,,,,,,
,,,,,,,,,,,,,,,,,,,,,,,,,,,,,,,,,
,,,,,,,,,,,,,,,,,,,,,,,,,,,,,,,,,
,,,,,,,,,,,,,,,,,,,,,,,,,,,,,,,,,
,,,,,,,,,,,,,,,,,,,,,,,,,,,,,,,,,
,,,,,,,,,,,,,,,,,,,,,,,,,,,,,,,,,
,,,,,,,,,,,,,,,,,,,,,,,,,,,,,,,,,
,,,,,,,,,,,,,,,,,,,,,,,,,,,,,,,,,
,,,,,,,,,,,,,,,,,,,,,,,,,,,,,,,,,
,,,,,,,,,,,,,,,,,,,,,,,,,,,,,,,,,
,,,,,,,,,,,,,,,,,,,,,,,,,,,,,,,,,
,,,,,,,,,,,,,,,,,,,,,,,,,,,,,,,,,
,,,,,,,,,,,,,,,,,,,,,,,,,,,,,,,,,
,,,,,,,,,,,,,,,,,,,,,,,,,,,,,,,,,
,,,,,,,,,,,,,,,,,,,,,,,,,,,,,,,,,
,,,,,,,,,,,,,,,,,,,,,,,,,,,,,,,,,
,,,,,,,,,,,,,,,,,,,,,,,,,,,,,,,,,
,,,,,,,,,,,,,,,,,,,,,,,,,,,,,,,,,
,,,,,,,,,,,,,,,,,,,,,,,,,,,,,,,,,
,,,,,,,,,,,,,,,,,,,,,,,,,,,,,,,,,
,,,,,,,,,,,,,,,,,,,,,,,,,,,,,,,,,
,,,,,,,,,,,,,,,,,,,,,,,,,,,,,,,,,
,,,,,,,,,,,,,,,,,,,,,,,,,,,,,,,,,
,,,,,,,,,,,,,,,,,,,,,,,,,,,,,,,,,
,,,,,,,,,,,,,,,,,,,,,,,,,,,,,,,,,
,,,,,,,,,,,,,,,,,,,,,,,,,,,,,,,,,
,,,,,,,,,,,,,,,,,,,,,,,,,,,,,,,,,
,,,,,,,,,,,,,,,,,,,,,,,,,,,,,,,,,
,,,,,,,,,,,,,,,,,,,,,,,,,,,,,,,,,
,,,,,,,,,,,,,,,,,,,,,,,,,,,,,,,,,
,,,,,,,,,,,,,,,,,,,,,,,,,,,,,,,,,
,,,,,,,,,,,,,,,,,,,,,,,,,,,,,,,,,
,,,,,,,,,,,,,,,,,,,,,,,,,,,,,,,,,
,,,,,,,,,,,,,,,,,,,,,,,,,,,,,,,,,
,,,,,,,,,,,,,,,,,,,,,,,,,,,,,,,,,
,,,,,,,,,,,,,,,,,,,,,,,,,,,,,,,,,
,,,,,,,,,,,,,,,,,,,,,,,,,,,,,,,,,
,,,,,,,,,,,,,,,,,,,,,,,,,,,,,,,,,
,,,,,,,,,,,,,,,,,,,,,,,,,,,,,,,,,
,,,,,,,,,,,,,,,,,,,,,,,,,,,,,,,,,
,,,,,,,,,,,,,,,,,,,,,,,,,,,,,,,,,
,,,,,,,,,,,,,,,,,,,,,,,,,,,,,,,,,
,,,,,,,,,,,,,,,,,,,,,,,,,,,,,,,,,
,,,,,,,,,,,,,,,,,,,,,,,,,,,,,,,,,
,,,,,,,,,,,,,,,,,,,,,,,,,,,,,,,,,
,,,,,,,,,,,,,,,,,,,,,,,,,,,,,,,,,
,,,,,,,,,,,,,,,,,,,,,,,,,,,,,,,,,
,,,,,,,,,,,,,,,,,,,,,,,,,,,,,,,,,
,,,,,,,,,,,,,,,,,,,,,,,,,,,,,,,,,
,,,,,,,,,,,,,,,,,,,,,,,,,,,,,,,,,
,,,,,,,,,,,,,,,,,,,,,,,,,,,,,,,,,
,,,,,,,,,,,,,,,,,,,,,,,,,,,,,,,,,
,,,,,,,,,,,,,,,,,,,,,,,,,,,,,,,,,
,,,,,,,,,,,,,,,,,,,,,,,,,,,,,,,,,
,,,,,,,,,,,,,,,,,,,,,,,,,,,,,,,,,
,,,,,,,,,,,,,,,,,,,,,,,,,,,,,,,,,
,,,,,,,,,,,,,,,,,,,,,,,,,,,,,,,,,
,,,,,,,,,,,,,,,,,,,,,,,,,,,,,,,,,
,,,,,,,,,,,,,,,,,,,,,,,,,,,,,,,,,
,,,,,,,,,,,,,,,,,,,,,,,,,,,,,,,,,
,,,,,,,,,,,,,,,,,,,,,,,,,,,,,,,,,
,,,,,,,,,,,,,,,,,,,,,,,,,,,,,,,,,
,,,,,,,,,,,,,,,,,,,,,,,,,,,,,,,,,
,,,,,,,,,,,,,,,,,,,,,,,,,,,,,,,,,
,,,,,,,,,,,,,,,,,,,,,,,,,,,,,,,,,
,,,,,,,,,,,,,,,,,,,,,,,,,,,,,,,,,
,,,,,,,,,,,,,,,,,,,,,,,,,,,,,,,,,
,,,,,,,,,,,,,,,,,,,,,,,,,,,,,,,,,
,,,,,,,,,,,,,,,,,,,,,,,,,,,,,,,,,
,,,,,,,,,,,,,,,,,,,,,,,,,,,,,,,,,
,,,,,,,,,,,,,,,,,,,,,,,,,,,,,,,,,
,,,,,,,,,,,,,,,,,,,,,,,,,,,,,,,,,
,,,,,,,,,,,,,,,,,,,,,,,,,,,,,,,,,
,,,,,,,,,,,,,,,,,,,,,,,,,,,,,,,,,
,,,,,,,,,,,,,,,,,,,,,,,,,,,,,,,,,
,,,,,,,,,,,,,,,,,,,,,,,,,,,,,,,,,
,,,,,,,,,,,,,,,,,,,,,,,,,,,,,,,,,
,,,,,,,,,,,,,,,,,,,,,,,,,,,,,,,,,
,,,,,,,,,,,,,,,,,,,,,,,,,,,,,,,,,
,,,,,,,,,,,,,,,,,,,,,,,,,,,,,,,,,
,,,,,,,,,,,,,,,,,,,,,,,,,,,,,,,,,
,,,,,,,,,,,,,,,,,,,,,,,,,,,,,,,,,
,,,,,,,,,,,,,,,,,,,,,,,,,,,,,,,,,
,,,,,,,,,,,,,,,,,,,,,,,,,,,,,,,,,
,,,,,,,,,,,,,,,,,,,,,,,,,,,,,,,,,
,,,,,,,,,,,,,,,,,,,,,,,,,,,,,,,,,
,,,,,,,,,,,,,,,,,,,,,,,,,,,,,,,,,
,,,,,,,,,,,,,,,,,,,,,,,,,,,,,,,,,
,,,,,,,,,,,,,,,,,,,,,,,,,,,,,,,,,
,,,,,,,,,,,,,,,,,,,,,,,,,,,,,,,,,
,,,,,,,,,,,,,,,,,,,,,,,,,,,,,,,,,
,,,,,,,,,,,,,,,,,,,,,,,,,,,,,,,,,
,,,,,,,,,,,,,,,,,,,,,,,,,,,,,,,,,
,,,,,,,,,,,,,,,,,,,,,,,,,,,,,,,,,
,,,,,,,,,,,,,,,,,,,,,,,,,,,,,,,,,
,,,,,,,,,,,,,,,,,,,,,,,,,,,,,,,,,
,,,,,,,,,,,,,,,,,,,,,,,,,,,,,,,,,
,,,,,,,,,,,,,,,,,,,,,,,,,,,,,,,,,
,,,,,,,,,,,,,,,,,,,,,,,,,,,,,,,,,
,,,,,,,,,,,,,,,,,,,,,,,,,,,,,,,,,
,,,,,,,,,,,,,,,,,,,,,,,,,,,,,,,,,
,,,,,,,,,,,,,,,,,,,,,,,,,,,,,,,,,
,,,,,,,,,,,,,,,,,,,,,,,,,,,,,,,,,
,,,,,,,,,,,,,,,,,,,,,,,,,,,,,,,,,
,,,,,,,,,,,,,,,,,,,,,,,,,,,,,,,,,
,,,,,,,,,,,,,,,,,,,,,,,,,,,,,,,,,
,,,,,,,,,,,,,,,,,,,,,,,,,,,,,,,,,
,,,,,,,,,,,,,,,,,,,,,,,,,,,,,,,,,
,,,,,,,,,,,,,,,,,,,,,,,,,,,,,,,,,
,,,,,,,,,,,,,,,,,,,,,,,,,,,,,,,,,
,,,,,,,,,,,,,,,,,,,,,,,,,,,,,,,,,
,,,,,,,,,,,,,,,,,,,,,,,,,,,,,,,,,
,,,,,,,,,,,,,,,,,,,,,,,,,,,,,,,,,
,,,,,,,,,,,,,,,,,,,,,,,,,,,,,,,,,
,,,,,,,,,,,,,,,,,,,,,,,,,,,,,,,,,
,,,,,,,,,,,,,,,,,,,,,,,,,,,,,,,,,
,,,,,,,,,,,,,,,,,,,,,,,,,,,,,,,,,
,,,,,,,,,,,,,,,,,,,,,,,,,,,,,,,,,
,,,,,,,,,,,,,,,,,,,,,,,,,,,,,,,,,
,,,,,,,,,,,,,,,,,,,,,,,,,,,,,,,,,
,,,,,,,,,,,,,,,,,,,,,,,,,,,,,,,,,
,,,,,,,,,,,,,,,,,,,,,,,,,,,,,,,,,
,,,,,,,,,,,,,,,,,,,,,,,,,,,,,,,,,
,,,,,,,,,,,,,,,,,,,,,,,,,,,,,,,,,
,,,,,,,,,,,,,,,,,,,,,,,,,,,,,,,,,
,,,,,,,,,,,,,,,,,,,,,,,,,,,,,,,,,
,,,,,,,,,,,,,,,,,,,,,,,,,,,,,,,,,
,,,,,,,,,,,,,,,,,,,,,,,,,,,,,,,,,
,,,,,,,,,,,,,,,,,,,,,,,,,,,,,,,,,
,,,,,,,,,,,,,,,,,,,,,,,,,,,,,,,,,
,,,,,,,,,,,,,,,,,,,,,,,,,,,,,,,,,
,,,,,,,,,,,,,,,,,,,,,,,,,,,,,,,,,
,,,,,,,,,,,,,,,,,,,,,,,,,,,,,,,,,
,,,,,,,,,,,,,,,,,,,,,,,,,,,,,,,,,
,,,,,,,,,,,,,,,,,,,,,,,,,,,,,,,,,
,,,,,,,,,,,,,,,,,,,,,,,,,,,,,,,,,
,,,,,,,,,,,,,,,,,,,,,,,,,,,,,,,,,
,,,,,,,,,,,,,,,,,,,,,,,,,,,,,,,,,
,,,,,,,,,,,,,,,,,,,,,,,,,,,,,,,,,
,,,,,,,,,,,,,,,,,,,,,,,,,,,,,,,,,
,,,,,,,,,,,,,,,,,,,,,,,,,,,,,,,,,
,,,,,,,,,,,,,,,,,,,,,,,,,,,,,,,,,
,,,,,,,,,,,,,,,,,,,,,,,,,,,,,,,,,
,,,,,,,,,,,,,,,,,,,,,,,,,,,,,,,,,
,,,,,,,,,,,,,,,,,,,,,,,,,,,,,,,,,
,,,,,,,,,,,,,,,,,,,,,,,,,,,,,,,,,
,,,,,,,,,,,,,,,,,,,,,,,,,,,,,,,,,
,,,,,,,,,,,,,,,,,,,,,,,,,,,,,,,,,
,,,,,,,,,,,,,,,,,,,,,,,,,,,,,,,,,
,,,,,,,,,,,,,,,,,,,,,,,,,,,,,,,,,
,,,,,,,,,,,,,,,,,,,,,,,,,,,,,,,,,
,,,,,,,,,,,,,,,,,,,,,,,,,,,,,,,,,
,,,,,,,,,,,,,,,,,,,,,,,,,,,,,,,,,
,,,,,,,,,,,,,,,,,,,,,,,,,,,,,,,,,
,,,,,,,,,,,,,,,,,,,,,,,,,,,,,,,,,
,,,,,,,,,,,,,,,,,,,,,,,,,,,,,,,,,
,,,,,,,,,,,,,,,,,,,,,,,,,,,,,,,,,
,,,,,,,,,,,,,,,,,,,,,,,,,,,,,,,,,
,,,,,,,,,,,,,,,,,,,,,,,,,,,,,,,,,
,,,,,,,,,,,,,,,,,,,,,,,,,,,,,,,,,
,,,,,,,,,,,,,,,,,,,,,,,,,,,,,,,,,
,,,,,,,,,,,,,,,,,,,,,,,,,,,,,,,,,
,,,,,,,,,,,,,,,,,,,,,,,,,,,,,,,,,
,,,,,,,,,,,,,,,,,,,,,,,,,,,,,,,,,
,,,,,,,,,,,,,,,,,,,,,,,,,,,,,,,,,
,,,,,,,,,,,,,,,,,,,,,,,,,,,,,,,,,
,,,,,,,,,,,,,,,,,,,,,,,,,,,,,,,,,
,,,,,,,,,,,,,,,,,,,,,,,,,,,,,,,,,
,,,,,,,,,,,,,,,,,,,,,,,,,,,,,,,,,
,,,,,,,,,,,,,,,,,,,,,,,,,,,,,,,,,
,,,,,,,,,,,,,,,,,,,,,,,,,,,,,,,,,
,,,,,,,,,,,,,,,,,,,,,,,,,,,,,,,,,
,,,,,,,,,,,,,,,,,,,,,,,,,,,,,,,,,
,,,,,,,,,,,,,,,,,,,,,,,,,,,,,,,,,
,,,,,,,,,,,,,,,,,,,,,,,,,,,,,,,,,
,,,,,,,,,,,,,,,,,,,,,,,,,,,,,,,,,
,,,,,,,,,,,,,,,,,,,,,,,,,,,,,,,,,
,,,,,,,,,,,,,,,,,,,,,,,,,,,,,,,,,
,,,,,,,,,,,,,,,,,,,,,,,,,,,,,,,,,
,,,,,,,,,,,,,,,,,,,,,,,,,,,,,,,,,
,,,,,,,,,,,,,,,,,,,,,,,,,,,,,,,,,
,,,,,,,,,,,,,,,,,,,,,,,,,,,,,,,,,
,,,,,,,,,,,,,,,,,,,,,,,,,,,,,,,,,
,,,,,,,,,,,,,,,,,,,,,,,,,,,,,,,,,
,,,,,,,,,,,,,,,,,,,,,,,,,,,,,,,,,
,,,,,,,,,,,,,,,,,,,,,,,,,,,,,,,,,
,,,,,,,,,,,,,,,,,,,,,,,,,,,,,,,,,
,,,,,,,,,,,,,,,,,,,,,,,,,,,,,,,,,
,,,,,,,,,,,,,,,,,,,,,,,,,,,,,,,,,
,,,,,,,,,,,,,,,,,,,,,,,,,,,,,,,,,
,,,,,,,,,,,,,,,,,,,,,,,,,,,,,,,,,
,,,,,,,,,,,,,,,,,,,,,,,,,,,,,,,,,
,,,,,,,,,,,,,,,,,,,,,,,,,,,,,,,,,
,,,,,,,,,,,,,,,,,,,,,,,,,,,,,,,,,
,,,,,,,,,,,,,,,,,,,,,,,,,,,,,,,,,
,,,,,,,,,,,,,,,,,,,,,,,,,,,,,,,,,
,,,,,,,,,,,,,,,,,,,,,,,,,,,,,,,,,
,,,,,,,,,,,,,,,,,,,,,,,,,,,,,,,,,
,,,,,,,,,,,,,,,,,,,,,,,,,,,,,,,,,
,,,,,,,,,,,,,,,,,,,,,,,,,,,,,,,,,
,,,,,,,,,,,,,,,,,,,,,,,,,,,,,,,,,
,,,,,,,,,,,,,,,,,,,,,,,,,,,,,,,,,
,,,,,,,,,,,,,,,,,,,,,,,,,,,,,,,,,
,,,,,,,,,,,,,,,,,,,,,,,,,,,,,,,,,
,,,,,,,,,,,,,,,,,,,,,,,,,,,,,,,,,
,,,,,,,,,,,,,,,,,,,,,,,,,,,,,,,,,
,,,,,,,,,,,,,,,,,,,,,,,,,,,,,,,,,
,,,,,,,,,,,,,,,,,,,,,,,,,,,,,,,,,
,,,,,,,,,,,,,,,,,,,,,,,,,,,,,,,,,
,,,,,,,,,,,,,,,,,,,,,,,,,,,,,,,,,
,,,,,,,,,,,,,,,,,,,,,,,,,,,,,,,,,
,,,,,,,,,,,,,,,,,,,,,,,,,,,,,,,,,
,,,,,,,,,,,,,,,,,,,,,,,,,,,,,,,,,
,,,,,,,,,,,,,,,,,,,,,,,,,,,,,,,,,
,,,,,,,,,,,,,,,,,,,,,,,,,,,,,,,,,
,,,,,,,,,,,,,,,,,,,,,,,,,,,,,,,,,
,,,,,,,,,,,,,,,,,,,,,,,,,,,,,,,,,
,,,,,,,,,,,,,,,,,,,,,,,,,,,,,,,,,
,,,,,,,,,,,,,,,,,,,,,,,,,,,,,,,,,
,,,,,,,,,,,,,,,,,,,,,,,,,,,,,,,,,
,,,,,,,,,,,,,,,,,,,,,,,,,,,,,,,,,
,,,,,,,,,,,,,,,,,,,,,,,,,,,,,,,,,
,,,,,,,,,,,,,,,,,,,,,,,,,,,,,,,,,
,,,,,,,,,,,,,,,,,,,,,,,,,,,,,,,,,
,,,,,,,,,,,,,,,,,,,,,,,,,,,,,,,,,
,,,,,,,,,,,,,,,,,,,,,,,,,,,,,,,,,
,,,,,,,,,,,,,,,,,,,,,,,,,,,,,,,,,
,,,,,,,,,,,,,,,,,,,,,,,,,,,,,,,,,
,,,,,,,,,,,,,,,,,,,,,,,,,,,,,,,,,
,,,,,,,,,,,,,,,,,,,,,,,,,,,,,,,,,
,,,,,,,,,,,,,,,,,,,,,,,,,,,,,,,,,
,,,,,,,,,,,,,,,,,,,,,,,,,,,,,,,,,
,,,,,,,,,,,,,,,,,,,,,,,,,,,,,,,,,
,,,,,,,,,,,,,,,,,,,,,,,,,,,,,,,,,
,,,,,,,,,,,,,,,,,,,,,,,,,,,,,,,,,
,,,,,,,,,,,,,,,,,,,,,,,,,,,,,,,,,
,,,,,,,,,,,,,,,,,,,,,,,,,,,,,,,,,
,,,,,,,,,,,,,,,,,,,,,,,,,,,,,,,,,
,,,,,,,,,,,,,,,,,,,,,,,,,,,,,,,,,
,,,,,,,,,,,,,,,,,,,,,,,,,,,,,,,,,
,,,,,,,,,,,,,,,,,,,,,,,,,,,,,,,,,
,,,,,,,,,,,,,,,,,,,,,,,,,,,,,,,,,
,,,,,,,,,,,,,,,,,,,,,,,,,,,,,,,,,
,,,,,,,,,,,,,,,,,,,,,,,,,,,,,,,,,
,,,,,,,,,,,,,,,,,,,,,,,,,,,,,,,,,
,,,,,,,,,,,,,,,,,,,,,,,,,,,,,,,,,
,,,,,,,,,,,,,,,,,,,,,,,,,,,,,,,,,
,,,,,,,,,,,,,,,,,,,,,,,,,,,,,,,,,
,,,,,,,,,,,,,,,,,,,,,,,,,,,,,,,,,
,,,,,,,,,,,,,,,,,,,,,,,,,,,,,,,,,
,,,,,,,,,,,,,,,,,,,,,,,,,,,,,,,,,
,,,,,,,,,,,,,,,,,,,,,,,,,,,,,,,,,
,,,,,,,,,,,,,,,,,,,,,,,,,,,,,,,,,
,,,,,,,,,,,,,,,,,,,,,,,,,,,,,,,,,
,,,,,,,,,,,,,,,,,,,,,,,,,,,,,,,,,
,,,,,,,,,,,,,,,,,,,,,,,,,,,,,,,,,
,,,,,,,,,,,,,,,,,,,,,,,,,,,,,,,,,
,,,,,,,,,,,,,,,,,,,,,,,,,,,,,,,,,
,,,,,,,,,,,,,,,,,,,,,,,,,,,,,,,,,
,,,,,,,,,,,,,,,,,,,,,,,,,,,,,,,,,
,,,,,,,,,,,,,,,,,,,,,,,,,,,,,,,,,
,,,,,,,,,,,,,,,,,,,,,,,,,,,,,,,,,
,,,,,,,,,,,,,,,,,,,,,,,,,,,,,,,,,
,,,,,,,,,,,,,,,,,,,,,,,,,,,,,,,,,
,,,,,,,,,,,,,,,,,,,,,,,,,,,,,,,,,
,,,,,,,,,,,,,,,,,,,,,,,,,,,,,,,,,
,,,,,,,,,,,,,,,,,,,,,,,,,,,,,,,,,
,,,,,,,,,,,,,,,,,,,,,,,,,,,,,,,,,
,,,,,,,,,,,,,,,,,,,,,,,,,,,,,,,,,
,,,,,,,,,,,,,,,,,,,,,,,,,,,,,,,,,
,,,,,,,,,,,,,,,,,,,,,,,,,,,,,,,,,
,,,,,,,,,,,,,,,,,,,,,,,,,,,,,,,,,
,,,,,,,,,,,,,,,,,,,,,,,,,,,,,,,,,
,,,,,,,,,,,,,,,,,,,,,,,,,,,,,,,,,
,,,,,,,,,,,,,,,,,,,,,,,,,,,,,,,,,
,,,,,,,,,,,,,,,,,,,,,,,,,,,,,,,,,
,,,,,,,,,,,,,,,,,,,,,,,,,,,,,,,,,
,,,,,,,,,,,,,,,,,,,,,,,,,,,,,,,,,
,,,,,,,,,,,,,,,,,,,,,,,,,,,,,,,,,
,,,,,,,,,,,,,,,,,,,,,,,,,,,,,,,,,
,,,,,,,,,,,,,,,,,,,,,,,,,,,,,,,,,
,,,,,,,,,,,,,,,,,,,,,,,,,,,,,,,,,
,,,,,,,,,,,,,,,,,,,,,,,,,,,,,,,,,
,,,,,,,,,,,,,,,,,,,,,,,,,,,,,,,,,
,,,,,,,,,,,,,,,,,,,,,,,,,,,,,,,,,
,,,,,,,,,,,,,,,,,,,,,,,,,,,,,,,,,
,,,,,,,,,,,,,,,,,,,,,,,,,,,,,,,,,
,,,,,,,,,,,,,,,,,,,,,,,,,,,,,,,,,
,,,,,,,,,,,,,,,,,,,,,,,,,,,,,,,,,
,,,,,,,,,,,,,,,,,,,,,,,,,,,,,,,,,
,,,,,,,,,,,,,,,,,,,,,,,,,,,,,,,,,
,,,,,,,,,,,,,,,,,,,,,,,,,,,,,,,,,
,,,,,,,,,,,,,,,,,,,,,,,,,,,,,,,,,
,,,,,,,,,,,,,,,,,,,,,,,,,,,,,,,,,
,,,,,,,,,,,,,,,,,,,,,,,,,,,,,,,,,
,,,,,,,,,,,,,,,,,,,,,,,,,,,,,,,,,
,,,,,,,,,,,,,,,,,,,,,,,,,,,,,,,,,
,,,,,,,,,,,,,,,,,,,,,,,,,,,,,,,,,
,,,,,,,,,,,,,,,,,,,,,,,,,,,,,,,,,
,,,,,,,,,,,,,,,,,,,,,,,,,,,,,,,,,
,,,,,,,,,,,,,,,,,,,,,,,,,,,,,,,,,
,,,,,,,,,,,,,,,,,,,,,,,,,,,,,,,,,
,,,,,,,,,,,,,,,,,,,,,,,,,,,,,,,,,
,,,,,,,,,,,,,,,,,,,,,,,,,,,,,,,,,
,,,,,,,,,,,,,,,,,,,,,,,,,,,,,,,,,
,,,,,,,,,,,,,,,,,,,,,,,,,,,,,,,,,
,,,,,,,,,,,,,,,,,,,,,,,,,,,,,,,,,
,,,,,,,,,,,,,,,,,,,,,,,,,,,,,,,,,
,,,,,,,,,,,,,,,,,,,,,,,,,,,,,,,,,
,,,,,,,,,,,,,,,,,,,,,,,,,,,,,,,,,
,,,,,,,,,,,,,,,,,,,,,,,,,,,,,,,,,
,,,,,,,,,,,,,,,,,,,,,,,,,,,,,,,,,
,,,,,,,,,,,,,,,,,,,,,,,,,,,,,,,,,
,,,,,,,,,,,,,,,,,,,,,,,,,,,,,,,,,
,,,,,,,,,,,,,,,,,,,,,,,,,,,,,,,,,
,,,,,,,,,,,,,,,,,,,,,,,,,,,,,,,,,
,,,,,,,,,,,,,,,,,,,,,,,,,,,,,,,,,
,,,,,,,,,,,,,,,,,,,,,,,,,,,,,,,,,
,,,,,,,,,,,,,,,,,,,,,,,,,,,,,,,,,
,,,,,,,,,,,,,,,,,,,,,,,,,,,,,,,,,
,,,,,,,,,,,,,,,,,,,,,,,,,,,,,,,,,
,,,,,,,,,,,,,,,,,,,,,,,,,,,,,,,,,
,,,,,,,,,,,,,,,,,,,,,,,,,,,,,,,,,
,,,,,,,,,,,,,,,,,,,,,,,,,,,,,,,,,
,,,,,,,,,,,,,,,,,,,,,,,,,,,,,,,,,
,,,,,,,,,,,,,,,,,,,,,,,,,,,,,,,,,
,,,,,,,,,,,,,,,,,,,,,,,,,,,,,,,,,
,,,,,,,,,,,,,,,,,,,,,,,,,,,,,,,,,
,,,,,,,,,,,,,,,,,,,,,,,,,,,,,,,,,
,,,,,,,,,,,,,,,,,,,,,,,,,,,,,,,,,
,,,,,,,,,,,,,,,,,,,,,,,,,,,,,,,,,
,,,,,,,,,,,,,,,,,,,,,,,,,,,,,,,,,
,,,,,,,,,,,,,,,,,,,,,,,,,,,,,,,,,
,,,,,,,,,,,,,,,,,,,,,,,,,,,,,,,,,
,,,,,,,,,,,,,,,,,,,,,,,,,,,,,,,,,
,,,,,,,,,,,,,,,,,,,,,,,,,,,,,,,,,
,,,,,,,,,,,,,,,,,,,,,,,,,,,,,,,,,
,,,,,,,,,,,,,,,,,,,,,,,,,,,,,,,,,
,,,,,,,,,,,,,,,,,,,,,,,,,,,,,,,,,
,,,,,,,,,,,,,,,,,,,,,,,,,,,,,,,,,
,,,,,,,,,,,,,,,,,,,,,,,,,,,,,,,,,
,,,,,,,,,,,,,,,,,,,,,,,,,,,,,,,,,
,,,,,,,,,,,,,,,,,,,,,,,,,,,,,,,,,
,,,,,,,,,,,,,,,,,,,,,,,,,,,,,,,,,
,,,,,,,,,,,,,,,,,,,,,,,,,,,,,,,,,
,,,,,,,,,,,,,,,,,,,,,,,,,,,,,,,,,
,,,,,,,,,,,,,,,,,,,,,,,,,,,,,,,,,
,,,,,,,,,,,,,,,,,,,,,,,,,,,,,,,,,
,,,,,,,,,,,,,,,,,,,,,,,,,,,,,,,,,
,,,,,,,,,,,,,,,,,,,,,,,,,,,,,,,,,
,,,,,,,,,,,,,,,,,,,,,,,,,,,,,,,,,
,,,,,,,,,,,,,,,,,,,,,,,,,,,,,,,,,
,,,,,,,,,,,,,,,,,,,,,,,,,,,,,,,,,
,,,,,,,,,,,,,,,,,,,,,,,,,,,,,,,,,
,,,,,,,,,,,,,,,,,,,,,,,,,,,,,,,,,
,,,,,,,,,,,,,,,,,,,,,,,,,,,,,,,,,
,,,,,,,,,,,,,,,,,,,,,,,,,,,,,,,,,
,,,,,,,,,,,,,,,,,,,,,,,,,,,,,,,,,
,,,,,,,,,,,,,,,,,,,,,,,,,,,,,,,,,
,,,,,,,,,,,,,,,,,,,,,,,,,,,,,,,,,
,,,,,,,,,,,,,,,,,,,,,,,,,,,,,,,,,
,,,,,,,,,,,,,,,,,,,,,,,,,,,,,,,,,
,,,,,,,,,,,,,,,,,,,,,,,,,,,,,,,,,
,,,,,,,,,,,,,,,,,,,,,,,,,,,,,,,,,
,,,,,,,,,,,,,,,,,,,,,,,,,,,,,,,,,
,,,,,,,,,,,,,,,,,,,,,,,,,,,,,,,,,
,,,,,,,,,,,,,,,,,,,,,,,,,,,,,,,,,
,,,,,,,,,,,,,,,,,,,,,,,,,,,,,,,,,
,,,,,,,,,,,,,,,,,,,,,,,,,,,,,,,,,
,,,,,,,,,,,,,,,,,,,,,,,,,,,,,,,,,
,,,,,,,,,,,,,,,,,,,,,,,,,,,,,,,,,
,,,,,,,,,,,,,,,,,,,,,,,,,,,,,,,,,
,,,,,,,,,,,,,,,,,,,,,,,,,,,,,,,,,
,,,,,,,,,,,,,,,,,,,,,,,,,,,,,,,,,
,,,,,,,,,,,,,,,,,,,,,,,,,,,,,,,,,
,,,,,,,,,,,,,,,,,,,,,,,,,,,,,,,,,
,,,,,,,,,,,,,,,,,,,,,,,,,,,,,,,,,
,,,,,,,,,,,,,,,,,,,,,,,,,,,,,,,,,
,,,,,,,,,,,,,,,,,,,,,,,,,,,,,,,,,
,,,,,,,,,,,,,,,,,,,,,,,,,,,,,,,,,
,,,,,,,,,,,,,,,,,,,,,,,,,,,,,,,,,
,,,,,,,,,,,,,,,,,,,,,,,,,,,,,,,,,
,,,,,,,,,,,,,,,,,,,,,,,,,,,,,,,,,
,,,,,,,,,,,,,,,,,,,,,,,,,,,,,,,,,
,,,,,,,,,,,,,,,,,,,,,,,,,,,,,,,,,
,,,,,,,,,,,,,,,,,,,,,,,,,,,,,,,,,
,,,,,,,,,,,,,,,,,,,,,,,,,,,,,,,,,
,,,,,,,,,,,,,,,,,,,,,,,,,,,,,,,,,
,,,,,,,,,,,,,,,,,,,,,,,,,,,,,,,,,
,,,,,,,,,,,,,,,,,,,,,,,,,,,,,,,,,
,,,,,,,,,,,,,,,,,,,,,,,,,,,,,,,,,
,,,,,,,,,,,,,,,,,,,,,,,,,,,,,,,,,
,,,,,,,,,,,,,,,,,,,,,,,,,,,,,,,,,
,,,,,,,,,,,,,,,,,,,,,,,,,,,,,,,,,
,,,,,,,,,,,,,,,,,,,,,,,,,,,,,,,,,
,,,,,,,,,,,,,,,,,,,,,,,,,,,,,,,,,
,,,,,,,,,,,,,,,,,,,,,,,,,,,,,,,,,
,,,,,,,,,,,,,,,,,,,,,,,,,,,,,,,,,
,,,,,,,,,,,,,,,,,,,,,,,,,,,,,,,,,
,,,,,,,,,,,,,,,,,,,,,,,,,,,,,,,,,
,,,,,,,,,,,,,,,,,,,,,,,,,,,,,,,,,
,,,,,,,,,,,,,,,,,,,,,,,,,,,,,,,,,
,,,,,,,,,,,,,,,,,,,,,,,,,,,,,,,,,
,,,,,,,,,,,,,,,,,,,,,,,,,,,,,,,,,
,,,,,,,,,,,,,,,,,,,,,,,,,,,,,,,,,
,,,,,,,,,,,,,,,,,,,,,,,,,,,,,,,,,
,,,,,,,,,,,,,,,,,,,,,,,,,,,,,,,,,
,,,,,,,,,,,,,,,,,,,,,,,,,,,,,,,,,
,,,,,,,,,,,,,,,,,,,,,,,,,,,,,,,,,
,,,,,,,,,,,,,,,,,,,,,,,,,,,,,,,,,
,,,,,,,,,,,,,,,,,,,,,,,,,,,,,,,,,
,,,,,,,,,,,,,,,,,,,,,,,,,,,,,,,,,
,,,,,,,,,,,,,,,,,,,,,,,,,,,,,,,,,
,,,,,,,,,,,,,,,,,,,,,,,,,,,,,,,,,
,,,,,,,,,,,,,,,,,,,,,,,,,,,,,,,,,
,,,,,,,,,,,,,,,,,,,,,,,,,,,,,,,,,
,,,,,,,,,,,,,,,,,,,,,,,,,,,,,,,,,
,,,,,,,,,,,,,,,,,,,,,,,,,,,,,,,,,
,,,,,,,,,,,,,,,,,,,,,,,,,,,,,,,,,
,,,,,,,,,,,,,,,,,,,,,,,,,,,,,,,,,
,,,,,,,,,,,,,,,,,,,,,,,,,,,,,,,,,
,,,,,,,,,,,,,,,,,,,,,,,,,,,,,,,,,
,,,,,,,,,,,,,,,,,,,,,,,,,,,,,,,,,
,,,,,,,,,,,,,,,,,,,,,,,,,,,,,,,,,
,,,,,,,,,,,,,,,,,,,,,,,,,,,,,,,,,
,,,,,,,,,,,,,,,,,,,,,,,,,,,,,,,,,
,,,,,,,,,,,,,,,,,,,,,,,,,,,,,,,,,
,,,,,,,,,,,,,,,,,,,,,,,,,,,,,,,,,
,,,,,,,,,,,,,,,,,,,,,,,,,,,,,,,,,
,,,,,,,,,,,,,,,,,,,,,,,,,,,,,,,,,
,,,,,,,,,,,,,,,,,,,,,,,,,,,,,,,,,
,,,,,,,,,,,,,,,,,,,,,,,,,,,,,,,,,
,,,,,,,,,,,,,,,,,,,,,,,,,,,,,,,,,
,,,,,,,,,,,,,,,,,,,,,,,,,,,,,,,,,
,,,,,,,,,,,,,,,,,,,,,,,,,,,,,,,,,
,,,,,,,,,,,,,,,,,,,,,,,,,,,,,,,,,
,,,,,,,,,,,,,,,,,,,,,,,,,,,,,,,,,
,,,,,,,,,,,,,,,,,,,,,,,,,,,,,,,,,
,,,,,,,,,,,,,,,,,,,,,,,,,,,,,,,,,
,,,,,,,,,,,,,,,,,,,,,,,,,,,,,,,,,
,,,,,,,,,,,,,,,,,,,,,,,,,,,,,,,,,
,,,,,,,,,,,,,,,,,,,,,,,,,,,,,,,,,
,,,,,,,,,,,,,,,,,,,,,,,,,,,,,,,,,
,,,,,,,,,,,,,,,,,,,,,,,,,,,,,,,,,
,,,,,,,,,,,,,,,,,,,,,,,,,,,,,,,,,
,,,,,,,,,,,,,,,,,,,,,,,,,,,,,,,,,
,,,,,,,,,,,,,,,,,,,,,,,,,,,,,,,,,
,,,,,,,,,,,,,,,,,,,,,,,,,,,,,,,,,
,,,,,,,,,,,,,,,,,,,,,,,,,,,,,,,,,
,,,,,,,,,,,,,,,,,,,,,,,,,,,,,,,,,
,,,,,,,,,,,,,,,,,,,,,,,,,,,,,,,,,
,,,,,,,,,,,,,,,,,,,,,,,,,,,,,,,,,
,,,,,,,,,,,,,,,,,,,,,,,,,,,,,,,,,
,,,,,,,,,,,,,,,,,,,,,,,,,,,,,,,,,
,,,,,,,,,,,,,,,,,,,,,,,,,,,,,,,,,
,,,,,,,,,,,,,,,,,,,,,,,,,,,,,,,,,
,,,,,,,,,,,,,,,,,,,,,,,,,,,,,,,,,
,,,,,,,,,,,,,,,,,,,,,,,,,,,,,,,,,
,,,,,,,,,,,,,,,,,,,,,,,,,,,,,,,,,
,,,,,,,,,,,,,,,,,,,,,,,,,,,,,,,,,
,,,,,,,,,,,,,,,,,,,,,,,,,,,,,,,,,
,,,,,,,,,,,,,,,,,,,,,,,,,,,,,,,,,
,,,,,,,,,,,,,,,,,,,,,,,,,,,,,,,,,
,,,,,,,,,,,,,,,,,,,,,,,,,,,,,,,,,
,,,,,,,,,,,,,,,,,,,,,,,,,,,,,,,,,
,,,,,,,,,,,,,,,,,,,,,,,,,,,,,,,,,
,,,,,,,,,,,,,,,,,,,,,,,,,,,,,,,,,
,,,,,,,,,,,,,,,,,,,,,,,,,,,,,,,,,
,,,,,,,,,,,,,,,,,,,,,,,,,,,,,,,,,
,,,,,,,,,,,,,,,,,,,,,,,,,,,,,,,,,
,,,,,,,,,,,,,,,,,,,,,,,,,,,,,,,,,
,,,,,,,,,,,,,,,,,,,,,,,,,,,,,,,,,
,,,,,,,,,,,,,,,,,,,,,,,,,,,,,,,,,
,,,,,,,,,,,,,,,,,,,,,,,,,,,,,,,,,
,,,,,,,,,,,,,,,,,,,,,,,,,,,,,,,,,
,,,,,,,,,,,,,,,,,,,,,,,,,,,,,,,,,
,,,,,,,,,,,,,,,,,,,,,,,,,,,,,,,,,
,,,,,,,,,,,,,,,,,,,,,,,,,,,,,,,,,
,,,,,,,,,,,,,,,,,,,,,,,,,,,,,,,,,
,,,,,,,,,,,,,,,,,,,,,,,,,,,,,,,,,
,,,,,,,,,,,,,,,,,,,,,,,,,,,,,,,,,
,,,,,,,,,,,,,,,,,,,,,,,,,,,,,,,,,
,,,,,,,,,,,,,,,,,,,,,,,,,,,,,,,,,
,,,,,,,,,,,,,,,,,,,,,,,,,,,,,,,,,
,,,,,,,,,,,,,,,,,,,,,,,,,,,,,,,,,
,,,,,,,,,,,,,,,,,,,,,,,,,,,,,,,,,
,,,,,,,,,,,,,,,,,,,,,,,,,,,,,,,,,
,,,,,,,,,,,,,,,,,,,,,,,,,,,,,,,,,
,,,,,,,,,,,,,,,,,,,,,,,,,,,,,,,,,
,,,,,,,,,,,,,,,,,,,,,,,,,,,,,,,,,
,,,,,,,,,,,,,,,,,,,,,,,,,,,,,,,,,
,,,,,,,,,,,,,,,,,,,,,,,,,,,,,,,,,
,,,,,,,,,,,,,,,,,,,,,,,,,,,,,,,,,
,,,,,,,,,,,,,,,,,,,,,,,,,,,,,,,,,
,,,,,,,,,,,,,,,,,,,,,,,,,,,,,,,,,
,,,,,,,,,,,,,,,,,,,,,,,,,,,,,,,,,
,,,,,,,,,,,,,,,,,,,,,,,,,,,,,,,,,
,,,,,,,,,,,,,,,,,,,,,,,,,,,,,,,,,
,,,,,,,,,,,,,,,,,,,,,,,,,,,,,,,,,
,,,,,,,,,,,,,,,,,,,,,,,,,,,,,,,,,
,,,,,,,,,,,,,,,,,,,,,,,,,,,,,,,,,
,,,,,,,,,,,,,,,,,,,,,,,,,,,,,,,,,
,,,,,,,,,,,,,,,,,,,,,,,,,,,,,,,,,
,,,,,,,,,,,,,,,,,,,,,,,,,,,,,,,,,
,,,,,,,,,,,,,,,,,,,,,,,,,,,,,,,,,
,,,,,,,,,,,,,,,,,,,,,,,,,,,,,,,,,
,,,,,,,,,,,,,,,,,,,,,,,,,,,,,,,,,
,,,,,,,,,,,,,,,,,,,,,,,,,,,,,,,,,
,,,,,,,,,,,,,,,,,,,,,,,,,,,,,,,,,
,,,,,,,,,,,,,,,,,,,,,,,,,,,,,,,,,
,,,,,,,,,,,,,,,,,,,,,,,,,,,,,,,,,
,,,,,,,,,,,,,,,,,,,,,,,,,,,,,,,,,
,,,,,,,,,,,,,,,,,,,,,,,,,,,,,,,,,
,,,,,,,,,,,,,,,,,,,,,,,,,,,,,,,,,
,,,,,,,,,,,,,,,,,,,,,,,,,,,,,,,,,
,,,,,,,,,,,,,,,,,,,,,,,,,,,,,,,,,
,,,,,,,,,,,,,,,,,,,,,,,,,,,,,,,,,
,,,,,,,,,,,,,,,,,,,,,,,,,,,,,,,,,
,,,,,,,,,,,,,,,,,,,,,,,,,,,,,,,,,
,,,,,,,,,,,,,,,,,,,,,,,,,,,,,,,,,
,,,,,,,,,,,,,,,,,,,,,,,,,,,,,,,,,
,,,,,,,,,,,,,,,,,,,,,,,,,,,,,,,,,
,,,,,,,,,,,,,,,,,,,,,,,,,,,,,,,,,
,,,,,,,,,,,,,,,,,,,,,,,,,,,,,,,,,
,,,,,,,,,,,,,,,,,,,,,,,,,,,,,,,,,
,,,,,,,,,,,,,,,,,,,,,,,,,,,,,,,,,
,,,,,,,,,,,,,,,,,,,,,,,,,,,,,,,,,
,,,,,,,,,,,,,,,,,,,,,,,,,,,,,,,,,
,,,,,,,,,,,,,,,,,,,,,,,,,,,,,,,,,
,,,,,,,,,,,,,,,,,,,,,,,,,,,,,,,,,
,,,,,,,,,,,,,,,,,,,,,,,,,,,,,,,,,
,,,,,,,,,,,,,,,,,,,,,,,,,,,,,,,,,
,,,,,,,,,,,,,,,,,,,,,,,,,,,,,,,,,
,,,,,,,,,,,,,,,,,,,,,,,,,,,,,,,,,
,,,,,,,,,,,,,,,,,,,,,,,,,,,,,,,,,
,,,,,,,,,,,,,,,,,,,,,,,,,,,,,,,,,
,,,,,,,,,,,,,,,,,,,,,,,,,,,,,,,,,
,,,,,,,,,,,,,,,,,,,,,,,,,,,,,,,,,
,,,,,,,,,,,,,,,,,,,,,,,,,,,,,,,,,
,,,,,,,,,,,,,,,,,,,,,,,,,,,,,,,,,
,,,,,,,,,,,,,,,,,,,,,,,,,,,,,,,,,
,,,,,,,,,,,,,,,,,,,,,,,,,,,,,,,,,
,,,,,,,,,,,,,,,,,,,,,,,,,,,,,,,,,
,,,,,,,,,,,,,,,,,,,,,,,,,,,,,,,,,
,,,,,,,,,,,,,,,,,,,,,,,,,,,,,,,,,
,,,,,,,,,,,,,,,,,,,,,,,,,,,,,,,,,
,,,,,,,,,,,,,,,,,,,,,,,,,,,,,,,,,
,,,,,,,,,,,,,,,,,,,,,,,,,,,,,,,,,
,,,,,,,,,,,,,,,,,,,,,,,,,,,,,,,,,
,,,,,,,,,,,,,,,,,,,,,,,,,,,,,,,,,
,,,,,,,,,,,,,,,,,,,,,,,,,,,,,,,,,
,,,,,,,,,,,,,,,,,,,,,,,,,,,,,,,,,
,,,,,,,,,,,,,,,,,,,,,,,,,,,,,,,,,
,,,,,,,,,,,,,,,,,,,,,,,,,,,,,,,,,
,,,,,,,,,,,,,,,,,,,,,,,,,,,,,,,,,
,,,,,,,,,,,,,,,,,,,,,,,,,,,,,,,,,
,,,,,,,,,,,,,,,,,,,,,,,,,,,,,,,,,
,,,,,,,,,,,,,,,,,,,,,,,,,,,,,,,,,
,,,,,,,,,,,,,,,,,,,,,,,,,,,,,,,,,
,,,,,,,,,,,,,,,,,,,,,,,,,,,,,,,,,
,,,,,,,,,,,,,,,,,,,,,,,,,,,,,,,,,
,,,,,,,,,,,,,,,,,,,,,,,,,,,,,,,,,
,,,,,,,,,,,,,,,,,,,,,,,,,,,,,,,,,
,,,,,,,,,,,,,,,,,,,,,,,,,,,,,,,,,
,,,,,,,,,,,,,,,,,,,,,,,,,,,,,,,,,
,,,,,,,,,,,,,,,,,,,,,,,,,,,,,,,,,
,,,,,,,,,,,,,,,,,,,,,,,,,,,,,,,,,
,,,,,,,,,,,,,,,,,,,,,,,,,,,,,,,,,
,,,,,,,,,,,,,,,,,,,,,,,,,,,,,,,,,
,,,,,,,,,,,,,,,,,,,,,,,,,,,,,,,,,
,,,,,,,,,,,,,,,,,,,,,,,,,,,,,,,,,
,,,,,,,,,,,,,,,,,,,,,,,,,,,,,,,,,
,,,,,,,,,,,,,,,,,,,,,,,,,,,,,,,,,
,,,,,,,,,,,,,,,,,,,,,,,,,,,,,,,,,
,,,,,,,,,,,,,,,,,,,,,,,,,,,,,,,,,
,,,,,,,,,,,,,,,,,,,,,,,,,,,,,,,,,
,,,,,,,,,,,,,,,,,,,,,,,,,,,,,,,,,
,,,,,,,,,,,,,,,,,,,,,,,,,,,,,,,,,
,,,,,,,,,,,,,,,,,,,,,,,,,,,,,,,,,
,,,,,,,,,,,,,,,,,,,,,,,,,,,,,,,,,
,,,,,,,,,,,,,,,,,,,,,,,,,,,,,,,,,
,,,,,,,,,,,,,,,,,,,,,,,,,,,,,,,,,
,,,,,,,,,,,,,,,,,,,,,,,,,,,,,,,,,
,,,,,,,,,,,,,,,,,,,,,,,,,,,,,,,,,
,,,,,,,,,,,,,,,,,,,,,,,,,,,,,,,,,
,,,,,,,,,,,,,,,,,,,,,,,,,,,,,,,,,
,,,,,,,,,,,,,,,,,,,,,,,,,,,,,,,,,
,,,,,,,,,,,,,,,,,,,,,,,,,,,,,,,,,
,,,,,,,,,,,,,,,,,,,,,,,,,,,,,,,,,
,,,,,,,,,,,,,,,,,,,,,,,,,,,,,,,,,
,,,,,,,,,,,,,,,,,,,,,,,,,,,,,,,,,
,,,,,,,,,,,,,,,,,,,,,,,,,,,,,,,,,
,,,,,,,,,,,,,,,,,,,,,,,,,,,,,,,,,
,,,,,,,,,,,,,,,,,,,,,,,,,,,,,,,,,
,,,,,,,,,,,,,,,,,,,,,,,,,,,,,,,,,
,,,,,,,,,,,,,,,,,,,,,,,,,,,,,,,,,
,,,,,,,,,,,,,,,,,,,,,,,,,,,,,,,,,
,,,,,,,,,,,,,,,,,,,,,,,,,,,,,,,,,
,,,,,,,,,,,,,,,,,,,,,,,,,,,,,,,,,
,,,,,,,,,,,,,,,,,,,,,,,,,,,,,,,,,
,,,,,,,,,,,,,,,,,,,,,,,,,,,,,,,,,
,,,,,,,,,,,,,,,,,,,,,,,,,,,,,,,,,
,,,,,,,,,,,,,,,,,,,,,,,,,,,,,,,,,
,,,,,,,,,,,,,,,,,,,,,,,,,,,,,,,,,
,,,,,,,,,,,,,,,,,,,,,,,,,,,,,,,,,
,,,,,,,,,,,,,,,,,,,,,,,,,,,,,,,,,
,,,,,,,,,,,,,,,,,,,,,,,,,,,,,,,,,
,,,,,,,,,,,,,,,,,,,,,,,,,,,,,,,,,
,,,,,,,,,,,,,,,,,,,,,,,,,,,,,,,,,
,,,,,,,,,,,,,,,,,,,,,,,,,,,,,,,,,
,,,,,,,,,,,,,,,,,,,,,,,,,,,,,,,,,
,,,,,,,,,,,,,,,,,,,,,,,,,,,,,,,,,
,,,,,,,,,,,,,,,,,,,,,,,,,,,,,,,,,
,,,,,,,,,,,,,,,,,,,,,,,,,,,,,,,,,
,,,,,,,,,,,,,,,,,,,,,,,,,,,,,,,,,
,,,,,,,,,,,,,,,,,,,,,,,,,,,,,,,,,
,,,,,,,,,,,,,,,,,,,,,,,,,,,,,,,,,
,,,,,,,,,,,,,,,,,,,,,,,,,,,,,,,,,
,,,,,,,,,,,,,,,,,,,,,,,,,,,,,,,,,
,,,,,,,,,,,,,,,,,,,,,,,,,,,,,,,,,
,,,,,,,,,,,,,,,,,,,,,,,,,,,,,,,,,
,,,,,,,,,,,,,,,,,,,,,,,,,,,,,,,,,
,,,,,,,,,,,,,,,,,,,,,,,,,,,,,,,,,
,,,,,,,,,,,,,,,,,,,,,,,,,,,,,,,,,
,,,,,,,,,,,,,,,,,,,,,,,,,,,,,,,,,
,,,,,,,,,,,,,,,,,,,,,,,,,,,,,,,,,
,,,,,,,,,,,,,,,,,,,,,,,,,,,,,,,,,
,,,,,,,,,,,,,,,,,,,,,,,,,,,,,,,,,
,,,,,,,,,,,,,,,,,,,,,,,,,,,,,,,,,
,,,,,,,,,,,,,,,,,,,,,,,,,,,,,,,,,
,,,,,,,,,,,,,,,,,,,,,,,,,,,,,,,,,
,,,,,,,,,,,,,,,,,,,,,,,,,,,,,,,,,
,,,,,,,,,,,,,,,,,,,,,,,,,,,,,,,,,
,,,,,,,,,,,,,,,,,,,,,,,,,,,,,,,,,
,,,,,,,,,,,,,,,,,,,,,,,,,,,,,,,,,
,,,,,,,,,,,,,,,,,,,,,,,,,,,,,,,,,
,,,,,,,,,,,,,,,,,,,,,,,,,,,,,,,,,
,,,,,,,,,,,,,,,,,,,,,,,,,,,,,,,,,
,,,,,,,,,,,,,,,,,,,,,,,,,,,,,,,,,
,,,,,,,,,,,,,,,,,,,,,,,,,,,,,,,,,
,,,,,,,,,,,,,,,,,,,,,,,,,,,,,,,,,
,,,,,,,,,,,,,,,,,,,,,,,,,,,,,,,,,
,,,,,,,,,,,,,,,,,,,,,,,,,,,,,,,,,
,,,,,,,,,,,,,,,,,,,,,,,,,,,,,,,,,
,,,,,,,,,,,,,,,,,,,,,,,,,,,,,,,,,
,,,,,,,,,,,,,,,,,,,,,,,,,,,,,,,,,
,,,,,,,,,,,,,,,,,,,,,,,,,,,,,,,,,
,,,,,,,,,,,,,,,,,,,,,,,,,,,,,,,,,
,,,,,,,,,,,,,,,,,,,,,,,,,,,,,,,,,
,,,,,,,,,,,,,,,,,,,,,,,,,,,,,,,,,
,,,,,,,,,,,,,,,,,,,,,,,,,,,,,,,,,
,,,,,,,,,,,,,,,,,,,,,,,,,,,,,,,,,
,,,,,,,,,,,,,,,,,,,,,,,,,,,,,,,,,
,,,,,,,,,,,,,,,,,,,,,,,,,,,,,,,,,
,,,,,,,,,,,,,,,,,,,,,,,,,,,,,,,,,
,,,,,,,,,,,,,,,,,,,,,,,,,,,,,,,,,
,,,,,,,,,,,,,,,,,,,,,,,,,,,,,,,,,
,,,,,,,,,,,,,,,,,,,,,,,,,,,,,,,,,
,,,,,,,,,,,,,,,,,,,,,,,,,,,,,,,,,
,,,,,,,,,,,,,,,,,,,,,,,,,,,,,,,,,
,,,,,,,,,,,,,,,,,,,,,,,,,,,,,,,,,
,,,,,,,,,,,,,,,,,,,,,,,,,,,,,,,,,
,,,,,,,,,,,,,,,,,,,,,,,,,,,,,,,,,
,,,,,,,,,,,,,,,,,,,,,,,,,,,,,,,,,
,,,,,,,,,,,,,,,,,,,,,,,,,,,,,,,,,
,,,,,,,,,,,,,,,,,,,,,,,,,,,,,,,,,
,,,,,,,,,,,,,,,,,,,,,,,,,,,,,,,,,
,,,,,,,,,,,,,,,,,,,,,,,,,,,,,,,,,
,,,,,,,,,,,,,,,,,,,,,,,,,,,,,,,,,
,,,,,,,,,,,,,,,,,,,,,,,,,,,,,,,,,
,,,,,,,,,,,,,,,,,,,,,,,,,,,,,,,,,
,,,,,,,,,,,,,,,,,,,,,,,,,,,,,,,,,
,,,,,,,,,,,,,,,,,,,,,,,,,,,,,,,,,
,,,,,,,,,,,,,,,,,,,,,,,,,,,,,,,,,
,,,,,,,,,,,,,,,,,,,,,,,,,,,,,,,,,
,,,,,,,,,,,,,,,,,,,,,,,,,,,,,,,,,
,,,,,,,,,,,,,,,,,,,,,,,,,,,,,,,,,
,,,,,,,,,,,,,,,,,,,,,,,,,,,,,,,,,
,,,,,,,,,,,,,,,,,,,,,,,,,,,,,,,,,
,,,,,,,,,,,,,,,,,,,,,,,,,,,,,,,,,
,,,,,,,,,,,,,,,,,,,,,,,,,,,,,,,,,
,,,,,,,,,,,,,,,,,,,,,,,,,,,,,,,,,
,,,,,,,,,,,,,,,,,,,,,,,,,,,,,,,,,
,,,,,,,,,,,,,,,,,,,,,,,,,,,,,,,,,
,,,,,,,,,,,,,,,,,,,,,,,,,,,,,,,,,
,,,,,,,,,,,,,,,,,,,,,,,,,,,,,,,,,
,,,,,,,,,,,,,,,,,,,,,,,,,,,,,,,,,
,,,,,,,,,,,,,,,,,,,,,,,,,,,,,,,,,
,,,,,,,,,,,,,,,,,,,,,,,,,,,,,,,,,
,,,,,,,,,,,,,,,,,,,,,,,,,,,,,,,,,
,,,,,,,,,,,,,,,,,,,,,,,,,,,,,,,,,
,,,,,,,,,,,,,,,,,,,,,,,,,,,,,,,,,
,,,,,,,,,,,,,,,,,,,,,,,,,,,,,,,,,
,,,,,,,,,,,,,,,,,,,,,,,,,,,,,,,,,
,,,,,,,,,,,,,,,,,,,,,,,,,,,,,,,,,
,,,,,,,,,,,,,,,,,,,,,,,,,,,,,,,,,
,,,,,,,,,,,,,,,,,,,,,,,,,,,,,,,,,
,,,,,,,,,,,,,,,,,,,,,,,,,,,,,,,,,
,,,,,,,,,,,,,,,,,,,,,,,,,,,,,,,,,
,,,,,,,,,,,,,,,,,,,,,,,,,,,,,,,,,
,,,,,,,,,,,,,,,,,,,,,,,,,,,,,,,,,
,,,,,,,,,,,,,,,,,,,,,,,,,,,,,,,,,
,,,,,,,,,,,,,,,,,,,,,,,,,,,,,,,,,
,,,,,,,,,,,,,,,,,,,,,,,,,,,,,,,,,
,,,,,,,,,,,,,,,,,,,,,,,,,,,,,,,,,
,,,,,,,,,,,,,,,,,,,,,,,,,,,,,,,,,
,,,,,,,,,,,,,,,,,,,,,,,,,,,,,,,,,
,,,,,,,,,,,,,,,,,,,,,,,,,,,,,,,,,
,,,,,,,,,,,,,,,,,,,,,,,,,,,,,,,,,
,,,,,,,,,,,,,,,,,,,,,,,,,,,,,,,,,
,,,,,,,,,,,,,,,,,,,,,,,,,,,,,,,,,
,,,,,,,,,,,,,,,,,,,,,,,,,,,,,,,,,
,,,,,,,,,,,,,,,,,,,,,,,,,,,,,,,,,
,,,,,,,,,,,,,,,,,,,,,,,,,,,,,,,,,
,,,,,,,,,,,,,,,,,,,,,,,,,,,,,,,,,
,,,,,,,,,,,,,,,,,,,,,,,,,,,,,,,,,
,,,,,,,,,,,,,,,,,,,,,,,,,,,,,,,,,
,,,,,,,,,,,,,,,,,,,,,,,,,,,,,,,,,
,,,,,,,,,,,,,,,,,,,,,,,,,,,,,,,,,
,,,,,,,,,,,,,,,,,,,,,,,,,,,,,,,,,
,,,,,,,,,,,,,,,,,,,,,,,,,,,,,,,,,
,,,,,,,,,,,,,,,,,,,,,,,,,,,,,,,,,
,,,,,,,,,,,,,,,,,,,,,,,,,,,,,,,,,
,,,,,,,,,,,,,,,,,,,,,,,,,,,,,,,,,
,,,,,,,,,,,,,,,,,,,,,,,,,,,,,,,,,
,,,,,,,,,,,,,,,,,,,,,,,,,,,,,,,,,
,,,,,,,,,,,,,,,,,,,,,,,,,,,,,,,,,
,,,,,,,,,,,,,,,,,,,,,,,,,,,,,,,,,
,,,,,,,,,,,,,,,,,,,,,,,,,,,,,,,,,
,,,,,,,,,,,,,,,,,,,,,,,,,,,,,,,,,
,,,,,,,,,,,,,,,,,,,,,,,,,,,,,,,,,
,,,,,,,,,,,,,,,,,,,,,,,,,,,,,,,,,
,,,,,,,,,,,,,,,,,,,,,,,,,,,,,,,,,
,,,,,,,,,,,,,,,,,,,,,,,,,,,,,,,,,
,,,,,,,,,,,,,,,,,,,,,,,,,,,,,,,,,
,,,,,,,,,,,,,,,,,,,,,,,,,,,,,,,,,
,,,,,,,,,,,,,,,,,,,,,,,,,,,,,,,,,
,,,,,,,,,,,,,,,,,,,,,,,,,,,,,,,,,
,,,,,,,,,,,,,,,,,,,,,,,,,,,,,,,,,
,,,,,,,,,,,,,,,,,,,,,,,,,,,,,,,,,
,,,,,,,,,,,,,,,,,,,,,,,,,,,,,,,,,
,,,,,,,,,,,,,,,,,,,,,,,,,,,,,,,,,
,,,,,,,,,,,,,,,,,,,,,,,,,,,,,,,,,
,,,,,,,,,,,,,,,,,,,,,,,,,,,,,,,,,
,,,,,,,,,,,,,,,,,,,,,,,,,,,,,,,,,
,,,,,,,,,,,,,,,,,,,,,,,,,,,,,,,,,
,,,,,,,,,,,,,,,,,,,,,,,,,,,,,,,,,
,,,,,,,,,,,,,,,,,,,,,,,,,,,,,,,,,
,,,,,,,,,,,,,,,,,,,,,,,,,,,,,,,,,
,,,,,,,,,,,,,,,,,,,,,,,,,,,,,,,,,
,,,,,,,,,,,,,,,,,,,,,,,,,,,,,,,,,
,,,,,,,,,,,,,,,,,,,,,,,,,,,,,,,,,
,,,,,,,,,,,,,,,,,,,,,,,,,,,,,,,,,
,,,,,,,,,,,,,,,,,,,,,,,,,,,,,,,,,
,,,,,,,,,,,,,,,,,,,,,,,,,,,,,,,,,
,,,,,,,,,,,,,,,,,,,,,,,,,,,,,,,,,
,,,,,,,,,,,,,,,,,,,,,,,,,,,,,,,,,
,,,,,,,,,,,,,,,,,,,,,,,,,,,,,,,,,
,,,,,,,,,,,,,,,,,,,,,,,,,,,,,,,,,
,,,,,,,,,,,,,,,,,,,,,,,,,,,,,,,,,
,,,,,,,,,,,,,,,,,,,,,,,,,,,,,,,,,
,,,,,,,,,,,,,,,,,,,,,,,,,,,,,,,,,
,,,,,,,,,,,,,,,,,,,,,,,,,,,,,,,,,
,,,,,,,,,,,,,,,,,,,,,,,,,,,,,,,,,
,,,,,,,,,,,,,,,,,,,,,,,,,,,,,,,,,
,,,,,,,,,,,,,,,,,,,,,,,,,,,,,,,,,
,,,,,,,,,,,,,,,,,,,,,,,,,,,,,,,,,
,,,,,,,,,,,,,,,,,,,,,,,,,,,,,,,,,
,,,,,,,,,,,,,,,,,,,,,,,,,,,,,,,,,
,,,,,,,,,,,,,,,,,,,,,,,,,,,,,,,,,
,,,,,,,,,,,,,,,,,,,,,,,,,,,,,,,,,
,,,,,,,,,,,,,,,,,,,,,,,,,,,,,,,,,
,,,,,,,,,,,,,,,,,,,,,,,,,,,,,,,,,
,,,,,,,,,,,,,,,,,,,,,,,,,,,,,,,,,
,,,,,,,,,,,,,,,,,,,,,,,,,,,,,,,,,
,,,,,,,,,,,,,,,,,,,,,,,,,,,,,,,,,
,,,,,,,,,,,,,,,,,,,,,,,,,,,,,,,,,
,,,,,,,,,,,,,,,,,,,,,,,,,,,,,,,,,
,,,,,,,,,,,,,,,,,,,,,,,,,,,,,,,,,
,,,,,,,,,,,,,,,,,,,,,,,,,,,,,,,,,
,,,,,,,,,,,,,,,,,,,,,,,,,,,,,,,,,
,,,,,,,,,,,,,,,,,,,,,,,,,,,,,,,,,
,,,,,,,,,,,,,,,,,,,,,,,,,,,,,,,,,
,,,,,,,,,,,,,,,,,,,,,,,,,,,,,,,,,
,,,,,,,,,,,,,,,,,,,,,,,,,,,,,,,,,
,,,,,,,,,,,,,,,,,,,,,,,,,,,,,,,,,
,,,,,,,,,,,,,,,,,,,,,,,,,,,,,,,,,
,,,,,,,,,,,,,,,,,,,,,,,,,,,,,,,,,
,,,,,,,,,,,,,,,,,,,,,,,,,,,,,,,,,
,,,,,,,,,,,,,,,,,,,,,,,,,,,,,,,,,
,,,,,,,,,,,,,,,,,,,,,,,,,,,,,,,,,
,,,,,,,,,,,,,,,,,,,,,,,,,,,,,,,,,
,,,,,,,,,,,,,,,,,,,,,,,,,,,,,,,,,
,,,,,,,,,,,,,,,,,,,,,,,,,,,,,,,,,
,,,,,,,,,,,,,,,,,,,,,,,,,,,,,,,,,
,,,,,,,,,,,,,,,,,,,,,,,,,,,,,,,,,
,,,,,,,,,,,,,,,,,,,,,,,,,,,,,,,,,
,,,,,,,,,,,,,,,,,,,,,,,,,,,,,,,,,
,,,,,,,,,,,,,,,,,,,,,,,,,,,,,,,,,
,,,,,,,,,,,,,,,,,,,,,,,,,,,,,,,,,
,,,,,,,,,,,,,,,,,,,,,,,,,,,,,,,,,
,,,,,,,,,,,,,,,,,,,,,,,,,,,,,,,,,
,,,,,,,,,,,,,,,,,,,,,,,,,,,,,,,,,
,,,,,,,,,,,,,,,,,,,,,,,,,,,,,,,,,
,,,,,,,,,,,,,,,,,,,,,,,,,,,,,,,,,
,,,,,,,,,,,,,,,,,,,,,,,,,,,,,,,,,
,,,,,,,,,,,,,,,,,,,,,,,,,,,,,,,,,
,,,,,,,,,,,,,,,,,,,,,,,,,,,,,,,,,
,,,,,,,,,,,,,,,,,,,,,,,,,,,,,,,,,
,,,,,,,,,,,,,,,,,,,,,,,,,,,,,,,,,
,,,,,,,,,,,,,,,,,,,,,,,,,,,,,,,,,
,,,,,,,,,,,,,,,,,,,,,,,,,,,,,,,,,
,,,,,,,,,,,,,,,,,,,,,,,,,,,,,,,,,
,,,,,,,,,,,,,,,,,,,,,,,,,,,,,,,,,
,,,,,,,,,,,,,,,,,,,,,,,,,,,,,,,,,
,,,,,,,,,,,,,,,,,,,,,,,,,,,,,,,,,
,,,,,,,,,,,,,,,,,,,,,,,,,,,,,,,,,
,,,,,,,,,,,,,,,,,,,,,,,,,,,,,,,,,
,,,,,,,,,,,,,,,,,,,,,,,,,,,,,,,,,
,,,,,,,,,,,,,,,,,,,,,,,,,,,,,,,,,
,,,,,,,,,,,,,,,,,,,,,,,,,,,,,,,,,
,,,,,,,,,,,,,,,,,,,,,,,,,,,,,,,,,
,,,,,,,,,,,,,,,,,,,,,,,,,,,,,,,,,
,,,,,,,,,,,,,,,,,,,,,,,,,,,,,,,,,
,,,,,,,,,,,,,,,,,,,,,,,,,,,,,,,,,
,,,,,,,,,,,,,,,,,,,,,,,,,,,,,,,,,
,,,,,,,,,,,,,,,,,,,,,,,,,,,,,,,,,
,,,,,,,,,,,,,,,,,,,,,,,,,,,,,,,,,
,,,,,,,,,,,,,,,,,,,,,,,,,,,,,,,,,
,,,,,,,,,,,,,,,,,,,,,,,,,,,,,,,,,
,,,,,,,,,,,,,,,,,,,,,,,,,,,,,,,,,
,,,,,,,,,,,,,,,,,,,,,,,,,,,,,,,,,
,,,,,,,,,,,,,,,,,,,,,,,,,,,,,,,,,
,,,,,,,,,,,,,,,,,,,,,,,,,,,,,,,,,
,,,,,,,,,,,,,,,,,,,,,,,,,,,,,,,,,
,,,,,,,,,,,,,,,,,,,,,,,,,,,,,,,,,
,,,,,,,,,,,,,,,,,,,,,,,,,,,,,,,,,
,,,,,,,,,,,,,,,,,,,,,,,,,,,,,,,,,
,,,,,,,,,,,,,,,,,,,,,,,,,,,,,,,,,
,,,,,,,,,,,,,,,,,,,,,,,,,,,,,,,,,
,,,,,,,,,,,,,,,,,,,,,,,,,,,,,,,,,
,,,,,,,,,,,,,,,,,,,,,,,,,,,,,,,,,
,,,,,,,,,,,,,,,,,,,,,,,,,,,,,,,,,
,,,,,,,,,,,,,,,,,,,,,,,,,,,,,,,,,
,,,,,,,,,,,,,,,,,,,,,,,,,,,,,,,,,
,,,,,,,,,,,,,,,,,,,,,,,,,,,,,,,,,
,,,,,,,,,,,,,,,,,,,,,,,,,,,,,,,,,
,,,,,,,,,,,,,,,,,,,,,,,,,,,,,,,,,
,,,,,,,,,,,,,,,,,,,,,,,,,,,,,,,,,
,,,,,,,,,,,,,,,,,,,,,,,,,,,,,,,,,
,,,,,,,,,,,,,,,,,,,,,,,,,,,,,,,,,
,,,,,,,,,,,,,,,,,,,,,,,,,,,,,,,,,
,,,,,,,,,,,,,,,,,,,,,,,,,,,,,,,,,
,,,,,,,,,,,,,,,,,,,,,,,,,,,,,,,,,
,,,,,,,,,,,,,,,,,,,,,,,,,,,,,,,,,
,,,,,,,,,,,,,,,,,,,,,,,,,,,,,,,,,
,,,,,,,,,,,,,,,,,,,,,,,,,,,,,,,,,
,,,,,,,,,,,,,,,,,,,,,,,,,,,,,,,,,
,,,,,,,,,,,,,,,,,,,,,,,,,,,,,,,,,
,,,,,,,,,,,,,,,,,,,,,,,,,,,,,,,,,
,,,,,,,,,,,,,,,,,,,,,,,,,,,,,,,,,
,,,,,,,,,,,,,,,,,,,,,,,,,,,,,,,,,
,,,,,,,,,,,,,,,,,,,,,,,,,,,,,,,,,
,,,,,,,,,,,,,,,,,,,,,,,,,,,,,,,,,
,,,,,,,,,,,,,,,,,,,,,,,,,,,,,,,,,
,,,,,,,,,,,,,,,,,,,,,,,,,,,,,,,,,
,,,,,,,,,,,,,,,,,,,,,,,,,,,,,,,,,
,,,,,,,,,,,,,,,,,,,,,,,,,,,,,,,,,
,,,,,,,,,,,,,,,,,,,,,,,,,,,,,,,,,
,,,,,,,,,,,,,,,,,,,,,,,,,,,,,,,,,
,,,,,,,,,,,,,,,,,,,,,,,,,,,,,,,,,
,,,,,,,,,,,,,,,,,,,,,,,,,,,,,,,,,
,,,,,,,,,,,,,,,,,,,,,,,,,,,,,,,,,
,,,,,,,,,,,,,,,,,,,,,,,,,,,,,,,,,
,,,,,,,,,,,,,,,,,,,,,,,,,,,,,,,,,
,,,,,,,,,,,,,,,,,,,,,,,,,,,,,,,,,
,,,,,,,,,,,,,,,,,,,,,,,,,,,,,,,,,
,,,,,,,,,,,,,,,,,,,,,,,,,,,,,,,,,
,,,,,,,,,,,,,,,,,,,,,,,,,,,,,,,,,
,,,,,,,,,,,,,,,,,,,,,,,,,,,,,,,,,
,,,,,,,,,,,,,,,,,,,,,,,,,,,,,,,,,
,,,,,,,,,,,,,,,,,,,,,,,,,,,,,,,,,
,,,,,,,,,,,,,,,,,,,,,,,,,,,,,,,,,
,,,,,,,,,,,,,,,,,,,,,,,,,,,,,,,,,
,,,,,,,,,,,,,,,,,,,,,,,,,,,,,,,,,
,,,,,,,,,,,,,,,,,,,,,,,,,,,,,,,,,
,,,,,,,,,,,,,,,,,,,,,,,,,,,,,,,,,
,,,,,,,,,,,,,,,,,,,,,,,,,,,,,,,,,
,,,,,,,,,,,,,,,,,,,,,,,,,,,,,,,,,
,,,,,,,,,,,,,,,,,,,,,,,,,,,,,,,,,
,,,,,,,,,,,,,,,,,,,,,,,,,,,,,,,,,
,,,,,,,,,,,,,,,,,,,,,,,,,,,,,,,,,
,,,,,,,,,,,,,,,,,,,,,,,,,,,,,,,,,
,,,,,,,,,,,,,,,,,,,,,,,,,,,,,,,,,
,,,,,,,,,,,,,,,,,,,,,,,,,,,,,,,,,
,,,,,,,,,,,,,,,,,,,,,,,,,,,,,,,,,
,,,,,,,,,,,,,,,,,,,,,,,,,,,,,,,,,
,,,,,,,,,,,,,,,,,,,,,,,,,,,,,,,,,
,,,,,,,,,,,,,,,,,,,,,,,,,,,,,,,,,
,,,,,,,,,,,,,,,,,,,,,,,,,,,,,,,,,
,,,,,,,,,,,,,,,,,,,,,,,,,,,,,,,,,
,,,,,,,,,,,,,,,,,,,,,,,,,,,,,,,,,
,,,,,,,,,,,,,,,,,,,,,,,,,,,,,,,,,
,,,,,,,,,,,,,,,,,,,,,,,,,,,,,,,,,
,,,,,,,,,,,,,,,,,,,,,,,,,,,,,,,,,
,,,,,,,,,,,,,,,,,,,,,,,,,,,,,,,,,
,,,,,,,,,,,,,,,,,,,,,,,,,,,,,,,,,
,,,,,,,,,,,,,,,,,,,,,,,,,,,,,,,,,
,,,,,,,,,,,,,,,,,,,,,,,,,,,,,,,,,
,,,,,,,,,,,,,,,,,,,,,,,,,,,,,,,,,
,,,,,,,,,,,,,,,,,,,,,,,,,,,,,,,,,
,,,,,,,,,,,,,,,,,,,,,,,,,,,,,,,,,
,,,,,,,,,,,,,,,,,,,,,,,,,,,,,,,,,
,,,,,,,,,,,,,,,,,,,,,,,,,,,,,,,,,
,,,,,,,,,,,,,,,,,,,,,,,,,,,,,,,,,
,,,,,,,,,,,,,,,,,,,,,,,,,,,,,,,,,
,,,,,,,,,,,,,,,,,,,,,,,,,,,,,,,,,
,,,,,,,,,,,,,,,,,,,,,,,,,,,,,,,,,
,,,,,,,,,,,,,,,,,,,,,,,,,,,,,,,,,
,,,,,,,,,,,,,,,,,,,,,,,,,,,,,,,,,
,,,,,,,,,,,,,,,,,,,,,,,,,,,,,,,,,
,,,,,,,,,,,,,,,,,,,,,,,,,,,,,,,,,
,,,,,,,,,,,,,,,,,,,,,,,,,,,,,,,,,
,,,,,,,,,,,,,,,,,,,,,,,,,,,,,,,,,
,,,,,,,,,,,,,,,,,,,,,,,,,,,,,,,,,
,,,,,,,,,,,,,,,,,,,,,,,,,,,,,,,,,
,,,,,,,,,,,,,,,,,,,,,,,,,,,,,,,,,
,,,,,,,,,,,,,,,,,,,,,,,,,,,,,,,,,
,,,,,,,,,,,,,,,,,,,,,,,,,,,,,,,,,
,,,,,,,,,,,,,,,,,,,,,,,,,,,,,,,,,
,,,,,,,,,,,,,,,,,,,,,,,,,,,,,,,,,
,,,,,,,,,,,,,,,,,,,,,,,,,,,,,,,,,
,,,,,,,,,,,,,,,,,,,,,,,,,,,,,,,,,
,,,,,,,,,,,,,,,,,,,,,,,,,,,,,,,,,
,,,,,,,,,,,,,,,,,,,,,,,,,,,,,,,,,
,,,,,,,,,,,,,,,,,,,,,,,,,,,,,,,,,
,,,,,,,,,,,,,,,,,,,,,,,,,,,,,,,,,
,,,,,,,,,,,,,,,,,,,,,,,,,,,,,,,,,
,,,,,,,,,,,,,,,,,,,,,,,,,,,,,,,,,
,,,,,,,,,,,,,,,,,,,,,,,,,,,,,,,,,
,,,,,,,,,,,,,,,,,,,,,,,,,,,,,,,,,
,,,,,,,,,,,,,,,,,,,,,,,,,,,,,,,,,
,,,,,,,,,,,,,,,,,,,,,,,,,,,,,,,,,
,,,,,,,,,,,,,,,,,,,,,,,,,,,,,,,,,
,,,,,,,,,,,,,,,,,,,,,,,,,,,,,,,,,
,,,,,,,,,,,,,,,,,,,,,,,,,,,,,,,,,
,,,,,,,,,,,,,,,,,,,,,,,,,,,,,,,,,
,,,,,,,,,,,,,,,,,,,,,,,,,,,,,,,,,
,,,,,,,,,,,,,,,,,,,,,,,,,,,,,,,,,
,,,,,,,,,,,,,,,,,,,,,,,,,,,,,,,,,
,,,,,,,,,,,,,,,,,,,,,,,,,,,,,,,,,
,,,,,,,,,,,,,,,,,,,,,,,,,,,,,,,,,
,,,,,,,,,,,,,,,,,,,,,,,,,,,,,,,,,
,,,,,,,,,,,,,,,,,,,,,,,,,,,,,,,,,
,,,,,,,,,,,,,,,,,,,,,,,,,,,,,,,,,
,,,,,,,,,,,,,,,,,,,,,,,,,,,,,,,,,
,,,,,,,,,,,,,,,,,,,,,,,,,,,,,,,,,
,,,,,,,,,,,,,,,,,,,,,,,,,,,,,,,,,
,,,,,,,,,,,,,,,,,,,,,,,,,,,,,,,,,
,,,,,,,,,,,,,,,,,,,,,,,,,,,,,,,,,
,,,,,,,,,,,,,,,,,,,,,,,,,,,,,,,,,
,,,,,,,,,,,,,,,,,,,,,,,,,,,,,,,,,
,,,,,,,,,,,,,,,,,,,,,,,,,,,,,,,,,
,,,,,,,,,,,,,,,,,,,,,,,,,,,,,,,,,
,,,,,,,,,,,,,,,,,,,,,,,,,,,,,,,,,
,,,,,,,,,,,,,,,,,,,,,,,,,,,,,,,,,
,,,,,,,,,,,,,,,,,,,,,,,,,,,,,,,,,
,,,,,,,,,,,,,,,,,,,,,,,,,,,,,,,,,
,,,,,,,,,,,,,,,,,,,,,,,,,,,,,,,,,
,,,,,,,,,,,,,,,,,,,,,,,,,,,,,,,,,
,,,,,,,,,,,,,,,,,,,,,,,,,,,,,,,,,
,,,,,,,,,,,,,,,,,,,,,,,,,,,,,,,,,
,,,,,,,,,,,,,,,,,,,,,,,,,,,,,,,,,
,,,,,,,,,,,,,,,,,,,,,,,,,,,,,,,,,
,,,,,,,,,,,,,,,,,,,,,,,,,,,,,,,,,
,,,,,,,,,,,,,,,,,,,,,,,,,,,,,,,,,
,,,,,,,,,,,,,,,,,,,,,,,,,,,,,,,,,
,,,,,,,,,,,,,,,,,,,,,,,,,,,,,,,,,
,,,,,,,,,,,,,,,,,,,,,,,,,,,,,,,,,
,,,,,,,,,,,,,,,,,,,,,,,,,,,,,,,,,
,,,,,,,,,,,,,,,,,,,,,,,,,,,,,,,,,
,,,,,,,,,,,,,,,,,,,,,,,,,,,,,,,,,
,,,,,,,,,,,,,,,,,,,,,,,,,,,,,,,,,
,,,,,,,,,,,,,,,,,,,,,,,,,,,,,,,,,
,,,,,,,,,,,,,,,,,,,,,,,,,,,,,,,,,
,,,,,,,,,,,,,,,,,,,,,,,,,,,,,,,,,
,,,,,,,,,,,,,,,,,,,,,,,,,,,,,,,,,
,,,,,,,,,,,,,,,,,,,,,,,,,,,,,,,,,
,,,,,,,,,,,,,,,,,,,,,,,,,,,,,,,,,
,,,,,,,,,,,,,,,,,,,,,,,,,,,,,,,,,
,,,,,,,,,,,,,,,,,,,,,,,,,,,,,,,,,
,,,,,,,,,,,,,,,,,,,,,,,,,,,,,,,,,
,,,,,,,,,,,,,,,,,,,,,,,,,,,,,,,,,
,,,,,,,,,,,,,,,,,,,,,,,,,,,,,,,,,
,,,,,,,,,,,,,,,,,,,,,,,,,,,,,,,,,
,,,,,,,,,,,,,,,,,,,,,,,,,,,,,,,,,
,,,,,,,,,,,,,,,,,,,,,,,,,,,,,,,,,
,,,,,,,,,,,,,,,,,,,,,,,,,,,,,,,,,
,,,,,,,,,,,,,,,,,,,,,,,,,,,,,,,,,
,,,,,,,,,,,,,,,,,,,,,,,,,,,,,,,,,
,,,,,,,,,,,,,,,,,,,,,,,,,,,,,,,,,
,,,,,,,,,,,,,,,,,,,,,,,,,,,,,,,,,
,,,,,,,,,,,,,,,,,,,,,,,,,,,,,,,,,
,,,,,,,,,,,,,,,,,,,,,,,,,,,,,,,,,
,,,,,,,,,,,,,,,,,,,,,,,,,,,,,,,,,
